,region,region name,year,symbol,label,unit,value
0,AL,Albania,1990,typ,metabolic typology,no unit,DSG
1,AL,Albania,1990,urb_typ,urban typology,no unit,
2,AL,Albania,1991,typ,metabolic typology,no unit,DSG
3,AL,Albania,1991,urb_typ,urban typology,no unit,
4,AL,Albania,1992,typ,metabolic typology,no unit,DSG
5,AL,Albania,1992,urb_typ,urban typology,no unit,
6,AL,Albania,1993,typ,metabolic typology,no unit,DSG
7,AL,Albania,1993,urb_typ,urban typology,no unit,
8,AL,Albania,1994,typ,metabolic typology,no unit,LVK
9,AL,Albania,1994,urb_typ,urban typology,no unit,
10,AL,Albania,1995,typ,metabolic typology,no unit,LVK
11,AL,Albania,1995,urb_typ,urban typology,no unit,
12,AL,Albania,1996,typ,metabolic typology,no unit,LVK
13,AL,Albania,1996,urb_typ,urban typology,no unit,
14,AL,Albania,1997,typ,metabolic typology,no unit,LVK
15,AL,Albania,1997,urb_typ,urban typology,no unit,
16,AL,Albania,1998,typ,metabolic typology,no unit,DSG
17,AL,Albania,1998,urb_typ,urban typology,no unit,
18,AL,Albania,1999,typ,metabolic typology,no unit,DSG
19,AL,Albania,1999,urb_typ,urban typology,no unit,
20,AL,Albania,2000,typ,metabolic typology,no unit,LVK
21,AL,Albania,2000,urb_typ,urban typology,no unit,
22,AL,Albania,2001,typ,metabolic typology,no unit,DSG
23,AL,Albania,2001,urb_typ,urban typology,no unit,
24,AL,Albania,2002,typ,metabolic typology,no unit,DSG
25,AL,Albania,2002,urb_typ,urban typology,no unit,
26,AL,Albania,2003,typ,metabolic typology,no unit,DSG
27,AL,Albania,2003,urb_typ,urban typology,no unit,
28,AL,Albania,2004,typ,metabolic typology,no unit,DSG
29,AL,Albania,2004,urb_typ,urban typology,no unit,
30,AL,Albania,2005,typ,metabolic typology,no unit,DSG
31,AL,Albania,2005,urb_typ,urban typology,no unit,
32,AL,Albania,2006,typ,metabolic typology,no unit,DSG
33,AL,Albania,2006,urb_typ,urban typology,no unit,
34,AL,Albania,2007,typ,metabolic typology,no unit,DSG
35,AL,Albania,2007,urb_typ,urban typology,no unit,
36,AL,Albania,2008,typ,metabolic typology,no unit,DSG
37,AL,Albania,2008,urb_typ,urban typology,no unit,
38,AL,Albania,2009,typ,metabolic typology,no unit,DSG
39,AL,Albania,2009,urb_typ,urban typology,no unit,
40,AL,Albania,2010,typ,metabolic typology,no unit,DSG
41,AL,Albania,2010,urb_typ,urban typology,no unit,
42,AL,Albania,2011,typ,metabolic typology,no unit,DSG
43,AL,Albania,2011,urb_typ,urban typology,no unit,
44,AL,Albania,2012,typ,metabolic typology,no unit,DSG
45,AL,Albania,2012,urb_typ,urban typology,no unit,
46,AL,Albania,2013,typ,metabolic typology,no unit,DSG
47,AL,Albania,2013,urb_typ,urban typology,no unit,
48,AL,Albania,2014,typ,metabolic typology,no unit,DSG
49,AL,Albania,2014,urb_typ,urban typology,no unit,
50,AL,Albania,2015,typ,metabolic typology,no unit,DSG
51,AL,Albania,2015,urb_typ,urban typology,no unit,
52,AL,Albania,2016,typ,metabolic typology,no unit,DSG
53,AL,Albania,2016,urb_typ,urban typology,no unit,
54,AL,Albania,2017,typ,metabolic typology,no unit,DSG
55,AL,Albania,2017,urb_typ,urban typology,no unit,
56,AL,Albania,2018,typ,metabolic typology,no unit,DSG
57,AL,Albania,2018,urb_typ,urban typology,no unit,
58,AL,Albania,2019,typ,metabolic typology,no unit,DSG
59,AL,Albania,2019,urb_typ,urban typology,no unit,
60,AT1,East Austria,1990,typ,metabolic typology,no unit,DSG
61,AT1,East Austria,1990,urb_typ,urban typology,no unit,
62,AT1,East Austria,1991,typ,metabolic typology,no unit,DSG
63,AT1,East Austria,1991,urb_typ,urban typology,no unit,
64,AT1,East Austria,1992,typ,metabolic typology,no unit,DSG
65,AT1,East Austria,1992,urb_typ,urban typology,no unit,
66,AT1,East Austria,1993,typ,metabolic typology,no unit,DSG
67,AT1,East Austria,1993,urb_typ,urban typology,no unit,
68,AT1,East Austria,1994,typ,metabolic typology,no unit,DSG
69,AT1,East Austria,1994,urb_typ,urban typology,no unit,
70,AT1,East Austria,1995,typ,metabolic typology,no unit,DSG
71,AT1,East Austria,1995,urb_typ,urban typology,no unit,
72,AT1,East Austria,1996,typ,metabolic typology,no unit,DSG
73,AT1,East Austria,1996,urb_typ,urban typology,no unit,
74,AT1,East Austria,1997,typ,metabolic typology,no unit,DSG
75,AT1,East Austria,1997,urb_typ,urban typology,no unit,
76,AT1,East Austria,1998,typ,metabolic typology,no unit,DSG
77,AT1,East Austria,1998,urb_typ,urban typology,no unit,
78,AT1,East Austria,1999,typ,metabolic typology,no unit,DSG
79,AT1,East Austria,1999,urb_typ,urban typology,no unit,
80,AT1,East Austria,2000,typ,metabolic typology,no unit,DSG
81,AT1,East Austria,2000,urb_typ,urban typology,no unit,
82,AT1,East Austria,2001,typ,metabolic typology,no unit,DSG
83,AT1,East Austria,2001,urb_typ,urban typology,no unit,
84,AT1,East Austria,2002,typ,metabolic typology,no unit,DSG
85,AT1,East Austria,2002,urb_typ,urban typology,no unit,
86,AT1,East Austria,2003,typ,metabolic typology,no unit,DSG
87,AT1,East Austria,2003,urb_typ,urban typology,no unit,
88,AT1,East Austria,2004,typ,metabolic typology,no unit,SCS
89,AT1,East Austria,2004,urb_typ,urban typology,no unit,
90,AT1,East Austria,2005,typ,metabolic typology,no unit,DSG
91,AT1,East Austria,2005,urb_typ,urban typology,no unit,
92,AT1,East Austria,2006,typ,metabolic typology,no unit,DSG
93,AT1,East Austria,2006,urb_typ,urban typology,no unit,
94,AT1,East Austria,2007,typ,metabolic typology,no unit,DSG
95,AT1,East Austria,2007,urb_typ,urban typology,no unit,
96,AT1,East Austria,2008,typ,metabolic typology,no unit,SCS
97,AT1,East Austria,2008,urb_typ,urban typology,no unit,
98,AT1,East Austria,2009,typ,metabolic typology,no unit,DSG
99,AT1,East Austria,2009,urb_typ,urban typology,no unit,
100,AT1,East Austria,2010,typ,metabolic typology,no unit,DSG
101,AT1,East Austria,2010,urb_typ,urban typology,no unit,
102,AT1,East Austria,2011,typ,metabolic typology,no unit,SCS
103,AT1,East Austria,2011,urb_typ,urban typology,no unit,
104,AT1,East Austria,2012,typ,metabolic typology,no unit,DSG
105,AT1,East Austria,2012,urb_typ,urban typology,no unit,
106,AT1,East Austria,2013,typ,metabolic typology,no unit,DSG
107,AT1,East Austria,2013,urb_typ,urban typology,no unit,
108,AT1,East Austria,2014,typ,metabolic typology,no unit,SCS
109,AT1,East Austria,2014,urb_typ,urban typology,no unit,
110,AT1,East Austria,2015,typ,metabolic typology,no unit,DSG
111,AT1,East Austria,2015,urb_typ,urban typology,no unit,
112,AT1,East Austria,2016,typ,metabolic typology,no unit,SCS
113,AT1,East Austria,2016,urb_typ,urban typology,no unit,
114,AT1,East Austria,2017,typ,metabolic typology,no unit,DSG
115,AT1,East Austria,2017,urb_typ,urban typology,no unit,
116,AT1,East Austria,2018,typ,metabolic typology,no unit,DSG
117,AT1,East Austria,2018,urb_typ,urban typology,no unit,
118,AT1,East Austria,2019,typ,metabolic typology,no unit,SCS
119,AT1,East Austria,2019,urb_typ,urban typology,no unit,
120,AT2,Sud Austria,1990,typ,metabolic typology,no unit,DSG
121,AT2,Sud Austria,1990,urb_typ,urban typology,no unit,
122,AT2,Sud Austria,1991,typ,metabolic typology,no unit,DSG
123,AT2,Sud Austria,1991,urb_typ,urban typology,no unit,
124,AT2,Sud Austria,1992,typ,metabolic typology,no unit,DSG
125,AT2,Sud Austria,1992,urb_typ,urban typology,no unit,
126,AT2,Sud Austria,1993,typ,metabolic typology,no unit,DSG
127,AT2,Sud Austria,1993,urb_typ,urban typology,no unit,
128,AT2,Sud Austria,1994,typ,metabolic typology,no unit,DSG
129,AT2,Sud Austria,1994,urb_typ,urban typology,no unit,
130,AT2,Sud Austria,1995,typ,metabolic typology,no unit,DSG
131,AT2,Sud Austria,1995,urb_typ,urban typology,no unit,
132,AT2,Sud Austria,1996,typ,metabolic typology,no unit,DSG
133,AT2,Sud Austria,1996,urb_typ,urban typology,no unit,
134,AT2,Sud Austria,1997,typ,metabolic typology,no unit,DSG
135,AT2,Sud Austria,1997,urb_typ,urban typology,no unit,
136,AT2,Sud Austria,1998,typ,metabolic typology,no unit,DSG
137,AT2,Sud Austria,1998,urb_typ,urban typology,no unit,
138,AT2,Sud Austria,1999,typ,metabolic typology,no unit,DSG
139,AT2,Sud Austria,1999,urb_typ,urban typology,no unit,
140,AT2,Sud Austria,2000,typ,metabolic typology,no unit,MXG
141,AT2,Sud Austria,2000,urb_typ,urban typology,no unit,
142,AT2,Sud Austria,2001,typ,metabolic typology,no unit,MXG
143,AT2,Sud Austria,2001,urb_typ,urban typology,no unit,
144,AT2,Sud Austria,2002,typ,metabolic typology,no unit,MXG
145,AT2,Sud Austria,2002,urb_typ,urban typology,no unit,
146,AT2,Sud Austria,2003,typ,metabolic typology,no unit,MXG
147,AT2,Sud Austria,2003,urb_typ,urban typology,no unit,
148,AT2,Sud Austria,2004,typ,metabolic typology,no unit,MXG
149,AT2,Sud Austria,2004,urb_typ,urban typology,no unit,
150,AT2,Sud Austria,2005,typ,metabolic typology,no unit,MXG
151,AT2,Sud Austria,2005,urb_typ,urban typology,no unit,
152,AT2,Sud Austria,2006,typ,metabolic typology,no unit,DSG
153,AT2,Sud Austria,2006,urb_typ,urban typology,no unit,
154,AT2,Sud Austria,2007,typ,metabolic typology,no unit,DSG
155,AT2,Sud Austria,2007,urb_typ,urban typology,no unit,
156,AT2,Sud Austria,2008,typ,metabolic typology,no unit,DSG
157,AT2,Sud Austria,2008,urb_typ,urban typology,no unit,
158,AT2,Sud Austria,2009,typ,metabolic typology,no unit,DSG
159,AT2,Sud Austria,2009,urb_typ,urban typology,no unit,
160,AT2,Sud Austria,2010,typ,metabolic typology,no unit,DSG
161,AT2,Sud Austria,2010,urb_typ,urban typology,no unit,
162,AT2,Sud Austria,2011,typ,metabolic typology,no unit,DSG
163,AT2,Sud Austria,2011,urb_typ,urban typology,no unit,
164,AT2,Sud Austria,2012,typ,metabolic typology,no unit,DSG
165,AT2,Sud Austria,2012,urb_typ,urban typology,no unit,
166,AT2,Sud Austria,2013,typ,metabolic typology,no unit,DSG
167,AT2,Sud Austria,2013,urb_typ,urban typology,no unit,
168,AT2,Sud Austria,2014,typ,metabolic typology,no unit,DSG
169,AT2,Sud Austria,2014,urb_typ,urban typology,no unit,
170,AT2,Sud Austria,2015,typ,metabolic typology,no unit,DSG
171,AT2,Sud Austria,2015,urb_typ,urban typology,no unit,
172,AT2,Sud Austria,2016,typ,metabolic typology,no unit,DSG
173,AT2,Sud Austria,2016,urb_typ,urban typology,no unit,
174,AT2,Sud Austria,2017,typ,metabolic typology,no unit,DSG
175,AT2,Sud Austria,2017,urb_typ,urban typology,no unit,
176,AT2,Sud Austria,2018,typ,metabolic typology,no unit,DSG
177,AT2,Sud Austria,2018,urb_typ,urban typology,no unit,
178,AT2,Sud Austria,2019,typ,metabolic typology,no unit,DSG
179,AT2,Sud Austria,2019,urb_typ,urban typology,no unit,
180,AT3,West Austria,1990,typ,metabolic typology,no unit,MXG
181,AT3,West Austria,1990,urb_typ,urban typology,no unit,
182,AT3,West Austria,1991,typ,metabolic typology,no unit,MXG
183,AT3,West Austria,1991,urb_typ,urban typology,no unit,
184,AT3,West Austria,1992,typ,metabolic typology,no unit,MXG
185,AT3,West Austria,1992,urb_typ,urban typology,no unit,
186,AT3,West Austria,1993,typ,metabolic typology,no unit,MXG
187,AT3,West Austria,1993,urb_typ,urban typology,no unit,
188,AT3,West Austria,1994,typ,metabolic typology,no unit,MXG
189,AT3,West Austria,1994,urb_typ,urban typology,no unit,
190,AT3,West Austria,1995,typ,metabolic typology,no unit,MXG
191,AT3,West Austria,1995,urb_typ,urban typology,no unit,
192,AT3,West Austria,1996,typ,metabolic typology,no unit,MXG
193,AT3,West Austria,1996,urb_typ,urban typology,no unit,
194,AT3,West Austria,1997,typ,metabolic typology,no unit,MXG
195,AT3,West Austria,1997,urb_typ,urban typology,no unit,
196,AT3,West Austria,1998,typ,metabolic typology,no unit,MXG
197,AT3,West Austria,1998,urb_typ,urban typology,no unit,
198,AT3,West Austria,1999,typ,metabolic typology,no unit,MXG
199,AT3,West Austria,1999,urb_typ,urban typology,no unit,
200,AT3,West Austria,2000,typ,metabolic typology,no unit,MXG
201,AT3,West Austria,2000,urb_typ,urban typology,no unit,
202,AT3,West Austria,2001,typ,metabolic typology,no unit,MXG
203,AT3,West Austria,2001,urb_typ,urban typology,no unit,
204,AT3,West Austria,2002,typ,metabolic typology,no unit,MXG
205,AT3,West Austria,2002,urb_typ,urban typology,no unit,
206,AT3,West Austria,2003,typ,metabolic typology,no unit,MXG
207,AT3,West Austria,2003,urb_typ,urban typology,no unit,
208,AT3,West Austria,2004,typ,metabolic typology,no unit,MXG
209,AT3,West Austria,2004,urb_typ,urban typology,no unit,
210,AT3,West Austria,2005,typ,metabolic typology,no unit,MXG
211,AT3,West Austria,2005,urb_typ,urban typology,no unit,
212,AT3,West Austria,2006,typ,metabolic typology,no unit,MXG
213,AT3,West Austria,2006,urb_typ,urban typology,no unit,
214,AT3,West Austria,2007,typ,metabolic typology,no unit,MXG
215,AT3,West Austria,2007,urb_typ,urban typology,no unit,
216,AT3,West Austria,2008,typ,metabolic typology,no unit,MXG
217,AT3,West Austria,2008,urb_typ,urban typology,no unit,
218,AT3,West Austria,2009,typ,metabolic typology,no unit,MXG
219,AT3,West Austria,2009,urb_typ,urban typology,no unit,
220,AT3,West Austria,2010,typ,metabolic typology,no unit,MXG
221,AT3,West Austria,2010,urb_typ,urban typology,no unit,
222,AT3,West Austria,2011,typ,metabolic typology,no unit,MXG
223,AT3,West Austria,2011,urb_typ,urban typology,no unit,
224,AT3,West Austria,2012,typ,metabolic typology,no unit,MXG
225,AT3,West Austria,2012,urb_typ,urban typology,no unit,
226,AT3,West Austria,2013,typ,metabolic typology,no unit,MXG
227,AT3,West Austria,2013,urb_typ,urban typology,no unit,
228,AT3,West Austria,2014,typ,metabolic typology,no unit,MXG
229,AT3,West Austria,2014,urb_typ,urban typology,no unit,
230,AT3,West Austria,2015,typ,metabolic typology,no unit,MXG
231,AT3,West Austria,2015,urb_typ,urban typology,no unit,
232,AT3,West Austria,2016,typ,metabolic typology,no unit,MXG
233,AT3,West Austria,2016,urb_typ,urban typology,no unit,
234,AT3,West Austria,2017,typ,metabolic typology,no unit,DSG
235,AT3,West Austria,2017,urb_typ,urban typology,no unit,
236,AT3,West Austria,2018,typ,metabolic typology,no unit,MXG
237,AT3,West Austria,2018,urb_typ,urban typology,no unit,
238,AT3,West Austria,2019,typ,metabolic typology,no unit,MXG
239,AT3,West Austria,2019,urb_typ,urban typology,no unit,
240,BE2,Vlaams Gewest,1990,typ,metabolic typology,no unit,LVK
241,BE2,Vlaams Gewest,1990,urb_typ,urban typology,no unit,
242,BE2,Vlaams Gewest,1991,typ,metabolic typology,no unit,LVK
243,BE2,Vlaams Gewest,1991,urb_typ,urban typology,no unit,
244,BE2,Vlaams Gewest,1992,typ,metabolic typology,no unit,LVK
245,BE2,Vlaams Gewest,1992,urb_typ,urban typology,no unit,
246,BE2,Vlaams Gewest,1993,typ,metabolic typology,no unit,LVK
247,BE2,Vlaams Gewest,1993,urb_typ,urban typology,no unit,
248,BE2,Vlaams Gewest,1994,typ,metabolic typology,no unit,LVK
249,BE2,Vlaams Gewest,1994,urb_typ,urban typology,no unit,
250,BE2,Vlaams Gewest,1995,typ,metabolic typology,no unit,LVK
251,BE2,Vlaams Gewest,1995,urb_typ,urban typology,no unit,
252,BE2,Vlaams Gewest,1996,typ,metabolic typology,no unit,LVK
253,BE2,Vlaams Gewest,1996,urb_typ,urban typology,no unit,
254,BE2,Vlaams Gewest,1997,typ,metabolic typology,no unit,LVK
255,BE2,Vlaams Gewest,1997,urb_typ,urban typology,no unit,
256,BE2,Vlaams Gewest,1998,typ,metabolic typology,no unit,LVK
257,BE2,Vlaams Gewest,1998,urb_typ,urban typology,no unit,
258,BE2,Vlaams Gewest,1999,typ,metabolic typology,no unit,LVK
259,BE2,Vlaams Gewest,1999,urb_typ,urban typology,no unit,
260,BE2,Vlaams Gewest,2000,typ,metabolic typology,no unit,LVK
261,BE2,Vlaams Gewest,2000,urb_typ,urban typology,no unit,
262,BE2,Vlaams Gewest,2001,typ,metabolic typology,no unit,LVK
263,BE2,Vlaams Gewest,2001,urb_typ,urban typology,no unit,
264,BE2,Vlaams Gewest,2002,typ,metabolic typology,no unit,LVK
265,BE2,Vlaams Gewest,2002,urb_typ,urban typology,no unit,
266,BE2,Vlaams Gewest,2003,typ,metabolic typology,no unit,LVK
267,BE2,Vlaams Gewest,2003,urb_typ,urban typology,no unit,
268,BE2,Vlaams Gewest,2004,typ,metabolic typology,no unit,LVK
269,BE2,Vlaams Gewest,2004,urb_typ,urban typology,no unit,
270,BE2,Vlaams Gewest,2005,typ,metabolic typology,no unit,LVK
271,BE2,Vlaams Gewest,2005,urb_typ,urban typology,no unit,
272,BE2,Vlaams Gewest,2006,typ,metabolic typology,no unit,LVK
273,BE2,Vlaams Gewest,2006,urb_typ,urban typology,no unit,
274,BE2,Vlaams Gewest,2007,typ,metabolic typology,no unit,LVK
275,BE2,Vlaams Gewest,2007,urb_typ,urban typology,no unit,
276,BE2,Vlaams Gewest,2008,typ,metabolic typology,no unit,LVK
277,BE2,Vlaams Gewest,2008,urb_typ,urban typology,no unit,
278,BE2,Vlaams Gewest,2009,typ,metabolic typology,no unit,LVK
279,BE2,Vlaams Gewest,2009,urb_typ,urban typology,no unit,
280,BE2,Vlaams Gewest,2010,typ,metabolic typology,no unit,LVK
281,BE2,Vlaams Gewest,2010,urb_typ,urban typology,no unit,
282,BE2,Vlaams Gewest,2011,typ,metabolic typology,no unit,LVK
283,BE2,Vlaams Gewest,2011,urb_typ,urban typology,no unit,
284,BE2,Vlaams Gewest,2012,typ,metabolic typology,no unit,LVK
285,BE2,Vlaams Gewest,2012,urb_typ,urban typology,no unit,
286,BE2,Vlaams Gewest,2013,typ,metabolic typology,no unit,LVK
287,BE2,Vlaams Gewest,2013,urb_typ,urban typology,no unit,
288,BE2,Vlaams Gewest,2014,typ,metabolic typology,no unit,LVK
289,BE2,Vlaams Gewest,2014,urb_typ,urban typology,no unit,
290,BE2,Vlaams Gewest,2015,typ,metabolic typology,no unit,LVK
291,BE2,Vlaams Gewest,2015,urb_typ,urban typology,no unit,
292,BE2,Vlaams Gewest,2016,typ,metabolic typology,no unit,LVK
293,BE2,Vlaams Gewest,2016,urb_typ,urban typology,no unit,
294,BE2,Vlaams Gewest,2017,typ,metabolic typology,no unit,LVK
295,BE2,Vlaams Gewest,2017,urb_typ,urban typology,no unit,
296,BE2,Vlaams Gewest,2018,typ,metabolic typology,no unit,LVK
297,BE2,Vlaams Gewest,2018,urb_typ,urban typology,no unit,
298,BE2,Vlaams Gewest,2019,typ,metabolic typology,no unit,LVK
299,BE2,Vlaams Gewest,2019,urb_typ,urban typology,no unit,
300,BE3,Région Wallonne,1990,typ,metabolic typology,no unit,LVK
301,BE3,Région Wallonne,1990,urb_typ,urban typology,no unit,
302,BE3,Région Wallonne,1991,typ,metabolic typology,no unit,LVK
303,BE3,Région Wallonne,1991,urb_typ,urban typology,no unit,
304,BE3,Région Wallonne,1992,typ,metabolic typology,no unit,LVK
305,BE3,Région Wallonne,1992,urb_typ,urban typology,no unit,
306,BE3,Région Wallonne,1993,typ,metabolic typology,no unit,LVK
307,BE3,Région Wallonne,1993,urb_typ,urban typology,no unit,
308,BE3,Région Wallonne,1994,typ,metabolic typology,no unit,LVK
309,BE3,Région Wallonne,1994,urb_typ,urban typology,no unit,
310,BE3,Région Wallonne,1995,typ,metabolic typology,no unit,LVK
311,BE3,Région Wallonne,1995,urb_typ,urban typology,no unit,
312,BE3,Région Wallonne,1996,typ,metabolic typology,no unit,LVK
313,BE3,Région Wallonne,1996,urb_typ,urban typology,no unit,
314,BE3,Région Wallonne,1997,typ,metabolic typology,no unit,LVK
315,BE3,Région Wallonne,1997,urb_typ,urban typology,no unit,
316,BE3,Région Wallonne,1998,typ,metabolic typology,no unit,LVK
317,BE3,Région Wallonne,1998,urb_typ,urban typology,no unit,
318,BE3,Région Wallonne,1999,typ,metabolic typology,no unit,LVK
319,BE3,Région Wallonne,1999,urb_typ,urban typology,no unit,
320,BE3,Région Wallonne,2000,typ,metabolic typology,no unit,DSG
321,BE3,Région Wallonne,2000,urb_typ,urban typology,no unit,
322,BE3,Région Wallonne,2001,typ,metabolic typology,no unit,DSG
323,BE3,Région Wallonne,2001,urb_typ,urban typology,no unit,
324,BE3,Région Wallonne,2002,typ,metabolic typology,no unit,DSG
325,BE3,Région Wallonne,2002,urb_typ,urban typology,no unit,
326,BE3,Région Wallonne,2003,typ,metabolic typology,no unit,DSG
327,BE3,Région Wallonne,2003,urb_typ,urban typology,no unit,
328,BE3,Région Wallonne,2004,typ,metabolic typology,no unit,DSG
329,BE3,Région Wallonne,2004,urb_typ,urban typology,no unit,
330,BE3,Région Wallonne,2005,typ,metabolic typology,no unit,DSG
331,BE3,Région Wallonne,2005,urb_typ,urban typology,no unit,
332,BE3,Région Wallonne,2006,typ,metabolic typology,no unit,DSG
333,BE3,Région Wallonne,2006,urb_typ,urban typology,no unit,
334,BE3,Région Wallonne,2007,typ,metabolic typology,no unit,DSG
335,BE3,Région Wallonne,2007,urb_typ,urban typology,no unit,
336,BE3,Région Wallonne,2008,typ,metabolic typology,no unit,DSG
337,BE3,Région Wallonne,2008,urb_typ,urban typology,no unit,
338,BE3,Région Wallonne,2009,typ,metabolic typology,no unit,DSG
339,BE3,Région Wallonne,2009,urb_typ,urban typology,no unit,
340,BE3,Région Wallonne,2010,typ,metabolic typology,no unit,DSG
341,BE3,Région Wallonne,2010,urb_typ,urban typology,no unit,
342,BE3,Région Wallonne,2011,typ,metabolic typology,no unit,DSG
343,BE3,Région Wallonne,2011,urb_typ,urban typology,no unit,
344,BE3,Région Wallonne,2012,typ,metabolic typology,no unit,DSG
345,BE3,Région Wallonne,2012,urb_typ,urban typology,no unit,
346,BE3,Région Wallonne,2013,typ,metabolic typology,no unit,DSG
347,BE3,Région Wallonne,2013,urb_typ,urban typology,no unit,
348,BE3,Région Wallonne,2014,typ,metabolic typology,no unit,DSG
349,BE3,Région Wallonne,2014,urb_typ,urban typology,no unit,
350,BE3,Région Wallonne,2015,typ,metabolic typology,no unit,DSG
351,BE3,Région Wallonne,2015,urb_typ,urban typology,no unit,
352,BE3,Région Wallonne,2016,typ,metabolic typology,no unit,DSG
353,BE3,Région Wallonne,2016,urb_typ,urban typology,no unit,
354,BE3,Région Wallonne,2017,typ,metabolic typology,no unit,DSG
355,BE3,Région Wallonne,2017,urb_typ,urban typology,no unit,
356,BE3,Région Wallonne,2018,typ,metabolic typology,no unit,DSG
357,BE3,Région Wallonne,2018,urb_typ,urban typology,no unit,
358,BE3,Région Wallonne,2019,typ,metabolic typology,no unit,DSG
359,BE3,Région Wallonne,2019,urb_typ,urban typology,no unit,
360,BG,Bulgaria,1990,typ,metabolic typology,no unit,SCS
361,BG,Bulgaria,1990,urb_typ,urban typology,no unit,
362,BG,Bulgaria,1991,typ,metabolic typology,no unit,SCS
363,BG,Bulgaria,1991,urb_typ,urban typology,no unit,
364,BG,Bulgaria,1992,typ,metabolic typology,no unit,SCS
365,BG,Bulgaria,1992,urb_typ,urban typology,no unit,
366,BG,Bulgaria,1993,typ,metabolic typology,no unit,SCS
367,BG,Bulgaria,1993,urb_typ,urban typology,no unit,
368,BG,Bulgaria,1994,typ,metabolic typology,no unit,SCS
369,BG,Bulgaria,1994,urb_typ,urban typology,no unit,
370,BG,Bulgaria,1995,typ,metabolic typology,no unit,SCS
371,BG,Bulgaria,1995,urb_typ,urban typology,no unit,
372,BG,Bulgaria,1996,typ,metabolic typology,no unit,MXG
373,BG,Bulgaria,1996,urb_typ,urban typology,no unit,
374,BG,Bulgaria,1997,typ,metabolic typology,no unit,SCS
375,BG,Bulgaria,1997,urb_typ,urban typology,no unit,
376,BG,Bulgaria,1998,typ,metabolic typology,no unit,SCS
377,BG,Bulgaria,1998,urb_typ,urban typology,no unit,
378,BG,Bulgaria,1999,typ,metabolic typology,no unit,SCS
379,BG,Bulgaria,1999,urb_typ,urban typology,no unit,
380,BG,Bulgaria,2000,typ,metabolic typology,no unit,SCS
381,BG,Bulgaria,2000,urb_typ,urban typology,no unit,
382,BG,Bulgaria,2001,typ,metabolic typology,no unit,SCS
383,BG,Bulgaria,2001,urb_typ,urban typology,no unit,
384,BG,Bulgaria,2002,typ,metabolic typology,no unit,SCS
385,BG,Bulgaria,2002,urb_typ,urban typology,no unit,
386,BG,Bulgaria,2003,typ,metabolic typology,no unit,MXG
387,BG,Bulgaria,2003,urb_typ,urban typology,no unit,
388,BG,Bulgaria,2004,typ,metabolic typology,no unit,SCS
389,BG,Bulgaria,2004,urb_typ,urban typology,no unit,
390,BG,Bulgaria,2005,typ,metabolic typology,no unit,MXG
391,BG,Bulgaria,2005,urb_typ,urban typology,no unit,
392,BG,Bulgaria,2006,typ,metabolic typology,no unit,SCS
393,BG,Bulgaria,2006,urb_typ,urban typology,no unit,
394,BG,Bulgaria,2007,typ,metabolic typology,no unit,MXG
395,BG,Bulgaria,2007,urb_typ,urban typology,no unit,
396,BG,Bulgaria,2008,typ,metabolic typology,no unit,SCS
397,BG,Bulgaria,2008,urb_typ,urban typology,no unit,
398,BG,Bulgaria,2009,typ,metabolic typology,no unit,SCS
399,BG,Bulgaria,2009,urb_typ,urban typology,no unit,
400,BG,Bulgaria,2010,typ,metabolic typology,no unit,SCS
401,BG,Bulgaria,2010,urb_typ,urban typology,no unit,
402,BG,Bulgaria,2011,typ,metabolic typology,no unit,SCS
403,BG,Bulgaria,2011,urb_typ,urban typology,no unit,
404,BG,Bulgaria,2012,typ,metabolic typology,no unit,SCS
405,BG,Bulgaria,2012,urb_typ,urban typology,no unit,
406,BG,Bulgaria,2013,typ,metabolic typology,no unit,SCS
407,BG,Bulgaria,2013,urb_typ,urban typology,no unit,
408,BG,Bulgaria,2014,typ,metabolic typology,no unit,SCS
409,BG,Bulgaria,2014,urb_typ,urban typology,no unit,
410,BG,Bulgaria,2015,typ,metabolic typology,no unit,SCS
411,BG,Bulgaria,2015,urb_typ,urban typology,no unit,
412,BG,Bulgaria,2016,typ,metabolic typology,no unit,SCS
413,BG,Bulgaria,2016,urb_typ,urban typology,no unit,
414,BG,Bulgaria,2017,typ,metabolic typology,no unit,SCS
415,BG,Bulgaria,2017,urb_typ,urban typology,no unit,
416,BG,Bulgaria,2018,typ,metabolic typology,no unit,SCS
417,BG,Bulgaria,2018,urb_typ,urban typology,no unit,
418,BG,Bulgaria,2019,typ,metabolic typology,no unit,SCS
419,BG,Bulgaria,2019,urb_typ,urban typology,no unit,
420,CH,Schweiz,1990,typ,metabolic typology,no unit,LVK
421,CH,Schweiz,1990,urb_typ,urban typology,no unit,
422,CH,Schweiz,1991,typ,metabolic typology,no unit,LVK
423,CH,Schweiz,1991,urb_typ,urban typology,no unit,
424,CH,Schweiz,1992,typ,metabolic typology,no unit,LVK
425,CH,Schweiz,1992,urb_typ,urban typology,no unit,
426,CH,Schweiz,1993,typ,metabolic typology,no unit,LVK
427,CH,Schweiz,1993,urb_typ,urban typology,no unit,
428,CH,Schweiz,1994,typ,metabolic typology,no unit,LVK
429,CH,Schweiz,1994,urb_typ,urban typology,no unit,
430,CH,Schweiz,1995,typ,metabolic typology,no unit,LVK
431,CH,Schweiz,1995,urb_typ,urban typology,no unit,
432,CH,Schweiz,1996,typ,metabolic typology,no unit,LVK
433,CH,Schweiz,1996,urb_typ,urban typology,no unit,
434,CH,Schweiz,1997,typ,metabolic typology,no unit,LVK
435,CH,Schweiz,1997,urb_typ,urban typology,no unit,
436,CH,Schweiz,1998,typ,metabolic typology,no unit,LVK
437,CH,Schweiz,1998,urb_typ,urban typology,no unit,
438,CH,Schweiz,1999,typ,metabolic typology,no unit,LVK
439,CH,Schweiz,1999,urb_typ,urban typology,no unit,
440,CH,Schweiz,2000,typ,metabolic typology,no unit,LVK
441,CH,Schweiz,2000,urb_typ,urban typology,no unit,
442,CH,Schweiz,2001,typ,metabolic typology,no unit,LVK
443,CH,Schweiz,2001,urb_typ,urban typology,no unit,
444,CH,Schweiz,2002,typ,metabolic typology,no unit,LVK
445,CH,Schweiz,2002,urb_typ,urban typology,no unit,
446,CH,Schweiz,2003,typ,metabolic typology,no unit,LVK
447,CH,Schweiz,2003,urb_typ,urban typology,no unit,
448,CH,Schweiz,2004,typ,metabolic typology,no unit,LVK
449,CH,Schweiz,2004,urb_typ,urban typology,no unit,
450,CH,Schweiz,2005,typ,metabolic typology,no unit,LVK
451,CH,Schweiz,2005,urb_typ,urban typology,no unit,
452,CH,Schweiz,2006,typ,metabolic typology,no unit,LVK
453,CH,Schweiz,2006,urb_typ,urban typology,no unit,
454,CH,Schweiz,2007,typ,metabolic typology,no unit,LVK
455,CH,Schweiz,2007,urb_typ,urban typology,no unit,
456,CH,Schweiz,2008,typ,metabolic typology,no unit,LVK
457,CH,Schweiz,2008,urb_typ,urban typology,no unit,
458,CH,Schweiz,2009,typ,metabolic typology,no unit,LVK
459,CH,Schweiz,2009,urb_typ,urban typology,no unit,
460,CH,Schweiz,2010,typ,metabolic typology,no unit,LVK
461,CH,Schweiz,2010,urb_typ,urban typology,no unit,
462,CH,Schweiz,2011,typ,metabolic typology,no unit,LVK
463,CH,Schweiz,2011,urb_typ,urban typology,no unit,
464,CH,Schweiz,2012,typ,metabolic typology,no unit,MXF
465,CH,Schweiz,2012,urb_typ,urban typology,no unit,
466,CH,Schweiz,2013,typ,metabolic typology,no unit,MXF
467,CH,Schweiz,2013,urb_typ,urban typology,no unit,
468,CH,Schweiz,2014,typ,metabolic typology,no unit,LVK
469,CH,Schweiz,2014,urb_typ,urban typology,no unit,
470,CH,Schweiz,2015,typ,metabolic typology,no unit,LVK
471,CH,Schweiz,2015,urb_typ,urban typology,no unit,
472,CH,Schweiz,2016,typ,metabolic typology,no unit,LVK
473,CH,Schweiz,2016,urb_typ,urban typology,no unit,
474,CH,Schweiz,2017,typ,metabolic typology,no unit,MXF
475,CH,Schweiz,2017,urb_typ,urban typology,no unit,
476,CH,Schweiz,2018,typ,metabolic typology,no unit,MXF
477,CH,Schweiz,2018,urb_typ,urban typology,no unit,
478,CH,Schweiz,2019,typ,metabolic typology,no unit,MXF
479,CH,Schweiz,2019,urb_typ,urban typology,no unit,
480,CY,Cyprus,1990,typ,metabolic typology,no unit,DSG
481,CY,Cyprus,1990,urb_typ,urban typology,no unit,
482,CY,Cyprus,1991,typ,metabolic typology,no unit,DSG
483,CY,Cyprus,1991,urb_typ,urban typology,no unit,
484,CY,Cyprus,1992,typ,metabolic typology,no unit,DSG
485,CY,Cyprus,1992,urb_typ,urban typology,no unit,
486,CY,Cyprus,1993,typ,metabolic typology,no unit,DSG
487,CY,Cyprus,1993,urb_typ,urban typology,no unit,
488,CY,Cyprus,1994,typ,metabolic typology,no unit,DSG
489,CY,Cyprus,1994,urb_typ,urban typology,no unit,
490,CY,Cyprus,1995,typ,metabolic typology,no unit,DSG
491,CY,Cyprus,1995,urb_typ,urban typology,no unit,
492,CY,Cyprus,1996,typ,metabolic typology,no unit,DSG
493,CY,Cyprus,1996,urb_typ,urban typology,no unit,
494,CY,Cyprus,1997,typ,metabolic typology,no unit,DSG
495,CY,Cyprus,1997,urb_typ,urban typology,no unit,
496,CY,Cyprus,1998,typ,metabolic typology,no unit,DSG
497,CY,Cyprus,1998,urb_typ,urban typology,no unit,
498,CY,Cyprus,1999,typ,metabolic typology,no unit,DSG
499,CY,Cyprus,1999,urb_typ,urban typology,no unit,
500,CY,Cyprus,2000,typ,metabolic typology,no unit,DSG
501,CY,Cyprus,2000,urb_typ,urban typology,no unit,
502,CY,Cyprus,2001,typ,metabolic typology,no unit,DSG
503,CY,Cyprus,2001,urb_typ,urban typology,no unit,
504,CY,Cyprus,2002,typ,metabolic typology,no unit,DSG
505,CY,Cyprus,2002,urb_typ,urban typology,no unit,
506,CY,Cyprus,2003,typ,metabolic typology,no unit,DSG
507,CY,Cyprus,2003,urb_typ,urban typology,no unit,
508,CY,Cyprus,2004,typ,metabolic typology,no unit,DSG
509,CY,Cyprus,2004,urb_typ,urban typology,no unit,
510,CY,Cyprus,2005,typ,metabolic typology,no unit,DSG
511,CY,Cyprus,2005,urb_typ,urban typology,no unit,
512,CY,Cyprus,2006,typ,metabolic typology,no unit,DSG
513,CY,Cyprus,2006,urb_typ,urban typology,no unit,
514,CY,Cyprus,2007,typ,metabolic typology,no unit,DSG
515,CY,Cyprus,2007,urb_typ,urban typology,no unit,
516,CY,Cyprus,2008,typ,metabolic typology,no unit,DSG
517,CY,Cyprus,2008,urb_typ,urban typology,no unit,URB
518,CY,Cyprus,2009,typ,metabolic typology,no unit,DSG
519,CY,Cyprus,2009,urb_typ,urban typology,no unit,
520,CY,Cyprus,2010,typ,metabolic typology,no unit,DSG
521,CY,Cyprus,2010,urb_typ,urban typology,no unit,
522,CY,Cyprus,2011,typ,metabolic typology,no unit,DSG
523,CY,Cyprus,2011,urb_typ,urban typology,no unit,
524,CY,Cyprus,2012,typ,metabolic typology,no unit,DSG
525,CY,Cyprus,2012,urb_typ,urban typology,no unit,
526,CY,Cyprus,2013,typ,metabolic typology,no unit,DSG
527,CY,Cyprus,2013,urb_typ,urban typology,no unit,URB
528,CY,Cyprus,2014,typ,metabolic typology,no unit,DSG
529,CY,Cyprus,2014,urb_typ,urban typology,no unit,URB
530,CY,Cyprus,2015,typ,metabolic typology,no unit,DSG
531,CY,Cyprus,2015,urb_typ,urban typology,no unit,
532,CY,Cyprus,2016,typ,metabolic typology,no unit,DSG
533,CY,Cyprus,2016,urb_typ,urban typology,no unit,URB
534,CY,Cyprus,2017,typ,metabolic typology,no unit,DSG
535,CY,Cyprus,2017,urb_typ,urban typology,no unit,URB
536,CY,Cyprus,2018,typ,metabolic typology,no unit,DSG
537,CY,Cyprus,2018,urb_typ,urban typology,no unit,URB
538,CY,Cyprus,2019,typ,metabolic typology,no unit,DSG
539,CY,Cyprus,2019,urb_typ,urban typology,no unit,URB
540,CZ,Czeckia,1990,typ,metabolic typology,no unit,DSG
541,CZ,Czeckia,1990,urb_typ,urban typology,no unit,
542,CZ,Czeckia,1991,typ,metabolic typology,no unit,DSG
543,CZ,Czeckia,1991,urb_typ,urban typology,no unit,
544,CZ,Czeckia,1992,typ,metabolic typology,no unit,DSG
545,CZ,Czeckia,1992,urb_typ,urban typology,no unit,
546,CZ,Czeckia,1993,typ,metabolic typology,no unit,DSG
547,CZ,Czeckia,1993,urb_typ,urban typology,no unit,
548,CZ,Czeckia,1994,typ,metabolic typology,no unit,DSG
549,CZ,Czeckia,1994,urb_typ,urban typology,no unit,
550,CZ,Czeckia,1995,typ,metabolic typology,no unit,DSG
551,CZ,Czeckia,1995,urb_typ,urban typology,no unit,
552,CZ,Czeckia,1996,typ,metabolic typology,no unit,DSG
553,CZ,Czeckia,1996,urb_typ,urban typology,no unit,
554,CZ,Czeckia,1997,typ,metabolic typology,no unit,DSG
555,CZ,Czeckia,1997,urb_typ,urban typology,no unit,
556,CZ,Czeckia,1998,typ,metabolic typology,no unit,DSG
557,CZ,Czeckia,1998,urb_typ,urban typology,no unit,
558,CZ,Czeckia,1999,typ,metabolic typology,no unit,DSG
559,CZ,Czeckia,1999,urb_typ,urban typology,no unit,
560,CZ,Czeckia,2000,typ,metabolic typology,no unit,DSG
561,CZ,Czeckia,2000,urb_typ,urban typology,no unit,
562,CZ,Czeckia,2001,typ,metabolic typology,no unit,DSG
563,CZ,Czeckia,2001,urb_typ,urban typology,no unit,
564,CZ,Czeckia,2002,typ,metabolic typology,no unit,DSG
565,CZ,Czeckia,2002,urb_typ,urban typology,no unit,
566,CZ,Czeckia,2003,typ,metabolic typology,no unit,DSG
567,CZ,Czeckia,2003,urb_typ,urban typology,no unit,
568,CZ,Czeckia,2004,typ,metabolic typology,no unit,SCS
569,CZ,Czeckia,2004,urb_typ,urban typology,no unit,
570,CZ,Czeckia,2005,typ,metabolic typology,no unit,DSG
571,CZ,Czeckia,2005,urb_typ,urban typology,no unit,
572,CZ,Czeckia,2006,typ,metabolic typology,no unit,DSG
573,CZ,Czeckia,2006,urb_typ,urban typology,no unit,
574,CZ,Czeckia,2007,typ,metabolic typology,no unit,DSG
575,CZ,Czeckia,2007,urb_typ,urban typology,no unit,
576,CZ,Czeckia,2008,typ,metabolic typology,no unit,DSG
577,CZ,Czeckia,2008,urb_typ,urban typology,no unit,
578,CZ,Czeckia,2009,typ,metabolic typology,no unit,DSG
579,CZ,Czeckia,2009,urb_typ,urban typology,no unit,
580,CZ,Czeckia,2010,typ,metabolic typology,no unit,DSG
581,CZ,Czeckia,2010,urb_typ,urban typology,no unit,
582,CZ,Czeckia,2011,typ,metabolic typology,no unit,SCS
583,CZ,Czeckia,2011,urb_typ,urban typology,no unit,
584,CZ,Czeckia,2012,typ,metabolic typology,no unit,SCS
585,CZ,Czeckia,2012,urb_typ,urban typology,no unit,
586,CZ,Czeckia,2013,typ,metabolic typology,no unit,SCS
587,CZ,Czeckia,2013,urb_typ,urban typology,no unit,
588,CZ,Czeckia,2014,typ,metabolic typology,no unit,SCS
589,CZ,Czeckia,2014,urb_typ,urban typology,no unit,
590,CZ,Czeckia,2015,typ,metabolic typology,no unit,SCS
591,CZ,Czeckia,2015,urb_typ,urban typology,no unit,
592,CZ,Czeckia,2016,typ,metabolic typology,no unit,SCS
593,CZ,Czeckia,2016,urb_typ,urban typology,no unit,
594,CZ,Czeckia,2017,typ,metabolic typology,no unit,SCS
595,CZ,Czeckia,2017,urb_typ,urban typology,no unit,
596,CZ,Czeckia,2018,typ,metabolic typology,no unit,SCS
597,CZ,Czeckia,2018,urb_typ,urban typology,no unit,
598,CZ,Czeckia,2019,typ,metabolic typology,no unit,SCS
599,CZ,Czeckia,2019,urb_typ,urban typology,no unit,
600,DE1,Baden-Würtenberg,1990,typ,metabolic typology,no unit,DSG
601,DE1,Baden-Würtenberg,1990,urb_typ,urban typology,no unit,
602,DE1,Baden-Würtenberg,1991,typ,metabolic typology,no unit,DSG
603,DE1,Baden-Würtenberg,1991,urb_typ,urban typology,no unit,
604,DE1,Baden-Würtenberg,1992,typ,metabolic typology,no unit,DSG
605,DE1,Baden-Würtenberg,1992,urb_typ,urban typology,no unit,
606,DE1,Baden-Würtenberg,1993,typ,metabolic typology,no unit,DSG
607,DE1,Baden-Würtenberg,1993,urb_typ,urban typology,no unit,
608,DE1,Baden-Würtenberg,1994,typ,metabolic typology,no unit,DSG
609,DE1,Baden-Würtenberg,1994,urb_typ,urban typology,no unit,
610,DE1,Baden-Würtenberg,1995,typ,metabolic typology,no unit,DSG
611,DE1,Baden-Würtenberg,1995,urb_typ,urban typology,no unit,
612,DE1,Baden-Würtenberg,1996,typ,metabolic typology,no unit,DSG
613,DE1,Baden-Würtenberg,1996,urb_typ,urban typology,no unit,
614,DE1,Baden-Würtenberg,1997,typ,metabolic typology,no unit,DSG
615,DE1,Baden-Würtenberg,1997,urb_typ,urban typology,no unit,
616,DE1,Baden-Würtenberg,1998,typ,metabolic typology,no unit,DSG
617,DE1,Baden-Würtenberg,1998,urb_typ,urban typology,no unit,
618,DE1,Baden-Würtenberg,1999,typ,metabolic typology,no unit,DSG
619,DE1,Baden-Würtenberg,1999,urb_typ,urban typology,no unit,
620,DE1,Baden-Würtenberg,2000,typ,metabolic typology,no unit,DSG
621,DE1,Baden-Würtenberg,2000,urb_typ,urban typology,no unit,
622,DE1,Baden-Würtenberg,2001,typ,metabolic typology,no unit,DSG
623,DE1,Baden-Würtenberg,2001,urb_typ,urban typology,no unit,
624,DE1,Baden-Würtenberg,2002,typ,metabolic typology,no unit,DSG
625,DE1,Baden-Würtenberg,2002,urb_typ,urban typology,no unit,
626,DE1,Baden-Würtenberg,2003,typ,metabolic typology,no unit,DSG
627,DE1,Baden-Würtenberg,2003,urb_typ,urban typology,no unit,
628,DE1,Baden-Würtenberg,2004,typ,metabolic typology,no unit,DSG
629,DE1,Baden-Würtenberg,2004,urb_typ,urban typology,no unit,
630,DE1,Baden-Würtenberg,2005,typ,metabolic typology,no unit,DSG
631,DE1,Baden-Würtenberg,2005,urb_typ,urban typology,no unit,
632,DE1,Baden-Würtenberg,2006,typ,metabolic typology,no unit,MXF
633,DE1,Baden-Würtenberg,2006,urb_typ,urban typology,no unit,
634,DE1,Baden-Würtenberg,2007,typ,metabolic typology,no unit,MXF
635,DE1,Baden-Würtenberg,2007,urb_typ,urban typology,no unit,
636,DE1,Baden-Würtenberg,2008,typ,metabolic typology,no unit,MXF
637,DE1,Baden-Würtenberg,2008,urb_typ,urban typology,no unit,
638,DE1,Baden-Würtenberg,2009,typ,metabolic typology,no unit,MXF
639,DE1,Baden-Würtenberg,2009,urb_typ,urban typology,no unit,
640,DE1,Baden-Würtenberg,2010,typ,metabolic typology,no unit,MXF
641,DE1,Baden-Würtenberg,2010,urb_typ,urban typology,no unit,
642,DE1,Baden-Würtenberg,2011,typ,metabolic typology,no unit,MXF
643,DE1,Baden-Würtenberg,2011,urb_typ,urban typology,no unit,
644,DE1,Baden-Würtenberg,2012,typ,metabolic typology,no unit,MXF
645,DE1,Baden-Würtenberg,2012,urb_typ,urban typology,no unit,
646,DE1,Baden-Würtenberg,2013,typ,metabolic typology,no unit,MXF
647,DE1,Baden-Würtenberg,2013,urb_typ,urban typology,no unit,
648,DE1,Baden-Würtenberg,2014,typ,metabolic typology,no unit,MXF
649,DE1,Baden-Würtenberg,2014,urb_typ,urban typology,no unit,
650,DE1,Baden-Würtenberg,2015,typ,metabolic typology,no unit,MXF
651,DE1,Baden-Würtenberg,2015,urb_typ,urban typology,no unit,
652,DE1,Baden-Würtenberg,2016,typ,metabolic typology,no unit,MXF
653,DE1,Baden-Würtenberg,2016,urb_typ,urban typology,no unit,
654,DE1,Baden-Würtenberg,2017,typ,metabolic typology,no unit,MXF
655,DE1,Baden-Würtenberg,2017,urb_typ,urban typology,no unit,
656,DE1,Baden-Würtenberg,2018,typ,metabolic typology,no unit,MXF
657,DE1,Baden-Würtenberg,2018,urb_typ,urban typology,no unit,
658,DE1,Baden-Würtenberg,2019,typ,metabolic typology,no unit,MXF
659,DE1,Baden-Würtenberg,2019,urb_typ,urban typology,no unit,
660,DE2,Bayern,1990,typ,metabolic typology,no unit,MXF
661,DE2,Bayern,1990,urb_typ,urban typology,no unit,
662,DE2,Bayern,1991,typ,metabolic typology,no unit,MXF
663,DE2,Bayern,1991,urb_typ,urban typology,no unit,
664,DE2,Bayern,1992,typ,metabolic typology,no unit,MXF
665,DE2,Bayern,1992,urb_typ,urban typology,no unit,
666,DE2,Bayern,1993,typ,metabolic typology,no unit,MXF
667,DE2,Bayern,1993,urb_typ,urban typology,no unit,
668,DE2,Bayern,1994,typ,metabolic typology,no unit,DSG
669,DE2,Bayern,1994,urb_typ,urban typology,no unit,
670,DE2,Bayern,1995,typ,metabolic typology,no unit,MXF
671,DE2,Bayern,1995,urb_typ,urban typology,no unit,
672,DE2,Bayern,1996,typ,metabolic typology,no unit,MXF
673,DE2,Bayern,1996,urb_typ,urban typology,no unit,
674,DE2,Bayern,1997,typ,metabolic typology,no unit,MXF
675,DE2,Bayern,1997,urb_typ,urban typology,no unit,
676,DE2,Bayern,1998,typ,metabolic typology,no unit,MXF
677,DE2,Bayern,1998,urb_typ,urban typology,no unit,
678,DE2,Bayern,1999,typ,metabolic typology,no unit,MXF
679,DE2,Bayern,1999,urb_typ,urban typology,no unit,
680,DE2,Bayern,2000,typ,metabolic typology,no unit,DSG
681,DE2,Bayern,2000,urb_typ,urban typology,no unit,
682,DE2,Bayern,2001,typ,metabolic typology,no unit,DSG
683,DE2,Bayern,2001,urb_typ,urban typology,no unit,
684,DE2,Bayern,2002,typ,metabolic typology,no unit,DSG
685,DE2,Bayern,2002,urb_typ,urban typology,no unit,
686,DE2,Bayern,2003,typ,metabolic typology,no unit,DSG
687,DE2,Bayern,2003,urb_typ,urban typology,no unit,
688,DE2,Bayern,2004,typ,metabolic typology,no unit,MXF
689,DE2,Bayern,2004,urb_typ,urban typology,no unit,
690,DE2,Bayern,2005,typ,metabolic typology,no unit,MXF
691,DE2,Bayern,2005,urb_typ,urban typology,no unit,
692,DE2,Bayern,2006,typ,metabolic typology,no unit,MXF
693,DE2,Bayern,2006,urb_typ,urban typology,no unit,
694,DE2,Bayern,2007,typ,metabolic typology,no unit,MXF
695,DE2,Bayern,2007,urb_typ,urban typology,no unit,
696,DE2,Bayern,2008,typ,metabolic typology,no unit,MXF
697,DE2,Bayern,2008,urb_typ,urban typology,no unit,
698,DE2,Bayern,2009,typ,metabolic typology,no unit,MXF
699,DE2,Bayern,2009,urb_typ,urban typology,no unit,
700,DE2,Bayern,2010,typ,metabolic typology,no unit,MXF
701,DE2,Bayern,2010,urb_typ,urban typology,no unit,
702,DE2,Bayern,2011,typ,metabolic typology,no unit,MXF
703,DE2,Bayern,2011,urb_typ,urban typology,no unit,
704,DE2,Bayern,2012,typ,metabolic typology,no unit,MXF
705,DE2,Bayern,2012,urb_typ,urban typology,no unit,
706,DE2,Bayern,2013,typ,metabolic typology,no unit,MXF
707,DE2,Bayern,2013,urb_typ,urban typology,no unit,
708,DE2,Bayern,2014,typ,metabolic typology,no unit,MXF
709,DE2,Bayern,2014,urb_typ,urban typology,no unit,
710,DE2,Bayern,2015,typ,metabolic typology,no unit,MXF
711,DE2,Bayern,2015,urb_typ,urban typology,no unit,
712,DE2,Bayern,2016,typ,metabolic typology,no unit,MXF
713,DE2,Bayern,2016,urb_typ,urban typology,no unit,
714,DE2,Bayern,2017,typ,metabolic typology,no unit,MXF
715,DE2,Bayern,2017,urb_typ,urban typology,no unit,
716,DE2,Bayern,2018,typ,metabolic typology,no unit,MXF
717,DE2,Bayern,2018,urb_typ,urban typology,no unit,
718,DE2,Bayern,2019,typ,metabolic typology,no unit,MXF
719,DE2,Bayern,2019,urb_typ,urban typology,no unit,
720,DE4,Brandenburg,1990,typ,metabolic typology,no unit,MXF
721,DE4,Brandenburg,1990,urb_typ,urban typology,no unit,
722,DE4,Brandenburg,1991,typ,metabolic typology,no unit,DSG
723,DE4,Brandenburg,1991,urb_typ,urban typology,no unit,
724,DE4,Brandenburg,1992,typ,metabolic typology,no unit,DSG
725,DE4,Brandenburg,1992,urb_typ,urban typology,no unit,
726,DE4,Brandenburg,1993,typ,metabolic typology,no unit,DSG
727,DE4,Brandenburg,1993,urb_typ,urban typology,no unit,
728,DE4,Brandenburg,1994,typ,metabolic typology,no unit,DSG
729,DE4,Brandenburg,1994,urb_typ,urban typology,no unit,
730,DE4,Brandenburg,1995,typ,metabolic typology,no unit,DSG
731,DE4,Brandenburg,1995,urb_typ,urban typology,no unit,
732,DE4,Brandenburg,1996,typ,metabolic typology,no unit,DSG
733,DE4,Brandenburg,1996,urb_typ,urban typology,no unit,
734,DE4,Brandenburg,1997,typ,metabolic typology,no unit,DSG
735,DE4,Brandenburg,1997,urb_typ,urban typology,no unit,
736,DE4,Brandenburg,1998,typ,metabolic typology,no unit,DSG
737,DE4,Brandenburg,1998,urb_typ,urban typology,no unit,
738,DE4,Brandenburg,1999,typ,metabolic typology,no unit,DSG
739,DE4,Brandenburg,1999,urb_typ,urban typology,no unit,
740,DE4,Brandenburg,2000,typ,metabolic typology,no unit,DSG
741,DE4,Brandenburg,2000,urb_typ,urban typology,no unit,
742,DE4,Brandenburg,2001,typ,metabolic typology,no unit,DSG
743,DE4,Brandenburg,2001,urb_typ,urban typology,no unit,
744,DE4,Brandenburg,2002,typ,metabolic typology,no unit,DSG
745,DE4,Brandenburg,2002,urb_typ,urban typology,no unit,
746,DE4,Brandenburg,2003,typ,metabolic typology,no unit,DSG
747,DE4,Brandenburg,2003,urb_typ,urban typology,no unit,
748,DE4,Brandenburg,2004,typ,metabolic typology,no unit,DSG
749,DE4,Brandenburg,2004,urb_typ,urban typology,no unit,
750,DE4,Brandenburg,2005,typ,metabolic typology,no unit,DSG
751,DE4,Brandenburg,2005,urb_typ,urban typology,no unit,
752,DE4,Brandenburg,2006,typ,metabolic typology,no unit,DSG
753,DE4,Brandenburg,2006,urb_typ,urban typology,no unit,
754,DE4,Brandenburg,2007,typ,metabolic typology,no unit,DSG
755,DE4,Brandenburg,2007,urb_typ,urban typology,no unit,
756,DE4,Brandenburg,2008,typ,metabolic typology,no unit,DSG
757,DE4,Brandenburg,2008,urb_typ,urban typology,no unit,
758,DE4,Brandenburg,2009,typ,metabolic typology,no unit,DSG
759,DE4,Brandenburg,2009,urb_typ,urban typology,no unit,
760,DE4,Brandenburg,2010,typ,metabolic typology,no unit,DSG
761,DE4,Brandenburg,2010,urb_typ,urban typology,no unit,
762,DE4,Brandenburg,2011,typ,metabolic typology,no unit,DSG
763,DE4,Brandenburg,2011,urb_typ,urban typology,no unit,
764,DE4,Brandenburg,2012,typ,metabolic typology,no unit,DSG
765,DE4,Brandenburg,2012,urb_typ,urban typology,no unit,
766,DE4,Brandenburg,2013,typ,metabolic typology,no unit,DSG
767,DE4,Brandenburg,2013,urb_typ,urban typology,no unit,
768,DE4,Brandenburg,2014,typ,metabolic typology,no unit,DSG
769,DE4,Brandenburg,2014,urb_typ,urban typology,no unit,
770,DE4,Brandenburg,2015,typ,metabolic typology,no unit,DSG
771,DE4,Brandenburg,2015,urb_typ,urban typology,no unit,
772,DE4,Brandenburg,2016,typ,metabolic typology,no unit,DSG
773,DE4,Brandenburg,2016,urb_typ,urban typology,no unit,
774,DE4,Brandenburg,2017,typ,metabolic typology,no unit,DSG
775,DE4,Brandenburg,2017,urb_typ,urban typology,no unit,
776,DE4,Brandenburg,2018,typ,metabolic typology,no unit,DSG
777,DE4,Brandenburg,2018,urb_typ,urban typology,no unit,
778,DE4,Brandenburg,2019,typ,metabolic typology,no unit,DSG
779,DE4,Brandenburg,2019,urb_typ,urban typology,no unit,
780,DE7,Hessen,1990,typ,metabolic typology,no unit,MXG
781,DE7,Hessen,1990,urb_typ,urban typology,no unit,
782,DE7,Hessen,1991,typ,metabolic typology,no unit,MXG
783,DE7,Hessen,1991,urb_typ,urban typology,no unit,
784,DE7,Hessen,1992,typ,metabolic typology,no unit,MXG
785,DE7,Hessen,1992,urb_typ,urban typology,no unit,
786,DE7,Hessen,1993,typ,metabolic typology,no unit,MXG
787,DE7,Hessen,1993,urb_typ,urban typology,no unit,
788,DE7,Hessen,1994,typ,metabolic typology,no unit,MXG
789,DE7,Hessen,1994,urb_typ,urban typology,no unit,
790,DE7,Hessen,1995,typ,metabolic typology,no unit,MXG
791,DE7,Hessen,1995,urb_typ,urban typology,no unit,
792,DE7,Hessen,1996,typ,metabolic typology,no unit,MXG
793,DE7,Hessen,1996,urb_typ,urban typology,no unit,
794,DE7,Hessen,1997,typ,metabolic typology,no unit,MXG
795,DE7,Hessen,1997,urb_typ,urban typology,no unit,
796,DE7,Hessen,1998,typ,metabolic typology,no unit,MXG
797,DE7,Hessen,1998,urb_typ,urban typology,no unit,
798,DE7,Hessen,1999,typ,metabolic typology,no unit,MXG
799,DE7,Hessen,1999,urb_typ,urban typology,no unit,
800,DE7,Hessen,2000,typ,metabolic typology,no unit,MXG
801,DE7,Hessen,2000,urb_typ,urban typology,no unit,
802,DE7,Hessen,2001,typ,metabolic typology,no unit,MXG
803,DE7,Hessen,2001,urb_typ,urban typology,no unit,
804,DE7,Hessen,2002,typ,metabolic typology,no unit,MXG
805,DE7,Hessen,2002,urb_typ,urban typology,no unit,
806,DE7,Hessen,2003,typ,metabolic typology,no unit,MXG
807,DE7,Hessen,2003,urb_typ,urban typology,no unit,
808,DE7,Hessen,2004,typ,metabolic typology,no unit,MXG
809,DE7,Hessen,2004,urb_typ,urban typology,no unit,
810,DE7,Hessen,2005,typ,metabolic typology,no unit,MXG
811,DE7,Hessen,2005,urb_typ,urban typology,no unit,
812,DE7,Hessen,2006,typ,metabolic typology,no unit,MXG
813,DE7,Hessen,2006,urb_typ,urban typology,no unit,
814,DE7,Hessen,2007,typ,metabolic typology,no unit,MXG
815,DE7,Hessen,2007,urb_typ,urban typology,no unit,
816,DE7,Hessen,2008,typ,metabolic typology,no unit,MXG
817,DE7,Hessen,2008,urb_typ,urban typology,no unit,
818,DE7,Hessen,2009,typ,metabolic typology,no unit,MXG
819,DE7,Hessen,2009,urb_typ,urban typology,no unit,
820,DE7,Hessen,2010,typ,metabolic typology,no unit,MXG
821,DE7,Hessen,2010,urb_typ,urban typology,no unit,
822,DE7,Hessen,2011,typ,metabolic typology,no unit,MXG
823,DE7,Hessen,2011,urb_typ,urban typology,no unit,
824,DE7,Hessen,2012,typ,metabolic typology,no unit,MXG
825,DE7,Hessen,2012,urb_typ,urban typology,no unit,
826,DE7,Hessen,2013,typ,metabolic typology,no unit,MXG
827,DE7,Hessen,2013,urb_typ,urban typology,no unit,
828,DE7,Hessen,2014,typ,metabolic typology,no unit,MXG
829,DE7,Hessen,2014,urb_typ,urban typology,no unit,
830,DE7,Hessen,2015,typ,metabolic typology,no unit,MXG
831,DE7,Hessen,2015,urb_typ,urban typology,no unit,
832,DE7,Hessen,2016,typ,metabolic typology,no unit,MXG
833,DE7,Hessen,2016,urb_typ,urban typology,no unit,
834,DE7,Hessen,2017,typ,metabolic typology,no unit,MXG
835,DE7,Hessen,2017,urb_typ,urban typology,no unit,
836,DE7,Hessen,2018,typ,metabolic typology,no unit,MXG
837,DE7,Hessen,2018,urb_typ,urban typology,no unit,
838,DE7,Hessen,2019,typ,metabolic typology,no unit,MXG
839,DE7,Hessen,2019,urb_typ,urban typology,no unit,
840,DE8,Mecklenburg-Vorpmmern,1990,typ,metabolic typology,no unit,DSG
841,DE8,Mecklenburg-Vorpmmern,1990,urb_typ,urban typology,no unit,
842,DE8,Mecklenburg-Vorpmmern,1991,typ,metabolic typology,no unit,DSG
843,DE8,Mecklenburg-Vorpmmern,1991,urb_typ,urban typology,no unit,
844,DE8,Mecklenburg-Vorpmmern,1992,typ,metabolic typology,no unit,DSG
845,DE8,Mecklenburg-Vorpmmern,1992,urb_typ,urban typology,no unit,
846,DE8,Mecklenburg-Vorpmmern,1993,typ,metabolic typology,no unit,DSG
847,DE8,Mecklenburg-Vorpmmern,1993,urb_typ,urban typology,no unit,
848,DE8,Mecklenburg-Vorpmmern,1994,typ,metabolic typology,no unit,DSG
849,DE8,Mecklenburg-Vorpmmern,1994,urb_typ,urban typology,no unit,
850,DE8,Mecklenburg-Vorpmmern,1995,typ,metabolic typology,no unit,DSG
851,DE8,Mecklenburg-Vorpmmern,1995,urb_typ,urban typology,no unit,
852,DE8,Mecklenburg-Vorpmmern,1996,typ,metabolic typology,no unit,DSG
853,DE8,Mecklenburg-Vorpmmern,1996,urb_typ,urban typology,no unit,
854,DE8,Mecklenburg-Vorpmmern,1997,typ,metabolic typology,no unit,SCS
855,DE8,Mecklenburg-Vorpmmern,1997,urb_typ,urban typology,no unit,
856,DE8,Mecklenburg-Vorpmmern,1998,typ,metabolic typology,no unit,SCS
857,DE8,Mecklenburg-Vorpmmern,1998,urb_typ,urban typology,no unit,
858,DE8,Mecklenburg-Vorpmmern,1999,typ,metabolic typology,no unit,SCS
859,DE8,Mecklenburg-Vorpmmern,1999,urb_typ,urban typology,no unit,
860,DE8,Mecklenburg-Vorpmmern,2000,typ,metabolic typology,no unit,SCS
861,DE8,Mecklenburg-Vorpmmern,2000,urb_typ,urban typology,no unit,
862,DE8,Mecklenburg-Vorpmmern,2001,typ,metabolic typology,no unit,SCS
863,DE8,Mecklenburg-Vorpmmern,2001,urb_typ,urban typology,no unit,
864,DE8,Mecklenburg-Vorpmmern,2002,typ,metabolic typology,no unit,SCS
865,DE8,Mecklenburg-Vorpmmern,2002,urb_typ,urban typology,no unit,
866,DE8,Mecklenburg-Vorpmmern,2003,typ,metabolic typology,no unit,SCS
867,DE8,Mecklenburg-Vorpmmern,2003,urb_typ,urban typology,no unit,
868,DE8,Mecklenburg-Vorpmmern,2004,typ,metabolic typology,no unit,SCS
869,DE8,Mecklenburg-Vorpmmern,2004,urb_typ,urban typology,no unit,
870,DE8,Mecklenburg-Vorpmmern,2005,typ,metabolic typology,no unit,SCS
871,DE8,Mecklenburg-Vorpmmern,2005,urb_typ,urban typology,no unit,
872,DE8,Mecklenburg-Vorpmmern,2006,typ,metabolic typology,no unit,SCS
873,DE8,Mecklenburg-Vorpmmern,2006,urb_typ,urban typology,no unit,
874,DE8,Mecklenburg-Vorpmmern,2007,typ,metabolic typology,no unit,SCS
875,DE8,Mecklenburg-Vorpmmern,2007,urb_typ,urban typology,no unit,
876,DE8,Mecklenburg-Vorpmmern,2008,typ,metabolic typology,no unit,SCS
877,DE8,Mecklenburg-Vorpmmern,2008,urb_typ,urban typology,no unit,
878,DE8,Mecklenburg-Vorpmmern,2009,typ,metabolic typology,no unit,SCS
879,DE8,Mecklenburg-Vorpmmern,2009,urb_typ,urban typology,no unit,
880,DE8,Mecklenburg-Vorpmmern,2010,typ,metabolic typology,no unit,SCS
881,DE8,Mecklenburg-Vorpmmern,2010,urb_typ,urban typology,no unit,
882,DE8,Mecklenburg-Vorpmmern,2011,typ,metabolic typology,no unit,SCS
883,DE8,Mecklenburg-Vorpmmern,2011,urb_typ,urban typology,no unit,
884,DE8,Mecklenburg-Vorpmmern,2012,typ,metabolic typology,no unit,SCS
885,DE8,Mecklenburg-Vorpmmern,2012,urb_typ,urban typology,no unit,
886,DE8,Mecklenburg-Vorpmmern,2013,typ,metabolic typology,no unit,SCS
887,DE8,Mecklenburg-Vorpmmern,2013,urb_typ,urban typology,no unit,
888,DE8,Mecklenburg-Vorpmmern,2014,typ,metabolic typology,no unit,SCS
889,DE8,Mecklenburg-Vorpmmern,2014,urb_typ,urban typology,no unit,
890,DE8,Mecklenburg-Vorpmmern,2015,typ,metabolic typology,no unit,SCS
891,DE8,Mecklenburg-Vorpmmern,2015,urb_typ,urban typology,no unit,
892,DE8,Mecklenburg-Vorpmmern,2016,typ,metabolic typology,no unit,SCS
893,DE8,Mecklenburg-Vorpmmern,2016,urb_typ,urban typology,no unit,
894,DE8,Mecklenburg-Vorpmmern,2017,typ,metabolic typology,no unit,SCS
895,DE8,Mecklenburg-Vorpmmern,2017,urb_typ,urban typology,no unit,
896,DE8,Mecklenburg-Vorpmmern,2018,typ,metabolic typology,no unit,DSG
897,DE8,Mecklenburg-Vorpmmern,2018,urb_typ,urban typology,no unit,
898,DE8,Mecklenburg-Vorpmmern,2019,typ,metabolic typology,no unit,SCS
899,DE8,Mecklenburg-Vorpmmern,2019,urb_typ,urban typology,no unit,
900,DE9,Niedersachsen,1990,typ,metabolic typology,no unit,DSG
901,DE9,Niedersachsen,1990,urb_typ,urban typology,no unit,
902,DE9,Niedersachsen,1991,typ,metabolic typology,no unit,LVK
903,DE9,Niedersachsen,1991,urb_typ,urban typology,no unit,
904,DE9,Niedersachsen,1992,typ,metabolic typology,no unit,LVK
905,DE9,Niedersachsen,1992,urb_typ,urban typology,no unit,
906,DE9,Niedersachsen,1993,typ,metabolic typology,no unit,LVK
907,DE9,Niedersachsen,1993,urb_typ,urban typology,no unit,
908,DE9,Niedersachsen,1994,typ,metabolic typology,no unit,LVK
909,DE9,Niedersachsen,1994,urb_typ,urban typology,no unit,
910,DE9,Niedersachsen,1995,typ,metabolic typology,no unit,DSG
911,DE9,Niedersachsen,1995,urb_typ,urban typology,no unit,
912,DE9,Niedersachsen,1996,typ,metabolic typology,no unit,DSG
913,DE9,Niedersachsen,1996,urb_typ,urban typology,no unit,
914,DE9,Niedersachsen,1997,typ,metabolic typology,no unit,DSG
915,DE9,Niedersachsen,1997,urb_typ,urban typology,no unit,
916,DE9,Niedersachsen,1998,typ,metabolic typology,no unit,DSG
917,DE9,Niedersachsen,1998,urb_typ,urban typology,no unit,
918,DE9,Niedersachsen,1999,typ,metabolic typology,no unit,DSG
919,DE9,Niedersachsen,1999,urb_typ,urban typology,no unit,
920,DE9,Niedersachsen,2000,typ,metabolic typology,no unit,DSG
921,DE9,Niedersachsen,2000,urb_typ,urban typology,no unit,
922,DE9,Niedersachsen,2001,typ,metabolic typology,no unit,DSG
923,DE9,Niedersachsen,2001,urb_typ,urban typology,no unit,
924,DE9,Niedersachsen,2002,typ,metabolic typology,no unit,LVK
925,DE9,Niedersachsen,2002,urb_typ,urban typology,no unit,
926,DE9,Niedersachsen,2003,typ,metabolic typology,no unit,LVK
927,DE9,Niedersachsen,2003,urb_typ,urban typology,no unit,
928,DE9,Niedersachsen,2004,typ,metabolic typology,no unit,DSG
929,DE9,Niedersachsen,2004,urb_typ,urban typology,no unit,
930,DE9,Niedersachsen,2005,typ,metabolic typology,no unit,DSG
931,DE9,Niedersachsen,2005,urb_typ,urban typology,no unit,
932,DE9,Niedersachsen,2006,typ,metabolic typology,no unit,DSG
933,DE9,Niedersachsen,2006,urb_typ,urban typology,no unit,
934,DE9,Niedersachsen,2007,typ,metabolic typology,no unit,LVK
935,DE9,Niedersachsen,2007,urb_typ,urban typology,no unit,
936,DE9,Niedersachsen,2008,typ,metabolic typology,no unit,DSG
937,DE9,Niedersachsen,2008,urb_typ,urban typology,no unit,
938,DE9,Niedersachsen,2009,typ,metabolic typology,no unit,DSG
939,DE9,Niedersachsen,2009,urb_typ,urban typology,no unit,
940,DE9,Niedersachsen,2010,typ,metabolic typology,no unit,DSG
941,DE9,Niedersachsen,2010,urb_typ,urban typology,no unit,
942,DE9,Niedersachsen,2011,typ,metabolic typology,no unit,LVK
943,DE9,Niedersachsen,2011,urb_typ,urban typology,no unit,
944,DE9,Niedersachsen,2012,typ,metabolic typology,no unit,MXF
945,DE9,Niedersachsen,2012,urb_typ,urban typology,no unit,
946,DE9,Niedersachsen,2013,typ,metabolic typology,no unit,LVK
947,DE9,Niedersachsen,2013,urb_typ,urban typology,no unit,
948,DE9,Niedersachsen,2014,typ,metabolic typology,no unit,MXF
949,DE9,Niedersachsen,2014,urb_typ,urban typology,no unit,
950,DE9,Niedersachsen,2015,typ,metabolic typology,no unit,DSG
951,DE9,Niedersachsen,2015,urb_typ,urban typology,no unit,
952,DE9,Niedersachsen,2016,typ,metabolic typology,no unit,LVK
953,DE9,Niedersachsen,2016,urb_typ,urban typology,no unit,
954,DE9,Niedersachsen,2017,typ,metabolic typology,no unit,LVK
955,DE9,Niedersachsen,2017,urb_typ,urban typology,no unit,
956,DE9,Niedersachsen,2018,typ,metabolic typology,no unit,LVK
957,DE9,Niedersachsen,2018,urb_typ,urban typology,no unit,
958,DE9,Niedersachsen,2019,typ,metabolic typology,no unit,LVK
959,DE9,Niedersachsen,2019,urb_typ,urban typology,no unit,
960,DEA,Nordhein-Westfalen,1990,typ,metabolic typology,no unit,LVK
961,DEA,Nordhein-Westfalen,1990,urb_typ,urban typology,no unit,
962,DEA,Nordhein-Westfalen,1991,typ,metabolic typology,no unit,LVK
963,DEA,Nordhein-Westfalen,1991,urb_typ,urban typology,no unit,
964,DEA,Nordhein-Westfalen,1992,typ,metabolic typology,no unit,LVK
965,DEA,Nordhein-Westfalen,1992,urb_typ,urban typology,no unit,
966,DEA,Nordhein-Westfalen,1993,typ,metabolic typology,no unit,LVK
967,DEA,Nordhein-Westfalen,1993,urb_typ,urban typology,no unit,
968,DEA,Nordhein-Westfalen,1994,typ,metabolic typology,no unit,LVK
969,DEA,Nordhein-Westfalen,1994,urb_typ,urban typology,no unit,
970,DEA,Nordhein-Westfalen,1995,typ,metabolic typology,no unit,LVK
971,DEA,Nordhein-Westfalen,1995,urb_typ,urban typology,no unit,
972,DEA,Nordhein-Westfalen,1996,typ,metabolic typology,no unit,LVK
973,DEA,Nordhein-Westfalen,1996,urb_typ,urban typology,no unit,
974,DEA,Nordhein-Westfalen,1997,typ,metabolic typology,no unit,LVK
975,DEA,Nordhein-Westfalen,1997,urb_typ,urban typology,no unit,
976,DEA,Nordhein-Westfalen,1998,typ,metabolic typology,no unit,LVK
977,DEA,Nordhein-Westfalen,1998,urb_typ,urban typology,no unit,
978,DEA,Nordhein-Westfalen,1999,typ,metabolic typology,no unit,LVK
979,DEA,Nordhein-Westfalen,1999,urb_typ,urban typology,no unit,
980,DEA,Nordhein-Westfalen,2000,typ,metabolic typology,no unit,LVK
981,DEA,Nordhein-Westfalen,2000,urb_typ,urban typology,no unit,
982,DEA,Nordhein-Westfalen,2001,typ,metabolic typology,no unit,LVK
983,DEA,Nordhein-Westfalen,2001,urb_typ,urban typology,no unit,
984,DEA,Nordhein-Westfalen,2002,typ,metabolic typology,no unit,LVK
985,DEA,Nordhein-Westfalen,2002,urb_typ,urban typology,no unit,
986,DEA,Nordhein-Westfalen,2003,typ,metabolic typology,no unit,LVK
987,DEA,Nordhein-Westfalen,2003,urb_typ,urban typology,no unit,
988,DEA,Nordhein-Westfalen,2004,typ,metabolic typology,no unit,LVK
989,DEA,Nordhein-Westfalen,2004,urb_typ,urban typology,no unit,
990,DEA,Nordhein-Westfalen,2005,typ,metabolic typology,no unit,LVK
991,DEA,Nordhein-Westfalen,2005,urb_typ,urban typology,no unit,
992,DEA,Nordhein-Westfalen,2006,typ,metabolic typology,no unit,LVK
993,DEA,Nordhein-Westfalen,2006,urb_typ,urban typology,no unit,
994,DEA,Nordhein-Westfalen,2007,typ,metabolic typology,no unit,LVK
995,DEA,Nordhein-Westfalen,2007,urb_typ,urban typology,no unit,
996,DEA,Nordhein-Westfalen,2008,typ,metabolic typology,no unit,LVK
997,DEA,Nordhein-Westfalen,2008,urb_typ,urban typology,no unit,
998,DEA,Nordhein-Westfalen,2009,typ,metabolic typology,no unit,LVK
999,DEA,Nordhein-Westfalen,2009,urb_typ,urban typology,no unit,
1000,DEA,Nordhein-Westfalen,2010,typ,metabolic typology,no unit,LVK
1001,DEA,Nordhein-Westfalen,2010,urb_typ,urban typology,no unit,
1002,DEA,Nordhein-Westfalen,2011,typ,metabolic typology,no unit,LVK
1003,DEA,Nordhein-Westfalen,2011,urb_typ,urban typology,no unit,
1004,DEA,Nordhein-Westfalen,2012,typ,metabolic typology,no unit,LVK
1005,DEA,Nordhein-Westfalen,2012,urb_typ,urban typology,no unit,
1006,DEA,Nordhein-Westfalen,2013,typ,metabolic typology,no unit,LVK
1007,DEA,Nordhein-Westfalen,2013,urb_typ,urban typology,no unit,
1008,DEA,Nordhein-Westfalen,2014,typ,metabolic typology,no unit,LVK
1009,DEA,Nordhein-Westfalen,2014,urb_typ,urban typology,no unit,
1010,DEA,Nordhein-Westfalen,2015,typ,metabolic typology,no unit,LVK
1011,DEA,Nordhein-Westfalen,2015,urb_typ,urban typology,no unit,
1012,DEA,Nordhein-Westfalen,2016,typ,metabolic typology,no unit,LVK
1013,DEA,Nordhein-Westfalen,2016,urb_typ,urban typology,no unit,
1014,DEA,Nordhein-Westfalen,2017,typ,metabolic typology,no unit,LVK
1015,DEA,Nordhein-Westfalen,2017,urb_typ,urban typology,no unit,
1016,DEA,Nordhein-Westfalen,2018,typ,metabolic typology,no unit,LVK
1017,DEA,Nordhein-Westfalen,2018,urb_typ,urban typology,no unit,
1018,DEA,Nordhein-Westfalen,2019,typ,metabolic typology,no unit,LVK
1019,DEA,Nordhein-Westfalen,2019,urb_typ,urban typology,no unit,
1020,DEB,Rheinland-Pfalz,1990,typ,metabolic typology,no unit,MXG
1021,DEB,Rheinland-Pfalz,1990,urb_typ,urban typology,no unit,
1022,DEB,Rheinland-Pfalz,1991,typ,metabolic typology,no unit,DSG
1023,DEB,Rheinland-Pfalz,1991,urb_typ,urban typology,no unit,
1024,DEB,Rheinland-Pfalz,1992,typ,metabolic typology,no unit,MXG
1025,DEB,Rheinland-Pfalz,1992,urb_typ,urban typology,no unit,
1026,DEB,Rheinland-Pfalz,1993,typ,metabolic typology,no unit,MXG
1027,DEB,Rheinland-Pfalz,1993,urb_typ,urban typology,no unit,
1028,DEB,Rheinland-Pfalz,1994,typ,metabolic typology,no unit,MXG
1029,DEB,Rheinland-Pfalz,1994,urb_typ,urban typology,no unit,
1030,DEB,Rheinland-Pfalz,1995,typ,metabolic typology,no unit,MXG
1031,DEB,Rheinland-Pfalz,1995,urb_typ,urban typology,no unit,
1032,DEB,Rheinland-Pfalz,1996,typ,metabolic typology,no unit,MXG
1033,DEB,Rheinland-Pfalz,1996,urb_typ,urban typology,no unit,
1034,DEB,Rheinland-Pfalz,1997,typ,metabolic typology,no unit,MXG
1035,DEB,Rheinland-Pfalz,1997,urb_typ,urban typology,no unit,
1036,DEB,Rheinland-Pfalz,1998,typ,metabolic typology,no unit,MXG
1037,DEB,Rheinland-Pfalz,1998,urb_typ,urban typology,no unit,
1038,DEB,Rheinland-Pfalz,1999,typ,metabolic typology,no unit,MXG
1039,DEB,Rheinland-Pfalz,1999,urb_typ,urban typology,no unit,
1040,DEB,Rheinland-Pfalz,2000,typ,metabolic typology,no unit,MXG
1041,DEB,Rheinland-Pfalz,2000,urb_typ,urban typology,no unit,
1042,DEB,Rheinland-Pfalz,2001,typ,metabolic typology,no unit,MXG
1043,DEB,Rheinland-Pfalz,2001,urb_typ,urban typology,no unit,
1044,DEB,Rheinland-Pfalz,2002,typ,metabolic typology,no unit,MXG
1045,DEB,Rheinland-Pfalz,2002,urb_typ,urban typology,no unit,
1046,DEB,Rheinland-Pfalz,2003,typ,metabolic typology,no unit,MXG
1047,DEB,Rheinland-Pfalz,2003,urb_typ,urban typology,no unit,
1048,DEB,Rheinland-Pfalz,2004,typ,metabolic typology,no unit,MXG
1049,DEB,Rheinland-Pfalz,2004,urb_typ,urban typology,no unit,
1050,DEB,Rheinland-Pfalz,2005,typ,metabolic typology,no unit,MXG
1051,DEB,Rheinland-Pfalz,2005,urb_typ,urban typology,no unit,
1052,DEB,Rheinland-Pfalz,2006,typ,metabolic typology,no unit,MXG
1053,DEB,Rheinland-Pfalz,2006,urb_typ,urban typology,no unit,
1054,DEB,Rheinland-Pfalz,2007,typ,metabolic typology,no unit,MXG
1055,DEB,Rheinland-Pfalz,2007,urb_typ,urban typology,no unit,
1056,DEB,Rheinland-Pfalz,2008,typ,metabolic typology,no unit,MXG
1057,DEB,Rheinland-Pfalz,2008,urb_typ,urban typology,no unit,
1058,DEB,Rheinland-Pfalz,2009,typ,metabolic typology,no unit,MXG
1059,DEB,Rheinland-Pfalz,2009,urb_typ,urban typology,no unit,
1060,DEB,Rheinland-Pfalz,2010,typ,metabolic typology,no unit,MXG
1061,DEB,Rheinland-Pfalz,2010,urb_typ,urban typology,no unit,
1062,DEB,Rheinland-Pfalz,2011,typ,metabolic typology,no unit,MXG
1063,DEB,Rheinland-Pfalz,2011,urb_typ,urban typology,no unit,
1064,DEB,Rheinland-Pfalz,2012,typ,metabolic typology,no unit,MXG
1065,DEB,Rheinland-Pfalz,2012,urb_typ,urban typology,no unit,
1066,DEB,Rheinland-Pfalz,2013,typ,metabolic typology,no unit,MXG
1067,DEB,Rheinland-Pfalz,2013,urb_typ,urban typology,no unit,
1068,DEB,Rheinland-Pfalz,2014,typ,metabolic typology,no unit,MXG
1069,DEB,Rheinland-Pfalz,2014,urb_typ,urban typology,no unit,
1070,DEB,Rheinland-Pfalz,2015,typ,metabolic typology,no unit,MXG
1071,DEB,Rheinland-Pfalz,2015,urb_typ,urban typology,no unit,
1072,DEB,Rheinland-Pfalz,2016,typ,metabolic typology,no unit,MXG
1073,DEB,Rheinland-Pfalz,2016,urb_typ,urban typology,no unit,
1074,DEB,Rheinland-Pfalz,2017,typ,metabolic typology,no unit,MXG
1075,DEB,Rheinland-Pfalz,2017,urb_typ,urban typology,no unit,
1076,DEB,Rheinland-Pfalz,2018,typ,metabolic typology,no unit,MXG
1077,DEB,Rheinland-Pfalz,2018,urb_typ,urban typology,no unit,
1078,DEB,Rheinland-Pfalz,2019,typ,metabolic typology,no unit,MXG
1079,DEB,Rheinland-Pfalz,2019,urb_typ,urban typology,no unit,
1080,DEC,Saarland,1990,typ,metabolic typology,no unit,MXG
1081,DEC,Saarland,1990,urb_typ,urban typology,no unit,URB
1082,DEC,Saarland,1991,typ,metabolic typology,no unit,MXG
1083,DEC,Saarland,1991,urb_typ,urban typology,no unit,URB
1084,DEC,Saarland,1992,typ,metabolic typology,no unit,MXG
1085,DEC,Saarland,1992,urb_typ,urban typology,no unit,URB
1086,DEC,Saarland,1993,typ,metabolic typology,no unit,MXG
1087,DEC,Saarland,1993,urb_typ,urban typology,no unit,URB
1088,DEC,Saarland,1994,typ,metabolic typology,no unit,MXG
1089,DEC,Saarland,1994,urb_typ,urban typology,no unit,URB
1090,DEC,Saarland,1995,typ,metabolic typology,no unit,MXG
1091,DEC,Saarland,1995,urb_typ,urban typology,no unit,URB
1092,DEC,Saarland,1996,typ,metabolic typology,no unit,MXG
1093,DEC,Saarland,1996,urb_typ,urban typology,no unit,URB
1094,DEC,Saarland,1997,typ,metabolic typology,no unit,MXG
1095,DEC,Saarland,1997,urb_typ,urban typology,no unit,URB
1096,DEC,Saarland,1998,typ,metabolic typology,no unit,MXG
1097,DEC,Saarland,1998,urb_typ,urban typology,no unit,URB
1098,DEC,Saarland,1999,typ,metabolic typology,no unit,MXG
1099,DEC,Saarland,1999,urb_typ,urban typology,no unit,URB
1100,DEC,Saarland,2000,typ,metabolic typology,no unit,MXG
1101,DEC,Saarland,2000,urb_typ,urban typology,no unit,URB
1102,DEC,Saarland,2001,typ,metabolic typology,no unit,MXG
1103,DEC,Saarland,2001,urb_typ,urban typology,no unit,URB
1104,DEC,Saarland,2002,typ,metabolic typology,no unit,MXG
1105,DEC,Saarland,2002,urb_typ,urban typology,no unit,URB
1106,DEC,Saarland,2003,typ,metabolic typology,no unit,MXG
1107,DEC,Saarland,2003,urb_typ,urban typology,no unit,URB
1108,DEC,Saarland,2004,typ,metabolic typology,no unit,MXG
1109,DEC,Saarland,2004,urb_typ,urban typology,no unit,URB
1110,DEC,Saarland,2005,typ,metabolic typology,no unit,MXG
1111,DEC,Saarland,2005,urb_typ,urban typology,no unit,URB
1112,DEC,Saarland,2006,typ,metabolic typology,no unit,MXG
1113,DEC,Saarland,2006,urb_typ,urban typology,no unit,URB
1114,DEC,Saarland,2007,typ,metabolic typology,no unit,MXG
1115,DEC,Saarland,2007,urb_typ,urban typology,no unit,URB
1116,DEC,Saarland,2008,typ,metabolic typology,no unit,MXG
1117,DEC,Saarland,2008,urb_typ,urban typology,no unit,URB
1118,DEC,Saarland,2009,typ,metabolic typology,no unit,MXG
1119,DEC,Saarland,2009,urb_typ,urban typology,no unit,URB
1120,DEC,Saarland,2010,typ,metabolic typology,no unit,MXG
1121,DEC,Saarland,2010,urb_typ,urban typology,no unit,URB
1122,DEC,Saarland,2011,typ,metabolic typology,no unit,MXG
1123,DEC,Saarland,2011,urb_typ,urban typology,no unit,URB
1124,DEC,Saarland,2012,typ,metabolic typology,no unit,MXG
1125,DEC,Saarland,2012,urb_typ,urban typology,no unit,URB
1126,DEC,Saarland,2013,typ,metabolic typology,no unit,MXG
1127,DEC,Saarland,2013,urb_typ,urban typology,no unit,URB
1128,DEC,Saarland,2014,typ,metabolic typology,no unit,MXG
1129,DEC,Saarland,2014,urb_typ,urban typology,no unit,URB
1130,DEC,Saarland,2015,typ,metabolic typology,no unit,MXG
1131,DEC,Saarland,2015,urb_typ,urban typology,no unit,URB
1132,DEC,Saarland,2016,typ,metabolic typology,no unit,MXG
1133,DEC,Saarland,2016,urb_typ,urban typology,no unit,URB
1134,DEC,Saarland,2017,typ,metabolic typology,no unit,MXG
1135,DEC,Saarland,2017,urb_typ,urban typology,no unit,URB
1136,DEC,Saarland,2018,typ,metabolic typology,no unit,MXG
1137,DEC,Saarland,2018,urb_typ,urban typology,no unit,URB
1138,DEC,Saarland,2019,typ,metabolic typology,no unit,MXG
1139,DEC,Saarland,2019,urb_typ,urban typology,no unit,URB
1140,DED,Sachsen,1990,typ,metabolic typology,no unit,LVK
1141,DED,Sachsen,1990,urb_typ,urban typology,no unit,
1142,DED,Sachsen,1991,typ,metabolic typology,no unit,DSG
1143,DED,Sachsen,1991,urb_typ,urban typology,no unit,
1144,DED,Sachsen,1992,typ,metabolic typology,no unit,DSG
1145,DED,Sachsen,1992,urb_typ,urban typology,no unit,
1146,DED,Sachsen,1993,typ,metabolic typology,no unit,DSG
1147,DED,Sachsen,1993,urb_typ,urban typology,no unit,
1148,DED,Sachsen,1994,typ,metabolic typology,no unit,DSG
1149,DED,Sachsen,1994,urb_typ,urban typology,no unit,
1150,DED,Sachsen,1995,typ,metabolic typology,no unit,DSG
1151,DED,Sachsen,1995,urb_typ,urban typology,no unit,
1152,DED,Sachsen,1996,typ,metabolic typology,no unit,DSG
1153,DED,Sachsen,1996,urb_typ,urban typology,no unit,
1154,DED,Sachsen,1997,typ,metabolic typology,no unit,DSG
1155,DED,Sachsen,1997,urb_typ,urban typology,no unit,
1156,DED,Sachsen,1998,typ,metabolic typology,no unit,DSG
1157,DED,Sachsen,1998,urb_typ,urban typology,no unit,
1158,DED,Sachsen,1999,typ,metabolic typology,no unit,DSG
1159,DED,Sachsen,1999,urb_typ,urban typology,no unit,
1160,DED,Sachsen,2000,typ,metabolic typology,no unit,DSG
1161,DED,Sachsen,2000,urb_typ,urban typology,no unit,
1162,DED,Sachsen,2001,typ,metabolic typology,no unit,DSG
1163,DED,Sachsen,2001,urb_typ,urban typology,no unit,
1164,DED,Sachsen,2002,typ,metabolic typology,no unit,DSG
1165,DED,Sachsen,2002,urb_typ,urban typology,no unit,
1166,DED,Sachsen,2003,typ,metabolic typology,no unit,DSG
1167,DED,Sachsen,2003,urb_typ,urban typology,no unit,
1168,DED,Sachsen,2004,typ,metabolic typology,no unit,DSG
1169,DED,Sachsen,2004,urb_typ,urban typology,no unit,
1170,DED,Sachsen,2005,typ,metabolic typology,no unit,DSG
1171,DED,Sachsen,2005,urb_typ,urban typology,no unit,
1172,DED,Sachsen,2006,typ,metabolic typology,no unit,DSG
1173,DED,Sachsen,2006,urb_typ,urban typology,no unit,
1174,DED,Sachsen,2007,typ,metabolic typology,no unit,DSG
1175,DED,Sachsen,2007,urb_typ,urban typology,no unit,
1176,DED,Sachsen,2008,typ,metabolic typology,no unit,DSG
1177,DED,Sachsen,2008,urb_typ,urban typology,no unit,
1178,DED,Sachsen,2009,typ,metabolic typology,no unit,DSG
1179,DED,Sachsen,2009,urb_typ,urban typology,no unit,
1180,DED,Sachsen,2010,typ,metabolic typology,no unit,DSG
1181,DED,Sachsen,2010,urb_typ,urban typology,no unit,
1182,DED,Sachsen,2011,typ,metabolic typology,no unit,DSG
1183,DED,Sachsen,2011,urb_typ,urban typology,no unit,
1184,DED,Sachsen,2012,typ,metabolic typology,no unit,DSG
1185,DED,Sachsen,2012,urb_typ,urban typology,no unit,
1186,DED,Sachsen,2013,typ,metabolic typology,no unit,DSG
1187,DED,Sachsen,2013,urb_typ,urban typology,no unit,
1188,DED,Sachsen,2014,typ,metabolic typology,no unit,DSG
1189,DED,Sachsen,2014,urb_typ,urban typology,no unit,
1190,DED,Sachsen,2015,typ,metabolic typology,no unit,DSG
1191,DED,Sachsen,2015,urb_typ,urban typology,no unit,
1192,DED,Sachsen,2016,typ,metabolic typology,no unit,DSG
1193,DED,Sachsen,2016,urb_typ,urban typology,no unit,
1194,DED,Sachsen,2017,typ,metabolic typology,no unit,DSG
1195,DED,Sachsen,2017,urb_typ,urban typology,no unit,
1196,DED,Sachsen,2018,typ,metabolic typology,no unit,DSG
1197,DED,Sachsen,2018,urb_typ,urban typology,no unit,
1198,DED,Sachsen,2019,typ,metabolic typology,no unit,DSG
1199,DED,Sachsen,2019,urb_typ,urban typology,no unit,
1200,DEE,Sachsen-Anhalt,1990,typ,metabolic typology,no unit,DSG
1201,DEE,Sachsen-Anhalt,1990,urb_typ,urban typology,no unit,
1202,DEE,Sachsen-Anhalt,1991,typ,metabolic typology,no unit,DSG
1203,DEE,Sachsen-Anhalt,1991,urb_typ,urban typology,no unit,
1204,DEE,Sachsen-Anhalt,1992,typ,metabolic typology,no unit,DSG
1205,DEE,Sachsen-Anhalt,1992,urb_typ,urban typology,no unit,
1206,DEE,Sachsen-Anhalt,1993,typ,metabolic typology,no unit,DSG
1207,DEE,Sachsen-Anhalt,1993,urb_typ,urban typology,no unit,
1208,DEE,Sachsen-Anhalt,1994,typ,metabolic typology,no unit,DSG
1209,DEE,Sachsen-Anhalt,1994,urb_typ,urban typology,no unit,
1210,DEE,Sachsen-Anhalt,1995,typ,metabolic typology,no unit,SCS
1211,DEE,Sachsen-Anhalt,1995,urb_typ,urban typology,no unit,
1212,DEE,Sachsen-Anhalt,1996,typ,metabolic typology,no unit,SCS
1213,DEE,Sachsen-Anhalt,1996,urb_typ,urban typology,no unit,
1214,DEE,Sachsen-Anhalt,1997,typ,metabolic typology,no unit,SCS
1215,DEE,Sachsen-Anhalt,1997,urb_typ,urban typology,no unit,
1216,DEE,Sachsen-Anhalt,1998,typ,metabolic typology,no unit,SCS
1217,DEE,Sachsen-Anhalt,1998,urb_typ,urban typology,no unit,
1218,DEE,Sachsen-Anhalt,1999,typ,metabolic typology,no unit,SCS
1219,DEE,Sachsen-Anhalt,1999,urb_typ,urban typology,no unit,
1220,DEE,Sachsen-Anhalt,2000,typ,metabolic typology,no unit,SCS
1221,DEE,Sachsen-Anhalt,2000,urb_typ,urban typology,no unit,
1222,DEE,Sachsen-Anhalt,2001,typ,metabolic typology,no unit,SCS
1223,DEE,Sachsen-Anhalt,2001,urb_typ,urban typology,no unit,
1224,DEE,Sachsen-Anhalt,2002,typ,metabolic typology,no unit,SCS
1225,DEE,Sachsen-Anhalt,2002,urb_typ,urban typology,no unit,
1226,DEE,Sachsen-Anhalt,2003,typ,metabolic typology,no unit,DSG
1227,DEE,Sachsen-Anhalt,2003,urb_typ,urban typology,no unit,
1228,DEE,Sachsen-Anhalt,2004,typ,metabolic typology,no unit,SCS
1229,DEE,Sachsen-Anhalt,2004,urb_typ,urban typology,no unit,
1230,DEE,Sachsen-Anhalt,2005,typ,metabolic typology,no unit,SCS
1231,DEE,Sachsen-Anhalt,2005,urb_typ,urban typology,no unit,
1232,DEE,Sachsen-Anhalt,2006,typ,metabolic typology,no unit,SCS
1233,DEE,Sachsen-Anhalt,2006,urb_typ,urban typology,no unit,
1234,DEE,Sachsen-Anhalt,2007,typ,metabolic typology,no unit,SCS
1235,DEE,Sachsen-Anhalt,2007,urb_typ,urban typology,no unit,
1236,DEE,Sachsen-Anhalt,2008,typ,metabolic typology,no unit,SCS
1237,DEE,Sachsen-Anhalt,2008,urb_typ,urban typology,no unit,
1238,DEE,Sachsen-Anhalt,2009,typ,metabolic typology,no unit,SCS
1239,DEE,Sachsen-Anhalt,2009,urb_typ,urban typology,no unit,
1240,DEE,Sachsen-Anhalt,2010,typ,metabolic typology,no unit,SCS
1241,DEE,Sachsen-Anhalt,2010,urb_typ,urban typology,no unit,
1242,DEE,Sachsen-Anhalt,2011,typ,metabolic typology,no unit,SCS
1243,DEE,Sachsen-Anhalt,2011,urb_typ,urban typology,no unit,
1244,DEE,Sachsen-Anhalt,2012,typ,metabolic typology,no unit,SCS
1245,DEE,Sachsen-Anhalt,2012,urb_typ,urban typology,no unit,
1246,DEE,Sachsen-Anhalt,2013,typ,metabolic typology,no unit,SCS
1247,DEE,Sachsen-Anhalt,2013,urb_typ,urban typology,no unit,
1248,DEE,Sachsen-Anhalt,2014,typ,metabolic typology,no unit,SCS
1249,DEE,Sachsen-Anhalt,2014,urb_typ,urban typology,no unit,
1250,DEE,Sachsen-Anhalt,2015,typ,metabolic typology,no unit,SCS
1251,DEE,Sachsen-Anhalt,2015,urb_typ,urban typology,no unit,
1252,DEE,Sachsen-Anhalt,2016,typ,metabolic typology,no unit,SCS
1253,DEE,Sachsen-Anhalt,2016,urb_typ,urban typology,no unit,
1254,DEE,Sachsen-Anhalt,2017,typ,metabolic typology,no unit,SCS
1255,DEE,Sachsen-Anhalt,2017,urb_typ,urban typology,no unit,
1256,DEE,Sachsen-Anhalt,2018,typ,metabolic typology,no unit,DSG
1257,DEE,Sachsen-Anhalt,2018,urb_typ,urban typology,no unit,
1258,DEE,Sachsen-Anhalt,2019,typ,metabolic typology,no unit,DSG
1259,DEE,Sachsen-Anhalt,2019,urb_typ,urban typology,no unit,
1260,DEF,Schleswig-Holstein,1990,typ,metabolic typology,no unit,DSG
1261,DEF,Schleswig-Holstein,1990,urb_typ,urban typology,no unit,
1262,DEF,Schleswig-Holstein,1991,typ,metabolic typology,no unit,DSG
1263,DEF,Schleswig-Holstein,1991,urb_typ,urban typology,no unit,
1264,DEF,Schleswig-Holstein,1992,typ,metabolic typology,no unit,DSG
1265,DEF,Schleswig-Holstein,1992,urb_typ,urban typology,no unit,
1266,DEF,Schleswig-Holstein,1993,typ,metabolic typology,no unit,DSG
1267,DEF,Schleswig-Holstein,1993,urb_typ,urban typology,no unit,
1268,DEF,Schleswig-Holstein,1994,typ,metabolic typology,no unit,DSG
1269,DEF,Schleswig-Holstein,1994,urb_typ,urban typology,no unit,
1270,DEF,Schleswig-Holstein,1995,typ,metabolic typology,no unit,DSG
1271,DEF,Schleswig-Holstein,1995,urb_typ,urban typology,no unit,
1272,DEF,Schleswig-Holstein,1996,typ,metabolic typology,no unit,DSG
1273,DEF,Schleswig-Holstein,1996,urb_typ,urban typology,no unit,
1274,DEF,Schleswig-Holstein,1997,typ,metabolic typology,no unit,DSG
1275,DEF,Schleswig-Holstein,1997,urb_typ,urban typology,no unit,
1276,DEF,Schleswig-Holstein,1998,typ,metabolic typology,no unit,DSG
1277,DEF,Schleswig-Holstein,1998,urb_typ,urban typology,no unit,
1278,DEF,Schleswig-Holstein,1999,typ,metabolic typology,no unit,DSG
1279,DEF,Schleswig-Holstein,1999,urb_typ,urban typology,no unit,
1280,DEF,Schleswig-Holstein,2000,typ,metabolic typology,no unit,DSG
1281,DEF,Schleswig-Holstein,2000,urb_typ,urban typology,no unit,
1282,DEF,Schleswig-Holstein,2001,typ,metabolic typology,no unit,DSG
1283,DEF,Schleswig-Holstein,2001,urb_typ,urban typology,no unit,
1284,DEF,Schleswig-Holstein,2002,typ,metabolic typology,no unit,DSG
1285,DEF,Schleswig-Holstein,2002,urb_typ,urban typology,no unit,
1286,DEF,Schleswig-Holstein,2003,typ,metabolic typology,no unit,DSG
1287,DEF,Schleswig-Holstein,2003,urb_typ,urban typology,no unit,
1288,DEF,Schleswig-Holstein,2004,typ,metabolic typology,no unit,DSG
1289,DEF,Schleswig-Holstein,2004,urb_typ,urban typology,no unit,
1290,DEF,Schleswig-Holstein,2005,typ,metabolic typology,no unit,DSG
1291,DEF,Schleswig-Holstein,2005,urb_typ,urban typology,no unit,
1292,DEF,Schleswig-Holstein,2006,typ,metabolic typology,no unit,DSG
1293,DEF,Schleswig-Holstein,2006,urb_typ,urban typology,no unit,
1294,DEF,Schleswig-Holstein,2007,typ,metabolic typology,no unit,DSG
1295,DEF,Schleswig-Holstein,2007,urb_typ,urban typology,no unit,
1296,DEF,Schleswig-Holstein,2008,typ,metabolic typology,no unit,DSG
1297,DEF,Schleswig-Holstein,2008,urb_typ,urban typology,no unit,
1298,DEF,Schleswig-Holstein,2009,typ,metabolic typology,no unit,DSG
1299,DEF,Schleswig-Holstein,2009,urb_typ,urban typology,no unit,
1300,DEF,Schleswig-Holstein,2010,typ,metabolic typology,no unit,DSG
1301,DEF,Schleswig-Holstein,2010,urb_typ,urban typology,no unit,
1302,DEF,Schleswig-Holstein,2011,typ,metabolic typology,no unit,DSG
1303,DEF,Schleswig-Holstein,2011,urb_typ,urban typology,no unit,
1304,DEF,Schleswig-Holstein,2012,typ,metabolic typology,no unit,DSG
1305,DEF,Schleswig-Holstein,2012,urb_typ,urban typology,no unit,
1306,DEF,Schleswig-Holstein,2013,typ,metabolic typology,no unit,DSG
1307,DEF,Schleswig-Holstein,2013,urb_typ,urban typology,no unit,
1308,DEF,Schleswig-Holstein,2014,typ,metabolic typology,no unit,DSG
1309,DEF,Schleswig-Holstein,2014,urb_typ,urban typology,no unit,
1310,DEF,Schleswig-Holstein,2015,typ,metabolic typology,no unit,DSG
1311,DEF,Schleswig-Holstein,2015,urb_typ,urban typology,no unit,
1312,DEF,Schleswig-Holstein,2016,typ,metabolic typology,no unit,DSG
1313,DEF,Schleswig-Holstein,2016,urb_typ,urban typology,no unit,
1314,DEF,Schleswig-Holstein,2017,typ,metabolic typology,no unit,DSG
1315,DEF,Schleswig-Holstein,2017,urb_typ,urban typology,no unit,
1316,DEF,Schleswig-Holstein,2018,typ,metabolic typology,no unit,DSG
1317,DEF,Schleswig-Holstein,2018,urb_typ,urban typology,no unit,
1318,DEF,Schleswig-Holstein,2019,typ,metabolic typology,no unit,DSG
1319,DEF,Schleswig-Holstein,2019,urb_typ,urban typology,no unit,
1320,DEG,Thüringen,1990,typ,metabolic typology,no unit,DSG
1321,DEG,Thüringen,1990,urb_typ,urban typology,no unit,
1322,DEG,Thüringen,1991,typ,metabolic typology,no unit,DSG
1323,DEG,Thüringen,1991,urb_typ,urban typology,no unit,
1324,DEG,Thüringen,1992,typ,metabolic typology,no unit,DSG
1325,DEG,Thüringen,1992,urb_typ,urban typology,no unit,
1326,DEG,Thüringen,1993,typ,metabolic typology,no unit,DSG
1327,DEG,Thüringen,1993,urb_typ,urban typology,no unit,
1328,DEG,Thüringen,1994,typ,metabolic typology,no unit,DSG
1329,DEG,Thüringen,1994,urb_typ,urban typology,no unit,
1330,DEG,Thüringen,1995,typ,metabolic typology,no unit,DSG
1331,DEG,Thüringen,1995,urb_typ,urban typology,no unit,
1332,DEG,Thüringen,1996,typ,metabolic typology,no unit,DSG
1333,DEG,Thüringen,1996,urb_typ,urban typology,no unit,
1334,DEG,Thüringen,1997,typ,metabolic typology,no unit,DSG
1335,DEG,Thüringen,1997,urb_typ,urban typology,no unit,
1336,DEG,Thüringen,1998,typ,metabolic typology,no unit,DSG
1337,DEG,Thüringen,1998,urb_typ,urban typology,no unit,
1338,DEG,Thüringen,1999,typ,metabolic typology,no unit,DSG
1339,DEG,Thüringen,1999,urb_typ,urban typology,no unit,
1340,DEG,Thüringen,2000,typ,metabolic typology,no unit,DSG
1341,DEG,Thüringen,2000,urb_typ,urban typology,no unit,
1342,DEG,Thüringen,2001,typ,metabolic typology,no unit,SCS
1343,DEG,Thüringen,2001,urb_typ,urban typology,no unit,
1344,DEG,Thüringen,2002,typ,metabolic typology,no unit,DSG
1345,DEG,Thüringen,2002,urb_typ,urban typology,no unit,
1346,DEG,Thüringen,2003,typ,metabolic typology,no unit,DSG
1347,DEG,Thüringen,2003,urb_typ,urban typology,no unit,
1348,DEG,Thüringen,2004,typ,metabolic typology,no unit,SCS
1349,DEG,Thüringen,2004,urb_typ,urban typology,no unit,
1350,DEG,Thüringen,2005,typ,metabolic typology,no unit,SCS
1351,DEG,Thüringen,2005,urb_typ,urban typology,no unit,
1352,DEG,Thüringen,2006,typ,metabolic typology,no unit,SCS
1353,DEG,Thüringen,2006,urb_typ,urban typology,no unit,
1354,DEG,Thüringen,2007,typ,metabolic typology,no unit,DSG
1355,DEG,Thüringen,2007,urb_typ,urban typology,no unit,
1356,DEG,Thüringen,2008,typ,metabolic typology,no unit,SCS
1357,DEG,Thüringen,2008,urb_typ,urban typology,no unit,
1358,DEG,Thüringen,2009,typ,metabolic typology,no unit,SCS
1359,DEG,Thüringen,2009,urb_typ,urban typology,no unit,
1360,DEG,Thüringen,2010,typ,metabolic typology,no unit,SCS
1361,DEG,Thüringen,2010,urb_typ,urban typology,no unit,
1362,DEG,Thüringen,2011,typ,metabolic typology,no unit,DSG
1363,DEG,Thüringen,2011,urb_typ,urban typology,no unit,
1364,DEG,Thüringen,2012,typ,metabolic typology,no unit,SCS
1365,DEG,Thüringen,2012,urb_typ,urban typology,no unit,
1366,DEG,Thüringen,2013,typ,metabolic typology,no unit,SCS
1367,DEG,Thüringen,2013,urb_typ,urban typology,no unit,
1368,DEG,Thüringen,2014,typ,metabolic typology,no unit,SCS
1369,DEG,Thüringen,2014,urb_typ,urban typology,no unit,
1370,DEG,Thüringen,2015,typ,metabolic typology,no unit,SCS
1371,DEG,Thüringen,2015,urb_typ,urban typology,no unit,
1372,DEG,Thüringen,2016,typ,metabolic typology,no unit,SCS
1373,DEG,Thüringen,2016,urb_typ,urban typology,no unit,
1374,DEG,Thüringen,2017,typ,metabolic typology,no unit,SCS
1375,DEG,Thüringen,2017,urb_typ,urban typology,no unit,
1376,DEG,Thüringen,2018,typ,metabolic typology,no unit,SCS
1377,DEG,Thüringen,2018,urb_typ,urban typology,no unit,
1378,DEG,Thüringen,2019,typ,metabolic typology,no unit,SCS
1379,DEG,Thüringen,2019,urb_typ,urban typology,no unit,
1380,DK,Denmark,1990,typ,metabolic typology,no unit,DSG
1381,DK,Denmark,1990,urb_typ,urban typology,no unit,
1382,DK,Denmark,1991,typ,metabolic typology,no unit,DSG
1383,DK,Denmark,1991,urb_typ,urban typology,no unit,
1384,DK,Denmark,1992,typ,metabolic typology,no unit,LVK
1385,DK,Denmark,1992,urb_typ,urban typology,no unit,
1386,DK,Denmark,1993,typ,metabolic typology,no unit,MXF
1387,DK,Denmark,1993,urb_typ,urban typology,no unit,
1388,DK,Denmark,1994,typ,metabolic typology,no unit,MXF
1389,DK,Denmark,1994,urb_typ,urban typology,no unit,
1390,DK,Denmark,1995,typ,metabolic typology,no unit,MXF
1391,DK,Denmark,1995,urb_typ,urban typology,no unit,
1392,DK,Denmark,1996,typ,metabolic typology,no unit,MXF
1393,DK,Denmark,1996,urb_typ,urban typology,no unit,
1394,DK,Denmark,1997,typ,metabolic typology,no unit,MXF
1395,DK,Denmark,1997,urb_typ,urban typology,no unit,
1396,DK,Denmark,1998,typ,metabolic typology,no unit,MXF
1397,DK,Denmark,1998,urb_typ,urban typology,no unit,
1398,DK,Denmark,1999,typ,metabolic typology,no unit,MXF
1399,DK,Denmark,1999,urb_typ,urban typology,no unit,
1400,DK,Denmark,2000,typ,metabolic typology,no unit,MXF
1401,DK,Denmark,2000,urb_typ,urban typology,no unit,
1402,DK,Denmark,2001,typ,metabolic typology,no unit,MXF
1403,DK,Denmark,2001,urb_typ,urban typology,no unit,
1404,DK,Denmark,2002,typ,metabolic typology,no unit,MXF
1405,DK,Denmark,2002,urb_typ,urban typology,no unit,
1406,DK,Denmark,2003,typ,metabolic typology,no unit,MXF
1407,DK,Denmark,2003,urb_typ,urban typology,no unit,
1408,DK,Denmark,2004,typ,metabolic typology,no unit,MXF
1409,DK,Denmark,2004,urb_typ,urban typology,no unit,
1410,DK,Denmark,2005,typ,metabolic typology,no unit,MXF
1411,DK,Denmark,2005,urb_typ,urban typology,no unit,
1412,DK,Denmark,2006,typ,metabolic typology,no unit,MXF
1413,DK,Denmark,2006,urb_typ,urban typology,no unit,
1414,DK,Denmark,2007,typ,metabolic typology,no unit,MXF
1415,DK,Denmark,2007,urb_typ,urban typology,no unit,
1416,DK,Denmark,2008,typ,metabolic typology,no unit,MXF
1417,DK,Denmark,2008,urb_typ,urban typology,no unit,
1418,DK,Denmark,2009,typ,metabolic typology,no unit,MXF
1419,DK,Denmark,2009,urb_typ,urban typology,no unit,
1420,DK,Denmark,2010,typ,metabolic typology,no unit,MXF
1421,DK,Denmark,2010,urb_typ,urban typology,no unit,
1422,DK,Denmark,2011,typ,metabolic typology,no unit,MXF
1423,DK,Denmark,2011,urb_typ,urban typology,no unit,
1424,DK,Denmark,2012,typ,metabolic typology,no unit,MXF
1425,DK,Denmark,2012,urb_typ,urban typology,no unit,
1426,DK,Denmark,2013,typ,metabolic typology,no unit,MXF
1427,DK,Denmark,2013,urb_typ,urban typology,no unit,
1428,DK,Denmark,2014,typ,metabolic typology,no unit,MXF
1429,DK,Denmark,2014,urb_typ,urban typology,no unit,
1430,DK,Denmark,2015,typ,metabolic typology,no unit,MXF
1431,DK,Denmark,2015,urb_typ,urban typology,no unit,
1432,DK,Denmark,2016,typ,metabolic typology,no unit,MXF
1433,DK,Denmark,2016,urb_typ,urban typology,no unit,
1434,DK,Denmark,2017,typ,metabolic typology,no unit,MXF
1435,DK,Denmark,2017,urb_typ,urban typology,no unit,
1436,DK,Denmark,2018,typ,metabolic typology,no unit,MXF
1437,DK,Denmark,2018,urb_typ,urban typology,no unit,
1438,DK,Denmark,2019,typ,metabolic typology,no unit,MXF
1439,DK,Denmark,2019,urb_typ,urban typology,no unit,
1440,EE,Estonia,1990,typ,metabolic typology,no unit,DSG
1441,EE,Estonia,1990,urb_typ,urban typology,no unit,
1442,EE,Estonia,1991,typ,metabolic typology,no unit,DSG
1443,EE,Estonia,1991,urb_typ,urban typology,no unit,
1444,EE,Estonia,1992,typ,metabolic typology,no unit,DSG
1445,EE,Estonia,1992,urb_typ,urban typology,no unit,
1446,EE,Estonia,1993,typ,metabolic typology,no unit,SCS
1447,EE,Estonia,1993,urb_typ,urban typology,no unit,
1448,EE,Estonia,1994,typ,metabolic typology,no unit,DSG
1449,EE,Estonia,1994,urb_typ,urban typology,no unit,
1450,EE,Estonia,1995,typ,metabolic typology,no unit,DSG
1451,EE,Estonia,1995,urb_typ,urban typology,no unit,
1452,EE,Estonia,1996,typ,metabolic typology,no unit,SCS
1453,EE,Estonia,1996,urb_typ,urban typology,no unit,
1454,EE,Estonia,1997,typ,metabolic typology,no unit,SCS
1455,EE,Estonia,1997,urb_typ,urban typology,no unit,
1456,EE,Estonia,1998,typ,metabolic typology,no unit,SCS
1457,EE,Estonia,1998,urb_typ,urban typology,no unit,
1458,EE,Estonia,1999,typ,metabolic typology,no unit,SCS
1459,EE,Estonia,1999,urb_typ,urban typology,no unit,
1460,EE,Estonia,2000,typ,metabolic typology,no unit,SCS
1461,EE,Estonia,2000,urb_typ,urban typology,no unit,
1462,EE,Estonia,2001,typ,metabolic typology,no unit,DSG
1463,EE,Estonia,2001,urb_typ,urban typology,no unit,
1464,EE,Estonia,2002,typ,metabolic typology,no unit,DSG
1465,EE,Estonia,2002,urb_typ,urban typology,no unit,
1466,EE,Estonia,2003,typ,metabolic typology,no unit,DSG
1467,EE,Estonia,2003,urb_typ,urban typology,no unit,
1468,EE,Estonia,2004,typ,metabolic typology,no unit,DSG
1469,EE,Estonia,2004,urb_typ,urban typology,no unit,
1470,EE,Estonia,2005,typ,metabolic typology,no unit,DSG
1471,EE,Estonia,2005,urb_typ,urban typology,no unit,
1472,EE,Estonia,2006,typ,metabolic typology,no unit,MXG
1473,EE,Estonia,2006,urb_typ,urban typology,no unit,
1474,EE,Estonia,2007,typ,metabolic typology,no unit,MXG
1475,EE,Estonia,2007,urb_typ,urban typology,no unit,
1476,EE,Estonia,2008,typ,metabolic typology,no unit,MXG
1477,EE,Estonia,2008,urb_typ,urban typology,no unit,
1478,EE,Estonia,2009,typ,metabolic typology,no unit,MXG
1479,EE,Estonia,2009,urb_typ,urban typology,no unit,
1480,EE,Estonia,2010,typ,metabolic typology,no unit,MXG
1481,EE,Estonia,2010,urb_typ,urban typology,no unit,
1482,EE,Estonia,2011,typ,metabolic typology,no unit,MXG
1483,EE,Estonia,2011,urb_typ,urban typology,no unit,
1484,EE,Estonia,2012,typ,metabolic typology,no unit,MXG
1485,EE,Estonia,2012,urb_typ,urban typology,no unit,
1486,EE,Estonia,2013,typ,metabolic typology,no unit,MXG
1487,EE,Estonia,2013,urb_typ,urban typology,no unit,
1488,EE,Estonia,2014,typ,metabolic typology,no unit,SCS
1489,EE,Estonia,2014,urb_typ,urban typology,no unit,
1490,EE,Estonia,2015,typ,metabolic typology,no unit,SCS
1491,EE,Estonia,2015,urb_typ,urban typology,no unit,
1492,EE,Estonia,2016,typ,metabolic typology,no unit,SCS
1493,EE,Estonia,2016,urb_typ,urban typology,no unit,
1494,EE,Estonia,2017,typ,metabolic typology,no unit,SCS
1495,EE,Estonia,2017,urb_typ,urban typology,no unit,
1496,EE,Estonia,2018,typ,metabolic typology,no unit,MXG
1497,EE,Estonia,2018,urb_typ,urban typology,no unit,
1498,EE,Estonia,2019,typ,metabolic typology,no unit,SCS
1499,EE,Estonia,2019,urb_typ,urban typology,no unit,
1500,EL,Greece,1990,typ,metabolic typology,no unit,MXG
1501,EL,Greece,1990,urb_typ,urban typology,no unit,
1502,EL,Greece,1991,typ,metabolic typology,no unit,MXG
1503,EL,Greece,1991,urb_typ,urban typology,no unit,
1504,EL,Greece,1992,typ,metabolic typology,no unit,MXG
1505,EL,Greece,1992,urb_typ,urban typology,no unit,
1506,EL,Greece,1993,typ,metabolic typology,no unit,MXG
1507,EL,Greece,1993,urb_typ,urban typology,no unit,
1508,EL,Greece,1994,typ,metabolic typology,no unit,MXG
1509,EL,Greece,1994,urb_typ,urban typology,no unit,
1510,EL,Greece,1995,typ,metabolic typology,no unit,MXG
1511,EL,Greece,1995,urb_typ,urban typology,no unit,
1512,EL,Greece,1996,typ,metabolic typology,no unit,MXG
1513,EL,Greece,1996,urb_typ,urban typology,no unit,
1514,EL,Greece,1997,typ,metabolic typology,no unit,MXG
1515,EL,Greece,1997,urb_typ,urban typology,no unit,
1516,EL,Greece,1998,typ,metabolic typology,no unit,MXG
1517,EL,Greece,1998,urb_typ,urban typology,no unit,
1518,EL,Greece,1999,typ,metabolic typology,no unit,MXG
1519,EL,Greece,1999,urb_typ,urban typology,no unit,
1520,EL,Greece,2000,typ,metabolic typology,no unit,MXG
1521,EL,Greece,2000,urb_typ,urban typology,no unit,
1522,EL,Greece,2001,typ,metabolic typology,no unit,MXG
1523,EL,Greece,2001,urb_typ,urban typology,no unit,
1524,EL,Greece,2002,typ,metabolic typology,no unit,MXG
1525,EL,Greece,2002,urb_typ,urban typology,no unit,
1526,EL,Greece,2003,typ,metabolic typology,no unit,MXG
1527,EL,Greece,2003,urb_typ,urban typology,no unit,
1528,EL,Greece,2004,typ,metabolic typology,no unit,MXG
1529,EL,Greece,2004,urb_typ,urban typology,no unit,
1530,EL,Greece,2005,typ,metabolic typology,no unit,MXG
1531,EL,Greece,2005,urb_typ,urban typology,no unit,
1532,EL,Greece,2006,typ,metabolic typology,no unit,MXG
1533,EL,Greece,2006,urb_typ,urban typology,no unit,
1534,EL,Greece,2007,typ,metabolic typology,no unit,MXG
1535,EL,Greece,2007,urb_typ,urban typology,no unit,
1536,EL,Greece,2008,typ,metabolic typology,no unit,MXG
1537,EL,Greece,2008,urb_typ,urban typology,no unit,
1538,EL,Greece,2009,typ,metabolic typology,no unit,MXG
1539,EL,Greece,2009,urb_typ,urban typology,no unit,
1540,EL,Greece,2010,typ,metabolic typology,no unit,MXG
1541,EL,Greece,2010,urb_typ,urban typology,no unit,
1542,EL,Greece,2011,typ,metabolic typology,no unit,MXG
1543,EL,Greece,2011,urb_typ,urban typology,no unit,
1544,EL,Greece,2012,typ,metabolic typology,no unit,MXG
1545,EL,Greece,2012,urb_typ,urban typology,no unit,
1546,EL,Greece,2013,typ,metabolic typology,no unit,MXG
1547,EL,Greece,2013,urb_typ,urban typology,no unit,
1548,EL,Greece,2014,typ,metabolic typology,no unit,MXG
1549,EL,Greece,2014,urb_typ,urban typology,no unit,
1550,EL,Greece,2015,typ,metabolic typology,no unit,MXG
1551,EL,Greece,2015,urb_typ,urban typology,no unit,
1552,EL,Greece,2016,typ,metabolic typology,no unit,MXG
1553,EL,Greece,2016,urb_typ,urban typology,no unit,
1554,EL,Greece,2017,typ,metabolic typology,no unit,MXG
1555,EL,Greece,2017,urb_typ,urban typology,no unit,
1556,EL,Greece,2018,typ,metabolic typology,no unit,MXG
1557,EL,Greece,2018,urb_typ,urban typology,no unit,
1558,EL,Greece,2019,typ,metabolic typology,no unit,MXG
1559,EL,Greece,2019,urb_typ,urban typology,no unit,
1560,ES11,Galicia,1990,typ,metabolic typology,no unit,MXF
1561,ES11,Galicia,1990,urb_typ,urban typology,no unit,
1562,ES11,Galicia,1991,typ,metabolic typology,no unit,MXF
1563,ES11,Galicia,1991,urb_typ,urban typology,no unit,
1564,ES11,Galicia,1992,typ,metabolic typology,no unit,MXF
1565,ES11,Galicia,1992,urb_typ,urban typology,no unit,
1566,ES11,Galicia,1993,typ,metabolic typology,no unit,MXF
1567,ES11,Galicia,1993,urb_typ,urban typology,no unit,
1568,ES11,Galicia,1994,typ,metabolic typology,no unit,MXF
1569,ES11,Galicia,1994,urb_typ,urban typology,no unit,
1570,ES11,Galicia,1995,typ,metabolic typology,no unit,MXF
1571,ES11,Galicia,1995,urb_typ,urban typology,no unit,
1572,ES11,Galicia,1996,typ,metabolic typology,no unit,MXF
1573,ES11,Galicia,1996,urb_typ,urban typology,no unit,
1574,ES11,Galicia,1997,typ,metabolic typology,no unit,LVK
1575,ES11,Galicia,1997,urb_typ,urban typology,no unit,
1576,ES11,Galicia,1998,typ,metabolic typology,no unit,LVK
1577,ES11,Galicia,1998,urb_typ,urban typology,no unit,
1578,ES11,Galicia,1999,typ,metabolic typology,no unit,MXF
1579,ES11,Galicia,1999,urb_typ,urban typology,no unit,
1580,ES11,Galicia,2000,typ,metabolic typology,no unit,LVK
1581,ES11,Galicia,2000,urb_typ,urban typology,no unit,
1582,ES11,Galicia,2001,typ,metabolic typology,no unit,LVK
1583,ES11,Galicia,2001,urb_typ,urban typology,no unit,
1584,ES11,Galicia,2002,typ,metabolic typology,no unit,LVK
1585,ES11,Galicia,2002,urb_typ,urban typology,no unit,
1586,ES11,Galicia,2003,typ,metabolic typology,no unit,LVK
1587,ES11,Galicia,2003,urb_typ,urban typology,no unit,
1588,ES11,Galicia,2004,typ,metabolic typology,no unit,LVK
1589,ES11,Galicia,2004,urb_typ,urban typology,no unit,
1590,ES11,Galicia,2005,typ,metabolic typology,no unit,LVK
1591,ES11,Galicia,2005,urb_typ,urban typology,no unit,
1592,ES11,Galicia,2006,typ,metabolic typology,no unit,MXF
1593,ES11,Galicia,2006,urb_typ,urban typology,no unit,
1594,ES11,Galicia,2007,typ,metabolic typology,no unit,LVK
1595,ES11,Galicia,2007,urb_typ,urban typology,no unit,
1596,ES11,Galicia,2008,typ,metabolic typology,no unit,LVK
1597,ES11,Galicia,2008,urb_typ,urban typology,no unit,
1598,ES11,Galicia,2009,typ,metabolic typology,no unit,LVK
1599,ES11,Galicia,2009,urb_typ,urban typology,no unit,
1600,ES11,Galicia,2010,typ,metabolic typology,no unit,LVK
1601,ES11,Galicia,2010,urb_typ,urban typology,no unit,
1602,ES11,Galicia,2011,typ,metabolic typology,no unit,LVK
1603,ES11,Galicia,2011,urb_typ,urban typology,no unit,
1604,ES11,Galicia,2012,typ,metabolic typology,no unit,LVK
1605,ES11,Galicia,2012,urb_typ,urban typology,no unit,
1606,ES11,Galicia,2013,typ,metabolic typology,no unit,LVK
1607,ES11,Galicia,2013,urb_typ,urban typology,no unit,
1608,ES11,Galicia,2014,typ,metabolic typology,no unit,LVK
1609,ES11,Galicia,2014,urb_typ,urban typology,no unit,
1610,ES11,Galicia,2015,typ,metabolic typology,no unit,LVK
1611,ES11,Galicia,2015,urb_typ,urban typology,no unit,
1612,ES11,Galicia,2016,typ,metabolic typology,no unit,LVK
1613,ES11,Galicia,2016,urb_typ,urban typology,no unit,
1614,ES11,Galicia,2017,typ,metabolic typology,no unit,LVK
1615,ES11,Galicia,2017,urb_typ,urban typology,no unit,
1616,ES11,Galicia,2018,typ,metabolic typology,no unit,LVK
1617,ES11,Galicia,2018,urb_typ,urban typology,no unit,
1618,ES11,Galicia,2019,typ,metabolic typology,no unit,LVK
1619,ES11,Galicia,2019,urb_typ,urban typology,no unit,
1620,ES12,Principado de Asturias,1990,typ,metabolic typology,no unit,MXG
1621,ES12,Principado de Asturias,1990,urb_typ,urban typology,no unit,
1622,ES12,Principado de Asturias,1991,typ,metabolic typology,no unit,MXG
1623,ES12,Principado de Asturias,1991,urb_typ,urban typology,no unit,
1624,ES12,Principado de Asturias,1992,typ,metabolic typology,no unit,MXG
1625,ES12,Principado de Asturias,1992,urb_typ,urban typology,no unit,
1626,ES12,Principado de Asturias,1993,typ,metabolic typology,no unit,MXG
1627,ES12,Principado de Asturias,1993,urb_typ,urban typology,no unit,
1628,ES12,Principado de Asturias,1994,typ,metabolic typology,no unit,MXG
1629,ES12,Principado de Asturias,1994,urb_typ,urban typology,no unit,
1630,ES12,Principado de Asturias,1995,typ,metabolic typology,no unit,MXG
1631,ES12,Principado de Asturias,1995,urb_typ,urban typology,no unit,
1632,ES12,Principado de Asturias,1996,typ,metabolic typology,no unit,MXG
1633,ES12,Principado de Asturias,1996,urb_typ,urban typology,no unit,
1634,ES12,Principado de Asturias,1997,typ,metabolic typology,no unit,MXG
1635,ES12,Principado de Asturias,1997,urb_typ,urban typology,no unit,
1636,ES12,Principado de Asturias,1998,typ,metabolic typology,no unit,MXG
1637,ES12,Principado de Asturias,1998,urb_typ,urban typology,no unit,
1638,ES12,Principado de Asturias,1999,typ,metabolic typology,no unit,MXG
1639,ES12,Principado de Asturias,1999,urb_typ,urban typology,no unit,
1640,ES12,Principado de Asturias,2000,typ,metabolic typology,no unit,MXG
1641,ES12,Principado de Asturias,2000,urb_typ,urban typology,no unit,
1642,ES12,Principado de Asturias,2001,typ,metabolic typology,no unit,MXG
1643,ES12,Principado de Asturias,2001,urb_typ,urban typology,no unit,
1644,ES12,Principado de Asturias,2002,typ,metabolic typology,no unit,MXG
1645,ES12,Principado de Asturias,2002,urb_typ,urban typology,no unit,
1646,ES12,Principado de Asturias,2003,typ,metabolic typology,no unit,MXG
1647,ES12,Principado de Asturias,2003,urb_typ,urban typology,no unit,
1648,ES12,Principado de Asturias,2004,typ,metabolic typology,no unit,MXG
1649,ES12,Principado de Asturias,2004,urb_typ,urban typology,no unit,
1650,ES12,Principado de Asturias,2005,typ,metabolic typology,no unit,MXG
1651,ES12,Principado de Asturias,2005,urb_typ,urban typology,no unit,
1652,ES12,Principado de Asturias,2006,typ,metabolic typology,no unit,MXG
1653,ES12,Principado de Asturias,2006,urb_typ,urban typology,no unit,
1654,ES12,Principado de Asturias,2007,typ,metabolic typology,no unit,MXG
1655,ES12,Principado de Asturias,2007,urb_typ,urban typology,no unit,
1656,ES12,Principado de Asturias,2008,typ,metabolic typology,no unit,MXG
1657,ES12,Principado de Asturias,2008,urb_typ,urban typology,no unit,
1658,ES12,Principado de Asturias,2009,typ,metabolic typology,no unit,MXG
1659,ES12,Principado de Asturias,2009,urb_typ,urban typology,no unit,
1660,ES12,Principado de Asturias,2010,typ,metabolic typology,no unit,MXG
1661,ES12,Principado de Asturias,2010,urb_typ,urban typology,no unit,
1662,ES12,Principado de Asturias,2011,typ,metabolic typology,no unit,MXG
1663,ES12,Principado de Asturias,2011,urb_typ,urban typology,no unit,
1664,ES12,Principado de Asturias,2012,typ,metabolic typology,no unit,MXG
1665,ES12,Principado de Asturias,2012,urb_typ,urban typology,no unit,
1666,ES12,Principado de Asturias,2013,typ,metabolic typology,no unit,MXG
1667,ES12,Principado de Asturias,2013,urb_typ,urban typology,no unit,
1668,ES12,Principado de Asturias,2014,typ,metabolic typology,no unit,MXG
1669,ES12,Principado de Asturias,2014,urb_typ,urban typology,no unit,
1670,ES12,Principado de Asturias,2015,typ,metabolic typology,no unit,MXG
1671,ES12,Principado de Asturias,2015,urb_typ,urban typology,no unit,
1672,ES12,Principado de Asturias,2016,typ,metabolic typology,no unit,MXG
1673,ES12,Principado de Asturias,2016,urb_typ,urban typology,no unit,
1674,ES12,Principado de Asturias,2017,typ,metabolic typology,no unit,MXG
1675,ES12,Principado de Asturias,2017,urb_typ,urban typology,no unit,
1676,ES12,Principado de Asturias,2018,typ,metabolic typology,no unit,MXG
1677,ES12,Principado de Asturias,2018,urb_typ,urban typology,no unit,
1678,ES12,Principado de Asturias,2019,typ,metabolic typology,no unit,MXG
1679,ES12,Principado de Asturias,2019,urb_typ,urban typology,no unit,
1680,ES13,Cantabria,1990,typ,metabolic typology,no unit,DSG
1681,ES13,Cantabria,1990,urb_typ,urban typology,no unit,
1682,ES13,Cantabria,1991,typ,metabolic typology,no unit,LVK
1683,ES13,Cantabria,1991,urb_typ,urban typology,no unit,
1684,ES13,Cantabria,1992,typ,metabolic typology,no unit,LVK
1685,ES13,Cantabria,1992,urb_typ,urban typology,no unit,
1686,ES13,Cantabria,1993,typ,metabolic typology,no unit,DSG
1687,ES13,Cantabria,1993,urb_typ,urban typology,no unit,
1688,ES13,Cantabria,1994,typ,metabolic typology,no unit,LVK
1689,ES13,Cantabria,1994,urb_typ,urban typology,no unit,
1690,ES13,Cantabria,1995,typ,metabolic typology,no unit,LVK
1691,ES13,Cantabria,1995,urb_typ,urban typology,no unit,
1692,ES13,Cantabria,1996,typ,metabolic typology,no unit,DSG
1693,ES13,Cantabria,1996,urb_typ,urban typology,no unit,
1694,ES13,Cantabria,1997,typ,metabolic typology,no unit,LVK
1695,ES13,Cantabria,1997,urb_typ,urban typology,no unit,
1696,ES13,Cantabria,1998,typ,metabolic typology,no unit,LVK
1697,ES13,Cantabria,1998,urb_typ,urban typology,no unit,
1698,ES13,Cantabria,1999,typ,metabolic typology,no unit,DSG
1699,ES13,Cantabria,1999,urb_typ,urban typology,no unit,
1700,ES13,Cantabria,2000,typ,metabolic typology,no unit,DSG
1701,ES13,Cantabria,2000,urb_typ,urban typology,no unit,
1702,ES13,Cantabria,2001,typ,metabolic typology,no unit,LVK
1703,ES13,Cantabria,2001,urb_typ,urban typology,no unit,
1704,ES13,Cantabria,2002,typ,metabolic typology,no unit,DSG
1705,ES13,Cantabria,2002,urb_typ,urban typology,no unit,
1706,ES13,Cantabria,2003,typ,metabolic typology,no unit,DSG
1707,ES13,Cantabria,2003,urb_typ,urban typology,no unit,
1708,ES13,Cantabria,2004,typ,metabolic typology,no unit,DSG
1709,ES13,Cantabria,2004,urb_typ,urban typology,no unit,
1710,ES13,Cantabria,2005,typ,metabolic typology,no unit,DSG
1711,ES13,Cantabria,2005,urb_typ,urban typology,no unit,
1712,ES13,Cantabria,2006,typ,metabolic typology,no unit,DSG
1713,ES13,Cantabria,2006,urb_typ,urban typology,no unit,
1714,ES13,Cantabria,2007,typ,metabolic typology,no unit,LVK
1715,ES13,Cantabria,2007,urb_typ,urban typology,no unit,
1716,ES13,Cantabria,2008,typ,metabolic typology,no unit,DSG
1717,ES13,Cantabria,2008,urb_typ,urban typology,no unit,
1718,ES13,Cantabria,2009,typ,metabolic typology,no unit,MXG
1719,ES13,Cantabria,2009,urb_typ,urban typology,no unit,
1720,ES13,Cantabria,2010,typ,metabolic typology,no unit,MXG
1721,ES13,Cantabria,2010,urb_typ,urban typology,no unit,
1722,ES13,Cantabria,2011,typ,metabolic typology,no unit,MXG
1723,ES13,Cantabria,2011,urb_typ,urban typology,no unit,
1724,ES13,Cantabria,2012,typ,metabolic typology,no unit,MXG
1725,ES13,Cantabria,2012,urb_typ,urban typology,no unit,
1726,ES13,Cantabria,2013,typ,metabolic typology,no unit,DSG
1727,ES13,Cantabria,2013,urb_typ,urban typology,no unit,
1728,ES13,Cantabria,2014,typ,metabolic typology,no unit,DSG
1729,ES13,Cantabria,2014,urb_typ,urban typology,no unit,
1730,ES13,Cantabria,2015,typ,metabolic typology,no unit,DSG
1731,ES13,Cantabria,2015,urb_typ,urban typology,no unit,
1732,ES13,Cantabria,2016,typ,metabolic typology,no unit,DSG
1733,ES13,Cantabria,2016,urb_typ,urban typology,no unit,
1734,ES13,Cantabria,2017,typ,metabolic typology,no unit,DSG
1735,ES13,Cantabria,2017,urb_typ,urban typology,no unit,
1736,ES13,Cantabria,2018,typ,metabolic typology,no unit,DSG
1737,ES13,Cantabria,2018,urb_typ,urban typology,no unit,
1738,ES13,Cantabria,2019,typ,metabolic typology,no unit,DSG
1739,ES13,Cantabria,2019,urb_typ,urban typology,no unit,
1740,ES21,País Vasco,1990,typ,metabolic typology,no unit,LVK
1741,ES21,País Vasco,1990,urb_typ,urban typology,no unit,URB
1742,ES21,País Vasco,1991,typ,metabolic typology,no unit,LVK
1743,ES21,País Vasco,1991,urb_typ,urban typology,no unit,URB
1744,ES21,País Vasco,1992,typ,metabolic typology,no unit,LVK
1745,ES21,País Vasco,1992,urb_typ,urban typology,no unit,URB
1746,ES21,País Vasco,1993,typ,metabolic typology,no unit,LVK
1747,ES21,País Vasco,1993,urb_typ,urban typology,no unit,URB
1748,ES21,País Vasco,1994,typ,metabolic typology,no unit,LVK
1749,ES21,País Vasco,1994,urb_typ,urban typology,no unit,URB
1750,ES21,País Vasco,1995,typ,metabolic typology,no unit,LVK
1751,ES21,País Vasco,1995,urb_typ,urban typology,no unit,URB
1752,ES21,País Vasco,1996,typ,metabolic typology,no unit,DSG
1753,ES21,País Vasco,1996,urb_typ,urban typology,no unit,URB
1754,ES21,País Vasco,1997,typ,metabolic typology,no unit,DSG
1755,ES21,País Vasco,1997,urb_typ,urban typology,no unit,URB
1756,ES21,País Vasco,1998,typ,metabolic typology,no unit,DSG
1757,ES21,País Vasco,1998,urb_typ,urban typology,no unit,URB
1758,ES21,País Vasco,1999,typ,metabolic typology,no unit,DSG
1759,ES21,País Vasco,1999,urb_typ,urban typology,no unit,URB
1760,ES21,País Vasco,2000,typ,metabolic typology,no unit,DSG
1761,ES21,País Vasco,2000,urb_typ,urban typology,no unit,URB
1762,ES21,País Vasco,2001,typ,metabolic typology,no unit,DSG
1763,ES21,País Vasco,2001,urb_typ,urban typology,no unit,URB
1764,ES21,País Vasco,2002,typ,metabolic typology,no unit,DSG
1765,ES21,País Vasco,2002,urb_typ,urban typology,no unit,URB
1766,ES21,País Vasco,2003,typ,metabolic typology,no unit,DSG
1767,ES21,País Vasco,2003,urb_typ,urban typology,no unit,URB
1768,ES21,País Vasco,2004,typ,metabolic typology,no unit,DSG
1769,ES21,País Vasco,2004,urb_typ,urban typology,no unit,URB
1770,ES21,País Vasco,2005,typ,metabolic typology,no unit,DSG
1771,ES21,País Vasco,2005,urb_typ,urban typology,no unit,URB
1772,ES21,País Vasco,2006,typ,metabolic typology,no unit,DSG
1773,ES21,País Vasco,2006,urb_typ,urban typology,no unit,URB
1774,ES21,País Vasco,2007,typ,metabolic typology,no unit,DSG
1775,ES21,País Vasco,2007,urb_typ,urban typology,no unit,URB
1776,ES21,País Vasco,2008,typ,metabolic typology,no unit,MXG
1777,ES21,País Vasco,2008,urb_typ,urban typology,no unit,URB
1778,ES21,País Vasco,2009,typ,metabolic typology,no unit,MXG
1779,ES21,País Vasco,2009,urb_typ,urban typology,no unit,URB
1780,ES21,País Vasco,2010,typ,metabolic typology,no unit,MXG
1781,ES21,País Vasco,2010,urb_typ,urban typology,no unit,URB
1782,ES21,País Vasco,2011,typ,metabolic typology,no unit,DSG
1783,ES21,País Vasco,2011,urb_typ,urban typology,no unit,URB
1784,ES21,País Vasco,2012,typ,metabolic typology,no unit,DSG
1785,ES21,País Vasco,2012,urb_typ,urban typology,no unit,URB
1786,ES21,País Vasco,2013,typ,metabolic typology,no unit,MXG
1787,ES21,País Vasco,2013,urb_typ,urban typology,no unit,URB
1788,ES21,País Vasco,2014,typ,metabolic typology,no unit,DSG
1789,ES21,País Vasco,2014,urb_typ,urban typology,no unit,URB
1790,ES21,País Vasco,2015,typ,metabolic typology,no unit,DSG
1791,ES21,País Vasco,2015,urb_typ,urban typology,no unit,URB
1792,ES21,País Vasco,2016,typ,metabolic typology,no unit,DSG
1793,ES21,País Vasco,2016,urb_typ,urban typology,no unit,URB
1794,ES21,País Vasco,2017,typ,metabolic typology,no unit,DSG
1795,ES21,País Vasco,2017,urb_typ,urban typology,no unit,URB
1796,ES21,País Vasco,2018,typ,metabolic typology,no unit,DSG
1797,ES21,País Vasco,2018,urb_typ,urban typology,no unit,URB
1798,ES21,País Vasco,2019,typ,metabolic typology,no unit,DSG
1799,ES21,País Vasco,2019,urb_typ,urban typology,no unit,URB
1800,ES22,Comunidad Foral de Navarra,1990,typ,metabolic typology,no unit,DSG
1801,ES22,Comunidad Foral de Navarra,1990,urb_typ,urban typology,no unit,
1802,ES22,Comunidad Foral de Navarra,1991,typ,metabolic typology,no unit,DSG
1803,ES22,Comunidad Foral de Navarra,1991,urb_typ,urban typology,no unit,
1804,ES22,Comunidad Foral de Navarra,1992,typ,metabolic typology,no unit,DSG
1805,ES22,Comunidad Foral de Navarra,1992,urb_typ,urban typology,no unit,
1806,ES22,Comunidad Foral de Navarra,1993,typ,metabolic typology,no unit,DSG
1807,ES22,Comunidad Foral de Navarra,1993,urb_typ,urban typology,no unit,
1808,ES22,Comunidad Foral de Navarra,1994,typ,metabolic typology,no unit,DSG
1809,ES22,Comunidad Foral de Navarra,1994,urb_typ,urban typology,no unit,
1810,ES22,Comunidad Foral de Navarra,1995,typ,metabolic typology,no unit,DSG
1811,ES22,Comunidad Foral de Navarra,1995,urb_typ,urban typology,no unit,
1812,ES22,Comunidad Foral de Navarra,1996,typ,metabolic typology,no unit,DSG
1813,ES22,Comunidad Foral de Navarra,1996,urb_typ,urban typology,no unit,
1814,ES22,Comunidad Foral de Navarra,1997,typ,metabolic typology,no unit,DSG
1815,ES22,Comunidad Foral de Navarra,1997,urb_typ,urban typology,no unit,
1816,ES22,Comunidad Foral de Navarra,1998,typ,metabolic typology,no unit,DSG
1817,ES22,Comunidad Foral de Navarra,1998,urb_typ,urban typology,no unit,
1818,ES22,Comunidad Foral de Navarra,1999,typ,metabolic typology,no unit,DSG
1819,ES22,Comunidad Foral de Navarra,1999,urb_typ,urban typology,no unit,
1820,ES22,Comunidad Foral de Navarra,2000,typ,metabolic typology,no unit,DSG
1821,ES22,Comunidad Foral de Navarra,2000,urb_typ,urban typology,no unit,
1822,ES22,Comunidad Foral de Navarra,2001,typ,metabolic typology,no unit,DSG
1823,ES22,Comunidad Foral de Navarra,2001,urb_typ,urban typology,no unit,
1824,ES22,Comunidad Foral de Navarra,2002,typ,metabolic typology,no unit,DSG
1825,ES22,Comunidad Foral de Navarra,2002,urb_typ,urban typology,no unit,
1826,ES22,Comunidad Foral de Navarra,2003,typ,metabolic typology,no unit,DSG
1827,ES22,Comunidad Foral de Navarra,2003,urb_typ,urban typology,no unit,
1828,ES22,Comunidad Foral de Navarra,2004,typ,metabolic typology,no unit,DSG
1829,ES22,Comunidad Foral de Navarra,2004,urb_typ,urban typology,no unit,
1830,ES22,Comunidad Foral de Navarra,2005,typ,metabolic typology,no unit,DSG
1831,ES22,Comunidad Foral de Navarra,2005,urb_typ,urban typology,no unit,
1832,ES22,Comunidad Foral de Navarra,2006,typ,metabolic typology,no unit,DSG
1833,ES22,Comunidad Foral de Navarra,2006,urb_typ,urban typology,no unit,
1834,ES22,Comunidad Foral de Navarra,2007,typ,metabolic typology,no unit,DSG
1835,ES22,Comunidad Foral de Navarra,2007,urb_typ,urban typology,no unit,
1836,ES22,Comunidad Foral de Navarra,2008,typ,metabolic typology,no unit,DSG
1837,ES22,Comunidad Foral de Navarra,2008,urb_typ,urban typology,no unit,
1838,ES22,Comunidad Foral de Navarra,2009,typ,metabolic typology,no unit,DSG
1839,ES22,Comunidad Foral de Navarra,2009,urb_typ,urban typology,no unit,
1840,ES22,Comunidad Foral de Navarra,2010,typ,metabolic typology,no unit,DSG
1841,ES22,Comunidad Foral de Navarra,2010,urb_typ,urban typology,no unit,
1842,ES22,Comunidad Foral de Navarra,2011,typ,metabolic typology,no unit,DSG
1843,ES22,Comunidad Foral de Navarra,2011,urb_typ,urban typology,no unit,
1844,ES22,Comunidad Foral de Navarra,2012,typ,metabolic typology,no unit,DSG
1845,ES22,Comunidad Foral de Navarra,2012,urb_typ,urban typology,no unit,
1846,ES22,Comunidad Foral de Navarra,2013,typ,metabolic typology,no unit,DSG
1847,ES22,Comunidad Foral de Navarra,2013,urb_typ,urban typology,no unit,
1848,ES22,Comunidad Foral de Navarra,2014,typ,metabolic typology,no unit,DSG
1849,ES22,Comunidad Foral de Navarra,2014,urb_typ,urban typology,no unit,
1850,ES22,Comunidad Foral de Navarra,2015,typ,metabolic typology,no unit,DSG
1851,ES22,Comunidad Foral de Navarra,2015,urb_typ,urban typology,no unit,
1852,ES22,Comunidad Foral de Navarra,2016,typ,metabolic typology,no unit,DSG
1853,ES22,Comunidad Foral de Navarra,2016,urb_typ,urban typology,no unit,
1854,ES22,Comunidad Foral de Navarra,2017,typ,metabolic typology,no unit,DSG
1855,ES22,Comunidad Foral de Navarra,2017,urb_typ,urban typology,no unit,
1856,ES22,Comunidad Foral de Navarra,2018,typ,metabolic typology,no unit,DSG
1857,ES22,Comunidad Foral de Navarra,2018,urb_typ,urban typology,no unit,
1858,ES22,Comunidad Foral de Navarra,2019,typ,metabolic typology,no unit,DSG
1859,ES22,Comunidad Foral de Navarra,2019,urb_typ,urban typology,no unit,
1860,ES23,La Rioja,1990,typ,metabolic typology,no unit,DSG
1861,ES23,La Rioja,1990,urb_typ,urban typology,no unit,
1862,ES23,La Rioja,1991,typ,metabolic typology,no unit,DSG
1863,ES23,La Rioja,1991,urb_typ,urban typology,no unit,
1864,ES23,La Rioja,1992,typ,metabolic typology,no unit,DSG
1865,ES23,La Rioja,1992,urb_typ,urban typology,no unit,
1866,ES23,La Rioja,1993,typ,metabolic typology,no unit,DSG
1867,ES23,La Rioja,1993,urb_typ,urban typology,no unit,
1868,ES23,La Rioja,1994,typ,metabolic typology,no unit,DSG
1869,ES23,La Rioja,1994,urb_typ,urban typology,no unit,
1870,ES23,La Rioja,1995,typ,metabolic typology,no unit,DSG
1871,ES23,La Rioja,1995,urb_typ,urban typology,no unit,
1872,ES23,La Rioja,1996,typ,metabolic typology,no unit,DSG
1873,ES23,La Rioja,1996,urb_typ,urban typology,no unit,
1874,ES23,La Rioja,1997,typ,metabolic typology,no unit,DSG
1875,ES23,La Rioja,1997,urb_typ,urban typology,no unit,
1876,ES23,La Rioja,1998,typ,metabolic typology,no unit,DSG
1877,ES23,La Rioja,1998,urb_typ,urban typology,no unit,
1878,ES23,La Rioja,1999,typ,metabolic typology,no unit,DSG
1879,ES23,La Rioja,1999,urb_typ,urban typology,no unit,
1880,ES23,La Rioja,2000,typ,metabolic typology,no unit,DSG
1881,ES23,La Rioja,2000,urb_typ,urban typology,no unit,
1882,ES23,La Rioja,2001,typ,metabolic typology,no unit,DSG
1883,ES23,La Rioja,2001,urb_typ,urban typology,no unit,
1884,ES23,La Rioja,2002,typ,metabolic typology,no unit,DSG
1885,ES23,La Rioja,2002,urb_typ,urban typology,no unit,
1886,ES23,La Rioja,2003,typ,metabolic typology,no unit,DSG
1887,ES23,La Rioja,2003,urb_typ,urban typology,no unit,
1888,ES23,La Rioja,2004,typ,metabolic typology,no unit,DSG
1889,ES23,La Rioja,2004,urb_typ,urban typology,no unit,
1890,ES23,La Rioja,2005,typ,metabolic typology,no unit,DSG
1891,ES23,La Rioja,2005,urb_typ,urban typology,no unit,
1892,ES23,La Rioja,2006,typ,metabolic typology,no unit,DSG
1893,ES23,La Rioja,2006,urb_typ,urban typology,no unit,
1894,ES23,La Rioja,2007,typ,metabolic typology,no unit,DSG
1895,ES23,La Rioja,2007,urb_typ,urban typology,no unit,
1896,ES23,La Rioja,2008,typ,metabolic typology,no unit,DSG
1897,ES23,La Rioja,2008,urb_typ,urban typology,no unit,
1898,ES23,La Rioja,2009,typ,metabolic typology,no unit,DSG
1899,ES23,La Rioja,2009,urb_typ,urban typology,no unit,
1900,ES23,La Rioja,2010,typ,metabolic typology,no unit,DSG
1901,ES23,La Rioja,2010,urb_typ,urban typology,no unit,
1902,ES23,La Rioja,2011,typ,metabolic typology,no unit,DSG
1903,ES23,La Rioja,2011,urb_typ,urban typology,no unit,
1904,ES23,La Rioja,2012,typ,metabolic typology,no unit,DSG
1905,ES23,La Rioja,2012,urb_typ,urban typology,no unit,
1906,ES23,La Rioja,2013,typ,metabolic typology,no unit,DSG
1907,ES23,La Rioja,2013,urb_typ,urban typology,no unit,
1908,ES23,La Rioja,2014,typ,metabolic typology,no unit,DSG
1909,ES23,La Rioja,2014,urb_typ,urban typology,no unit,
1910,ES23,La Rioja,2015,typ,metabolic typology,no unit,DSG
1911,ES23,La Rioja,2015,urb_typ,urban typology,no unit,
1912,ES23,La Rioja,2016,typ,metabolic typology,no unit,DSG
1913,ES23,La Rioja,2016,urb_typ,urban typology,no unit,
1914,ES23,La Rioja,2017,typ,metabolic typology,no unit,DSG
1915,ES23,La Rioja,2017,urb_typ,urban typology,no unit,
1916,ES23,La Rioja,2018,typ,metabolic typology,no unit,DSG
1917,ES23,La Rioja,2018,urb_typ,urban typology,no unit,
1918,ES23,La Rioja,2019,typ,metabolic typology,no unit,DSG
1919,ES23,La Rioja,2019,urb_typ,urban typology,no unit,
1920,ES24,Aragón,1990,typ,metabolic typology,no unit,DSG
1921,ES24,Aragón,1990,urb_typ,urban typology,no unit,
1922,ES24,Aragón,1991,typ,metabolic typology,no unit,DSG
1923,ES24,Aragón,1991,urb_typ,urban typology,no unit,
1924,ES24,Aragón,1992,typ,metabolic typology,no unit,DSG
1925,ES24,Aragón,1992,urb_typ,urban typology,no unit,
1926,ES24,Aragón,1993,typ,metabolic typology,no unit,DSG
1927,ES24,Aragón,1993,urb_typ,urban typology,no unit,
1928,ES24,Aragón,1994,typ,metabolic typology,no unit,DSG
1929,ES24,Aragón,1994,urb_typ,urban typology,no unit,
1930,ES24,Aragón,1995,typ,metabolic typology,no unit,DSG
1931,ES24,Aragón,1995,urb_typ,urban typology,no unit,
1932,ES24,Aragón,1996,typ,metabolic typology,no unit,DSG
1933,ES24,Aragón,1996,urb_typ,urban typology,no unit,
1934,ES24,Aragón,1997,typ,metabolic typology,no unit,DSG
1935,ES24,Aragón,1997,urb_typ,urban typology,no unit,
1936,ES24,Aragón,1998,typ,metabolic typology,no unit,DSG
1937,ES24,Aragón,1998,urb_typ,urban typology,no unit,
1938,ES24,Aragón,1999,typ,metabolic typology,no unit,DSG
1939,ES24,Aragón,1999,urb_typ,urban typology,no unit,
1940,ES24,Aragón,2000,typ,metabolic typology,no unit,DSG
1941,ES24,Aragón,2000,urb_typ,urban typology,no unit,
1942,ES24,Aragón,2001,typ,metabolic typology,no unit,DSG
1943,ES24,Aragón,2001,urb_typ,urban typology,no unit,
1944,ES24,Aragón,2002,typ,metabolic typology,no unit,DSG
1945,ES24,Aragón,2002,urb_typ,urban typology,no unit,
1946,ES24,Aragón,2003,typ,metabolic typology,no unit,DSG
1947,ES24,Aragón,2003,urb_typ,urban typology,no unit,
1948,ES24,Aragón,2004,typ,metabolic typology,no unit,DSG
1949,ES24,Aragón,2004,urb_typ,urban typology,no unit,
1950,ES24,Aragón,2005,typ,metabolic typology,no unit,DSG
1951,ES24,Aragón,2005,urb_typ,urban typology,no unit,
1952,ES24,Aragón,2006,typ,metabolic typology,no unit,DSG
1953,ES24,Aragón,2006,urb_typ,urban typology,no unit,
1954,ES24,Aragón,2007,typ,metabolic typology,no unit,DSG
1955,ES24,Aragón,2007,urb_typ,urban typology,no unit,
1956,ES24,Aragón,2008,typ,metabolic typology,no unit,DSG
1957,ES24,Aragón,2008,urb_typ,urban typology,no unit,
1958,ES24,Aragón,2009,typ,metabolic typology,no unit,DSG
1959,ES24,Aragón,2009,urb_typ,urban typology,no unit,
1960,ES24,Aragón,2010,typ,metabolic typology,no unit,DSG
1961,ES24,Aragón,2010,urb_typ,urban typology,no unit,
1962,ES24,Aragón,2011,typ,metabolic typology,no unit,DSG
1963,ES24,Aragón,2011,urb_typ,urban typology,no unit,
1964,ES24,Aragón,2012,typ,metabolic typology,no unit,DSG
1965,ES24,Aragón,2012,urb_typ,urban typology,no unit,
1966,ES24,Aragón,2013,typ,metabolic typology,no unit,DSG
1967,ES24,Aragón,2013,urb_typ,urban typology,no unit,
1968,ES24,Aragón,2014,typ,metabolic typology,no unit,DSG
1969,ES24,Aragón,2014,urb_typ,urban typology,no unit,
1970,ES24,Aragón,2015,typ,metabolic typology,no unit,DSG
1971,ES24,Aragón,2015,urb_typ,urban typology,no unit,
1972,ES24,Aragón,2016,typ,metabolic typology,no unit,DSG
1973,ES24,Aragón,2016,urb_typ,urban typology,no unit,
1974,ES24,Aragón,2017,typ,metabolic typology,no unit,DSG
1975,ES24,Aragón,2017,urb_typ,urban typology,no unit,
1976,ES24,Aragón,2018,typ,metabolic typology,no unit,DSG
1977,ES24,Aragón,2018,urb_typ,urban typology,no unit,
1978,ES24,Aragón,2019,typ,metabolic typology,no unit,DSG
1979,ES24,Aragón,2019,urb_typ,urban typology,no unit,
1980,ES30,Comunidad de Madrid,1990,typ,metabolic typology,no unit,DSG
1981,ES30,Comunidad de Madrid,1990,urb_typ,urban typology,no unit,URB
1982,ES30,Comunidad de Madrid,1991,typ,metabolic typology,no unit,DSG
1983,ES30,Comunidad de Madrid,1991,urb_typ,urban typology,no unit,URB
1984,ES30,Comunidad de Madrid,1992,typ,metabolic typology,no unit,DSG
1985,ES30,Comunidad de Madrid,1992,urb_typ,urban typology,no unit,URB
1986,ES30,Comunidad de Madrid,1993,typ,metabolic typology,no unit,DSG
1987,ES30,Comunidad de Madrid,1993,urb_typ,urban typology,no unit,URB
1988,ES30,Comunidad de Madrid,1994,typ,metabolic typology,no unit,DSG
1989,ES30,Comunidad de Madrid,1994,urb_typ,urban typology,no unit,URB
1990,ES30,Comunidad de Madrid,1995,typ,metabolic typology,no unit,DSG
1991,ES30,Comunidad de Madrid,1995,urb_typ,urban typology,no unit,URB
1992,ES30,Comunidad de Madrid,1996,typ,metabolic typology,no unit,DSG
1993,ES30,Comunidad de Madrid,1996,urb_typ,urban typology,no unit,URB
1994,ES30,Comunidad de Madrid,1997,typ,metabolic typology,no unit,DSG
1995,ES30,Comunidad de Madrid,1997,urb_typ,urban typology,no unit,URB
1996,ES30,Comunidad de Madrid,1998,typ,metabolic typology,no unit,DSG
1997,ES30,Comunidad de Madrid,1998,urb_typ,urban typology,no unit,URB
1998,ES30,Comunidad de Madrid,1999,typ,metabolic typology,no unit,DSG
1999,ES30,Comunidad de Madrid,1999,urb_typ,urban typology,no unit,URB
2000,ES30,Comunidad de Madrid,2000,typ,metabolic typology,no unit,DSG
2001,ES30,Comunidad de Madrid,2000,urb_typ,urban typology,no unit,URB
2002,ES30,Comunidad de Madrid,2001,typ,metabolic typology,no unit,DSG
2003,ES30,Comunidad de Madrid,2001,urb_typ,urban typology,no unit,URB
2004,ES30,Comunidad de Madrid,2002,typ,metabolic typology,no unit,DSG
2005,ES30,Comunidad de Madrid,2002,urb_typ,urban typology,no unit,URB
2006,ES30,Comunidad de Madrid,2003,typ,metabolic typology,no unit,DSG
2007,ES30,Comunidad de Madrid,2003,urb_typ,urban typology,no unit,URB
2008,ES30,Comunidad de Madrid,2004,typ,metabolic typology,no unit,DSG
2009,ES30,Comunidad de Madrid,2004,urb_typ,urban typology,no unit,URB
2010,ES30,Comunidad de Madrid,2005,typ,metabolic typology,no unit,DSG
2011,ES30,Comunidad de Madrid,2005,urb_typ,urban typology,no unit,URB
2012,ES30,Comunidad de Madrid,2006,typ,metabolic typology,no unit,DSG
2013,ES30,Comunidad de Madrid,2006,urb_typ,urban typology,no unit,URB
2014,ES30,Comunidad de Madrid,2007,typ,metabolic typology,no unit,DSG
2015,ES30,Comunidad de Madrid,2007,urb_typ,urban typology,no unit,URB
2016,ES30,Comunidad de Madrid,2008,typ,metabolic typology,no unit,DSG
2017,ES30,Comunidad de Madrid,2008,urb_typ,urban typology,no unit,URB
2018,ES30,Comunidad de Madrid,2009,typ,metabolic typology,no unit,DSG
2019,ES30,Comunidad de Madrid,2009,urb_typ,urban typology,no unit,URB
2020,ES30,Comunidad de Madrid,2010,typ,metabolic typology,no unit,DSG
2021,ES30,Comunidad de Madrid,2010,urb_typ,urban typology,no unit,URB
2022,ES30,Comunidad de Madrid,2011,typ,metabolic typology,no unit,DSG
2023,ES30,Comunidad de Madrid,2011,urb_typ,urban typology,no unit,URB
2024,ES30,Comunidad de Madrid,2012,typ,metabolic typology,no unit,DSG
2025,ES30,Comunidad de Madrid,2012,urb_typ,urban typology,no unit,URB
2026,ES30,Comunidad de Madrid,2013,typ,metabolic typology,no unit,DSG
2027,ES30,Comunidad de Madrid,2013,urb_typ,urban typology,no unit,URB
2028,ES30,Comunidad de Madrid,2014,typ,metabolic typology,no unit,DSG
2029,ES30,Comunidad de Madrid,2014,urb_typ,urban typology,no unit,URB
2030,ES30,Comunidad de Madrid,2015,typ,metabolic typology,no unit,DSG
2031,ES30,Comunidad de Madrid,2015,urb_typ,urban typology,no unit,URB
2032,ES30,Comunidad de Madrid,2016,typ,metabolic typology,no unit,DSG
2033,ES30,Comunidad de Madrid,2016,urb_typ,urban typology,no unit,URB
2034,ES30,Comunidad de Madrid,2017,typ,metabolic typology,no unit,DSG
2035,ES30,Comunidad de Madrid,2017,urb_typ,urban typology,no unit,URB
2036,ES30,Comunidad de Madrid,2018,typ,metabolic typology,no unit,DSG
2037,ES30,Comunidad de Madrid,2018,urb_typ,urban typology,no unit,URB
2038,ES30,Comunidad de Madrid,2019,typ,metabolic typology,no unit,DSG
2039,ES30,Comunidad de Madrid,2019,urb_typ,urban typology,no unit,URB
2040,ES41,Castilla y León,1990,typ,metabolic typology,no unit,DSG
2041,ES41,Castilla y León,1990,urb_typ,urban typology,no unit,
2042,ES41,Castilla y León,1991,typ,metabolic typology,no unit,DSG
2043,ES41,Castilla y León,1991,urb_typ,urban typology,no unit,
2044,ES41,Castilla y León,1992,typ,metabolic typology,no unit,DSG
2045,ES41,Castilla y León,1992,urb_typ,urban typology,no unit,
2046,ES41,Castilla y León,1993,typ,metabolic typology,no unit,DSG
2047,ES41,Castilla y León,1993,urb_typ,urban typology,no unit,
2048,ES41,Castilla y León,1994,typ,metabolic typology,no unit,DSG
2049,ES41,Castilla y León,1994,urb_typ,urban typology,no unit,
2050,ES41,Castilla y León,1995,typ,metabolic typology,no unit,DSG
2051,ES41,Castilla y León,1995,urb_typ,urban typology,no unit,
2052,ES41,Castilla y León,1996,typ,metabolic typology,no unit,DSG
2053,ES41,Castilla y León,1996,urb_typ,urban typology,no unit,
2054,ES41,Castilla y León,1997,typ,metabolic typology,no unit,DSG
2055,ES41,Castilla y León,1997,urb_typ,urban typology,no unit,
2056,ES41,Castilla y León,1998,typ,metabolic typology,no unit,DSG
2057,ES41,Castilla y León,1998,urb_typ,urban typology,no unit,
2058,ES41,Castilla y León,1999,typ,metabolic typology,no unit,DSG
2059,ES41,Castilla y León,1999,urb_typ,urban typology,no unit,
2060,ES41,Castilla y León,2000,typ,metabolic typology,no unit,DSG
2061,ES41,Castilla y León,2000,urb_typ,urban typology,no unit,
2062,ES41,Castilla y León,2001,typ,metabolic typology,no unit,DSG
2063,ES41,Castilla y León,2001,urb_typ,urban typology,no unit,
2064,ES41,Castilla y León,2002,typ,metabolic typology,no unit,DSG
2065,ES41,Castilla y León,2002,urb_typ,urban typology,no unit,
2066,ES41,Castilla y León,2003,typ,metabolic typology,no unit,DSG
2067,ES41,Castilla y León,2003,urb_typ,urban typology,no unit,
2068,ES41,Castilla y León,2004,typ,metabolic typology,no unit,DSG
2069,ES41,Castilla y León,2004,urb_typ,urban typology,no unit,
2070,ES41,Castilla y León,2005,typ,metabolic typology,no unit,DSG
2071,ES41,Castilla y León,2005,urb_typ,urban typology,no unit,
2072,ES41,Castilla y León,2006,typ,metabolic typology,no unit,DSG
2073,ES41,Castilla y León,2006,urb_typ,urban typology,no unit,
2074,ES41,Castilla y León,2007,typ,metabolic typology,no unit,DSG
2075,ES41,Castilla y León,2007,urb_typ,urban typology,no unit,
2076,ES41,Castilla y León,2008,typ,metabolic typology,no unit,DSG
2077,ES41,Castilla y León,2008,urb_typ,urban typology,no unit,
2078,ES41,Castilla y León,2009,typ,metabolic typology,no unit,DSG
2079,ES41,Castilla y León,2009,urb_typ,urban typology,no unit,
2080,ES41,Castilla y León,2010,typ,metabolic typology,no unit,DSG
2081,ES41,Castilla y León,2010,urb_typ,urban typology,no unit,
2082,ES41,Castilla y León,2011,typ,metabolic typology,no unit,DSG
2083,ES41,Castilla y León,2011,urb_typ,urban typology,no unit,
2084,ES41,Castilla y León,2012,typ,metabolic typology,no unit,DSG
2085,ES41,Castilla y León,2012,urb_typ,urban typology,no unit,
2086,ES41,Castilla y León,2013,typ,metabolic typology,no unit,DSG
2087,ES41,Castilla y León,2013,urb_typ,urban typology,no unit,
2088,ES41,Castilla y León,2014,typ,metabolic typology,no unit,DSG
2089,ES41,Castilla y León,2014,urb_typ,urban typology,no unit,
2090,ES41,Castilla y León,2015,typ,metabolic typology,no unit,DSG
2091,ES41,Castilla y León,2015,urb_typ,urban typology,no unit,
2092,ES41,Castilla y León,2016,typ,metabolic typology,no unit,DSG
2093,ES41,Castilla y León,2016,urb_typ,urban typology,no unit,
2094,ES41,Castilla y León,2017,typ,metabolic typology,no unit,DSG
2095,ES41,Castilla y León,2017,urb_typ,urban typology,no unit,
2096,ES41,Castilla y León,2018,typ,metabolic typology,no unit,DSG
2097,ES41,Castilla y León,2018,urb_typ,urban typology,no unit,
2098,ES41,Castilla y León,2019,typ,metabolic typology,no unit,DSG
2099,ES41,Castilla y León,2019,urb_typ,urban typology,no unit,
2100,ES42,Castilla-La Mancha,1990,typ,metabolic typology,no unit,DSG
2101,ES42,Castilla-La Mancha,1990,urb_typ,urban typology,no unit,
2102,ES42,Castilla-La Mancha,1991,typ,metabolic typology,no unit,DSG
2103,ES42,Castilla-La Mancha,1991,urb_typ,urban typology,no unit,
2104,ES42,Castilla-La Mancha,1992,typ,metabolic typology,no unit,DSG
2105,ES42,Castilla-La Mancha,1992,urb_typ,urban typology,no unit,
2106,ES42,Castilla-La Mancha,1993,typ,metabolic typology,no unit,DSG
2107,ES42,Castilla-La Mancha,1993,urb_typ,urban typology,no unit,
2108,ES42,Castilla-La Mancha,1994,typ,metabolic typology,no unit,DSG
2109,ES42,Castilla-La Mancha,1994,urb_typ,urban typology,no unit,
2110,ES42,Castilla-La Mancha,1995,typ,metabolic typology,no unit,DSG
2111,ES42,Castilla-La Mancha,1995,urb_typ,urban typology,no unit,
2112,ES42,Castilla-La Mancha,1996,typ,metabolic typology,no unit,DSG
2113,ES42,Castilla-La Mancha,1996,urb_typ,urban typology,no unit,
2114,ES42,Castilla-La Mancha,1997,typ,metabolic typology,no unit,DSG
2115,ES42,Castilla-La Mancha,1997,urb_typ,urban typology,no unit,
2116,ES42,Castilla-La Mancha,1998,typ,metabolic typology,no unit,DSG
2117,ES42,Castilla-La Mancha,1998,urb_typ,urban typology,no unit,
2118,ES42,Castilla-La Mancha,1999,typ,metabolic typology,no unit,DSG
2119,ES42,Castilla-La Mancha,1999,urb_typ,urban typology,no unit,
2120,ES42,Castilla-La Mancha,2000,typ,metabolic typology,no unit,DSG
2121,ES42,Castilla-La Mancha,2000,urb_typ,urban typology,no unit,
2122,ES42,Castilla-La Mancha,2001,typ,metabolic typology,no unit,DSG
2123,ES42,Castilla-La Mancha,2001,urb_typ,urban typology,no unit,
2124,ES42,Castilla-La Mancha,2002,typ,metabolic typology,no unit,DSG
2125,ES42,Castilla-La Mancha,2002,urb_typ,urban typology,no unit,
2126,ES42,Castilla-La Mancha,2003,typ,metabolic typology,no unit,DSG
2127,ES42,Castilla-La Mancha,2003,urb_typ,urban typology,no unit,
2128,ES42,Castilla-La Mancha,2004,typ,metabolic typology,no unit,DSG
2129,ES42,Castilla-La Mancha,2004,urb_typ,urban typology,no unit,
2130,ES42,Castilla-La Mancha,2005,typ,metabolic typology,no unit,DSG
2131,ES42,Castilla-La Mancha,2005,urb_typ,urban typology,no unit,
2132,ES42,Castilla-La Mancha,2006,typ,metabolic typology,no unit,DSG
2133,ES42,Castilla-La Mancha,2006,urb_typ,urban typology,no unit,
2134,ES42,Castilla-La Mancha,2007,typ,metabolic typology,no unit,DSG
2135,ES42,Castilla-La Mancha,2007,urb_typ,urban typology,no unit,
2136,ES42,Castilla-La Mancha,2008,typ,metabolic typology,no unit,DSG
2137,ES42,Castilla-La Mancha,2008,urb_typ,urban typology,no unit,
2138,ES42,Castilla-La Mancha,2009,typ,metabolic typology,no unit,DSG
2139,ES42,Castilla-La Mancha,2009,urb_typ,urban typology,no unit,
2140,ES42,Castilla-La Mancha,2010,typ,metabolic typology,no unit,DSG
2141,ES42,Castilla-La Mancha,2010,urb_typ,urban typology,no unit,
2142,ES42,Castilla-La Mancha,2011,typ,metabolic typology,no unit,DSG
2143,ES42,Castilla-La Mancha,2011,urb_typ,urban typology,no unit,
2144,ES42,Castilla-La Mancha,2012,typ,metabolic typology,no unit,DSG
2145,ES42,Castilla-La Mancha,2012,urb_typ,urban typology,no unit,
2146,ES42,Castilla-La Mancha,2013,typ,metabolic typology,no unit,DSG
2147,ES42,Castilla-La Mancha,2013,urb_typ,urban typology,no unit,
2148,ES42,Castilla-La Mancha,2014,typ,metabolic typology,no unit,DSG
2149,ES42,Castilla-La Mancha,2014,urb_typ,urban typology,no unit,
2150,ES42,Castilla-La Mancha,2015,typ,metabolic typology,no unit,DSG
2151,ES42,Castilla-La Mancha,2015,urb_typ,urban typology,no unit,
2152,ES42,Castilla-La Mancha,2016,typ,metabolic typology,no unit,DSG
2153,ES42,Castilla-La Mancha,2016,urb_typ,urban typology,no unit,
2154,ES42,Castilla-La Mancha,2017,typ,metabolic typology,no unit,DSG
2155,ES42,Castilla-La Mancha,2017,urb_typ,urban typology,no unit,
2156,ES42,Castilla-La Mancha,2018,typ,metabolic typology,no unit,DSG
2157,ES42,Castilla-La Mancha,2018,urb_typ,urban typology,no unit,
2158,ES42,Castilla-La Mancha,2019,typ,metabolic typology,no unit,DSG
2159,ES42,Castilla-La Mancha,2019,urb_typ,urban typology,no unit,
2160,ES43,Extremadura,1990,typ,metabolic typology,no unit,MXG
2161,ES43,Extremadura,1990,urb_typ,urban typology,no unit,
2162,ES43,Extremadura,1991,typ,metabolic typology,no unit,MXG
2163,ES43,Extremadura,1991,urb_typ,urban typology,no unit,
2164,ES43,Extremadura,1992,typ,metabolic typology,no unit,MXG
2165,ES43,Extremadura,1992,urb_typ,urban typology,no unit,
2166,ES43,Extremadura,1993,typ,metabolic typology,no unit,MXG
2167,ES43,Extremadura,1993,urb_typ,urban typology,no unit,
2168,ES43,Extremadura,1994,typ,metabolic typology,no unit,MXG
2169,ES43,Extremadura,1994,urb_typ,urban typology,no unit,
2170,ES43,Extremadura,1995,typ,metabolic typology,no unit,MXG
2171,ES43,Extremadura,1995,urb_typ,urban typology,no unit,
2172,ES43,Extremadura,1996,typ,metabolic typology,no unit,MXG
2173,ES43,Extremadura,1996,urb_typ,urban typology,no unit,
2174,ES43,Extremadura,1997,typ,metabolic typology,no unit,MXG
2175,ES43,Extremadura,1997,urb_typ,urban typology,no unit,
2176,ES43,Extremadura,1998,typ,metabolic typology,no unit,MXG
2177,ES43,Extremadura,1998,urb_typ,urban typology,no unit,
2178,ES43,Extremadura,1999,typ,metabolic typology,no unit,MXG
2179,ES43,Extremadura,1999,urb_typ,urban typology,no unit,
2180,ES43,Extremadura,2000,typ,metabolic typology,no unit,DSG
2181,ES43,Extremadura,2000,urb_typ,urban typology,no unit,
2182,ES43,Extremadura,2001,typ,metabolic typology,no unit,DSG
2183,ES43,Extremadura,2001,urb_typ,urban typology,no unit,
2184,ES43,Extremadura,2002,typ,metabolic typology,no unit,DSG
2185,ES43,Extremadura,2002,urb_typ,urban typology,no unit,
2186,ES43,Extremadura,2003,typ,metabolic typology,no unit,DSG
2187,ES43,Extremadura,2003,urb_typ,urban typology,no unit,
2188,ES43,Extremadura,2004,typ,metabolic typology,no unit,DSG
2189,ES43,Extremadura,2004,urb_typ,urban typology,no unit,
2190,ES43,Extremadura,2005,typ,metabolic typology,no unit,DSG
2191,ES43,Extremadura,2005,urb_typ,urban typology,no unit,
2192,ES43,Extremadura,2006,typ,metabolic typology,no unit,DSG
2193,ES43,Extremadura,2006,urb_typ,urban typology,no unit,
2194,ES43,Extremadura,2007,typ,metabolic typology,no unit,DSG
2195,ES43,Extremadura,2007,urb_typ,urban typology,no unit,
2196,ES43,Extremadura,2008,typ,metabolic typology,no unit,DSG
2197,ES43,Extremadura,2008,urb_typ,urban typology,no unit,
2198,ES43,Extremadura,2009,typ,metabolic typology,no unit,DSG
2199,ES43,Extremadura,2009,urb_typ,urban typology,no unit,
2200,ES43,Extremadura,2010,typ,metabolic typology,no unit,DSG
2201,ES43,Extremadura,2010,urb_typ,urban typology,no unit,
2202,ES43,Extremadura,2011,typ,metabolic typology,no unit,DSG
2203,ES43,Extremadura,2011,urb_typ,urban typology,no unit,
2204,ES43,Extremadura,2012,typ,metabolic typology,no unit,DSG
2205,ES43,Extremadura,2012,urb_typ,urban typology,no unit,
2206,ES43,Extremadura,2013,typ,metabolic typology,no unit,DSG
2207,ES43,Extremadura,2013,urb_typ,urban typology,no unit,
2208,ES43,Extremadura,2014,typ,metabolic typology,no unit,DSG
2209,ES43,Extremadura,2014,urb_typ,urban typology,no unit,
2210,ES43,Extremadura,2015,typ,metabolic typology,no unit,DSG
2211,ES43,Extremadura,2015,urb_typ,urban typology,no unit,
2212,ES43,Extremadura,2016,typ,metabolic typology,no unit,DSG
2213,ES43,Extremadura,2016,urb_typ,urban typology,no unit,
2214,ES43,Extremadura,2017,typ,metabolic typology,no unit,DSG
2215,ES43,Extremadura,2017,urb_typ,urban typology,no unit,
2216,ES43,Extremadura,2018,typ,metabolic typology,no unit,DSG
2217,ES43,Extremadura,2018,urb_typ,urban typology,no unit,
2218,ES43,Extremadura,2019,typ,metabolic typology,no unit,DSG
2219,ES43,Extremadura,2019,urb_typ,urban typology,no unit,
2220,ES51,Cataluña,1990,typ,metabolic typology,no unit,DSG
2221,ES51,Cataluña,1990,urb_typ,urban typology,no unit,
2222,ES51,Cataluña,1991,typ,metabolic typology,no unit,LVK
2223,ES51,Cataluña,1991,urb_typ,urban typology,no unit,
2224,ES51,Cataluña,1992,typ,metabolic typology,no unit,LVK
2225,ES51,Cataluña,1992,urb_typ,urban typology,no unit,
2226,ES51,Cataluña,1993,typ,metabolic typology,no unit,LVK
2227,ES51,Cataluña,1993,urb_typ,urban typology,no unit,
2228,ES51,Cataluña,1994,typ,metabolic typology,no unit,LVK
2229,ES51,Cataluña,1994,urb_typ,urban typology,no unit,
2230,ES51,Cataluña,1995,typ,metabolic typology,no unit,LVK
2231,ES51,Cataluña,1995,urb_typ,urban typology,no unit,
2232,ES51,Cataluña,1996,typ,metabolic typology,no unit,LVK
2233,ES51,Cataluña,1996,urb_typ,urban typology,no unit,
2234,ES51,Cataluña,1997,typ,metabolic typology,no unit,LVK
2235,ES51,Cataluña,1997,urb_typ,urban typology,no unit,
2236,ES51,Cataluña,1998,typ,metabolic typology,no unit,LVK
2237,ES51,Cataluña,1998,urb_typ,urban typology,no unit,
2238,ES51,Cataluña,1999,typ,metabolic typology,no unit,LVK
2239,ES51,Cataluña,1999,urb_typ,urban typology,no unit,
2240,ES51,Cataluña,2000,typ,metabolic typology,no unit,LVK
2241,ES51,Cataluña,2000,urb_typ,urban typology,no unit,
2242,ES51,Cataluña,2001,typ,metabolic typology,no unit,LVK
2243,ES51,Cataluña,2001,urb_typ,urban typology,no unit,
2244,ES51,Cataluña,2002,typ,metabolic typology,no unit,LVK
2245,ES51,Cataluña,2002,urb_typ,urban typology,no unit,
2246,ES51,Cataluña,2003,typ,metabolic typology,no unit,LVK
2247,ES51,Cataluña,2003,urb_typ,urban typology,no unit,
2248,ES51,Cataluña,2004,typ,metabolic typology,no unit,LVK
2249,ES51,Cataluña,2004,urb_typ,urban typology,no unit,
2250,ES51,Cataluña,2005,typ,metabolic typology,no unit,LVK
2251,ES51,Cataluña,2005,urb_typ,urban typology,no unit,
2252,ES51,Cataluña,2006,typ,metabolic typology,no unit,LVK
2253,ES51,Cataluña,2006,urb_typ,urban typology,no unit,
2254,ES51,Cataluña,2007,typ,metabolic typology,no unit,LVK
2255,ES51,Cataluña,2007,urb_typ,urban typology,no unit,
2256,ES51,Cataluña,2008,typ,metabolic typology,no unit,LVK
2257,ES51,Cataluña,2008,urb_typ,urban typology,no unit,
2258,ES51,Cataluña,2009,typ,metabolic typology,no unit,LVK
2259,ES51,Cataluña,2009,urb_typ,urban typology,no unit,
2260,ES51,Cataluña,2010,typ,metabolic typology,no unit,LVK
2261,ES51,Cataluña,2010,urb_typ,urban typology,no unit,
2262,ES51,Cataluña,2011,typ,metabolic typology,no unit,LVK
2263,ES51,Cataluña,2011,urb_typ,urban typology,no unit,
2264,ES51,Cataluña,2012,typ,metabolic typology,no unit,LVK
2265,ES51,Cataluña,2012,urb_typ,urban typology,no unit,
2266,ES51,Cataluña,2013,typ,metabolic typology,no unit,LVK
2267,ES51,Cataluña,2013,urb_typ,urban typology,no unit,
2268,ES51,Cataluña,2014,typ,metabolic typology,no unit,LVK
2269,ES51,Cataluña,2014,urb_typ,urban typology,no unit,
2270,ES51,Cataluña,2015,typ,metabolic typology,no unit,LVK
2271,ES51,Cataluña,2015,urb_typ,urban typology,no unit,
2272,ES51,Cataluña,2016,typ,metabolic typology,no unit,LVK
2273,ES51,Cataluña,2016,urb_typ,urban typology,no unit,
2274,ES51,Cataluña,2017,typ,metabolic typology,no unit,LVK
2275,ES51,Cataluña,2017,urb_typ,urban typology,no unit,
2276,ES51,Cataluña,2018,typ,metabolic typology,no unit,LVK
2277,ES51,Cataluña,2018,urb_typ,urban typology,no unit,
2278,ES51,Cataluña,2019,typ,metabolic typology,no unit,LVK
2279,ES51,Cataluña,2019,urb_typ,urban typology,no unit,
2280,ES52,Comunidad Valenciana,1990,typ,metabolic typology,no unit,DSG
2281,ES52,Comunidad Valenciana,1990,urb_typ,urban typology,no unit,URB
2282,ES52,Comunidad Valenciana,1991,typ,metabolic typology,no unit,DSG
2283,ES52,Comunidad Valenciana,1991,urb_typ,urban typology,no unit,URB
2284,ES52,Comunidad Valenciana,1992,typ,metabolic typology,no unit,DSG
2285,ES52,Comunidad Valenciana,1992,urb_typ,urban typology,no unit,URB
2286,ES52,Comunidad Valenciana,1993,typ,metabolic typology,no unit,DSG
2287,ES52,Comunidad Valenciana,1993,urb_typ,urban typology,no unit,URB
2288,ES52,Comunidad Valenciana,1994,typ,metabolic typology,no unit,DSG
2289,ES52,Comunidad Valenciana,1994,urb_typ,urban typology,no unit,URB
2290,ES52,Comunidad Valenciana,1995,typ,metabolic typology,no unit,DSG
2291,ES52,Comunidad Valenciana,1995,urb_typ,urban typology,no unit,URB
2292,ES52,Comunidad Valenciana,1996,typ,metabolic typology,no unit,DSG
2293,ES52,Comunidad Valenciana,1996,urb_typ,urban typology,no unit,URB
2294,ES52,Comunidad Valenciana,1997,typ,metabolic typology,no unit,DSG
2295,ES52,Comunidad Valenciana,1997,urb_typ,urban typology,no unit,URB
2296,ES52,Comunidad Valenciana,1998,typ,metabolic typology,no unit,DSG
2297,ES52,Comunidad Valenciana,1998,urb_typ,urban typology,no unit,URB
2298,ES52,Comunidad Valenciana,1999,typ,metabolic typology,no unit,DSG
2299,ES52,Comunidad Valenciana,1999,urb_typ,urban typology,no unit,URB
2300,ES52,Comunidad Valenciana,2000,typ,metabolic typology,no unit,DSG
2301,ES52,Comunidad Valenciana,2000,urb_typ,urban typology,no unit,URB
2302,ES52,Comunidad Valenciana,2001,typ,metabolic typology,no unit,DSG
2303,ES52,Comunidad Valenciana,2001,urb_typ,urban typology,no unit,URB
2304,ES52,Comunidad Valenciana,2002,typ,metabolic typology,no unit,DSG
2305,ES52,Comunidad Valenciana,2002,urb_typ,urban typology,no unit,URB
2306,ES52,Comunidad Valenciana,2003,typ,metabolic typology,no unit,DSG
2307,ES52,Comunidad Valenciana,2003,urb_typ,urban typology,no unit,URB
2308,ES52,Comunidad Valenciana,2004,typ,metabolic typology,no unit,DSG
2309,ES52,Comunidad Valenciana,2004,urb_typ,urban typology,no unit,URB
2310,ES52,Comunidad Valenciana,2005,typ,metabolic typology,no unit,DSG
2311,ES52,Comunidad Valenciana,2005,urb_typ,urban typology,no unit,URB
2312,ES52,Comunidad Valenciana,2006,typ,metabolic typology,no unit,DSG
2313,ES52,Comunidad Valenciana,2006,urb_typ,urban typology,no unit,URB
2314,ES52,Comunidad Valenciana,2007,typ,metabolic typology,no unit,DSG
2315,ES52,Comunidad Valenciana,2007,urb_typ,urban typology,no unit,URB
2316,ES52,Comunidad Valenciana,2008,typ,metabolic typology,no unit,DSG
2317,ES52,Comunidad Valenciana,2008,urb_typ,urban typology,no unit,URB
2318,ES52,Comunidad Valenciana,2009,typ,metabolic typology,no unit,DSG
2319,ES52,Comunidad Valenciana,2009,urb_typ,urban typology,no unit,URB
2320,ES52,Comunidad Valenciana,2010,typ,metabolic typology,no unit,DSG
2321,ES52,Comunidad Valenciana,2010,urb_typ,urban typology,no unit,URB
2322,ES52,Comunidad Valenciana,2011,typ,metabolic typology,no unit,DSG
2323,ES52,Comunidad Valenciana,2011,urb_typ,urban typology,no unit,URB
2324,ES52,Comunidad Valenciana,2012,typ,metabolic typology,no unit,DSG
2325,ES52,Comunidad Valenciana,2012,urb_typ,urban typology,no unit,URB
2326,ES52,Comunidad Valenciana,2013,typ,metabolic typology,no unit,DSG
2327,ES52,Comunidad Valenciana,2013,urb_typ,urban typology,no unit,URB
2328,ES52,Comunidad Valenciana,2014,typ,metabolic typology,no unit,DSG
2329,ES52,Comunidad Valenciana,2014,urb_typ,urban typology,no unit,URB
2330,ES52,Comunidad Valenciana,2015,typ,metabolic typology,no unit,DSG
2331,ES52,Comunidad Valenciana,2015,urb_typ,urban typology,no unit,URB
2332,ES52,Comunidad Valenciana,2016,typ,metabolic typology,no unit,DSG
2333,ES52,Comunidad Valenciana,2016,urb_typ,urban typology,no unit,URB
2334,ES52,Comunidad Valenciana,2017,typ,metabolic typology,no unit,DSG
2335,ES52,Comunidad Valenciana,2017,urb_typ,urban typology,no unit,URB
2336,ES52,Comunidad Valenciana,2018,typ,metabolic typology,no unit,DSG
2337,ES52,Comunidad Valenciana,2018,urb_typ,urban typology,no unit,URB
2338,ES52,Comunidad Valenciana,2019,typ,metabolic typology,no unit,DSG
2339,ES52,Comunidad Valenciana,2019,urb_typ,urban typology,no unit,URB
2340,ES53,Illes Balears,1990,typ,metabolic typology,no unit,DSG
2341,ES53,Illes Balears,1990,urb_typ,urban typology,no unit,URB
2342,ES53,Illes Balears,1991,typ,metabolic typology,no unit,DSG
2343,ES53,Illes Balears,1991,urb_typ,urban typology,no unit,URB
2344,ES53,Illes Balears,1992,typ,metabolic typology,no unit,DSG
2345,ES53,Illes Balears,1992,urb_typ,urban typology,no unit,URB
2346,ES53,Illes Balears,1993,typ,metabolic typology,no unit,DSG
2347,ES53,Illes Balears,1993,urb_typ,urban typology,no unit,URB
2348,ES53,Illes Balears,1994,typ,metabolic typology,no unit,DSG
2349,ES53,Illes Balears,1994,urb_typ,urban typology,no unit,URB
2350,ES53,Illes Balears,1995,typ,metabolic typology,no unit,DSG
2351,ES53,Illes Balears,1995,urb_typ,urban typology,no unit,URB
2352,ES53,Illes Balears,1996,typ,metabolic typology,no unit,DSG
2353,ES53,Illes Balears,1996,urb_typ,urban typology,no unit,URB
2354,ES53,Illes Balears,1997,typ,metabolic typology,no unit,DSG
2355,ES53,Illes Balears,1997,urb_typ,urban typology,no unit,URB
2356,ES53,Illes Balears,1998,typ,metabolic typology,no unit,DSG
2357,ES53,Illes Balears,1998,urb_typ,urban typology,no unit,URB
2358,ES53,Illes Balears,1999,typ,metabolic typology,no unit,DSG
2359,ES53,Illes Balears,1999,urb_typ,urban typology,no unit,URB
2360,ES53,Illes Balears,2000,typ,metabolic typology,no unit,DSG
2361,ES53,Illes Balears,2000,urb_typ,urban typology,no unit,URB
2362,ES53,Illes Balears,2001,typ,metabolic typology,no unit,DSG
2363,ES53,Illes Balears,2001,urb_typ,urban typology,no unit,URB
2364,ES53,Illes Balears,2002,typ,metabolic typology,no unit,MXF
2365,ES53,Illes Balears,2002,urb_typ,urban typology,no unit,URB
2366,ES53,Illes Balears,2003,typ,metabolic typology,no unit,MXF
2367,ES53,Illes Balears,2003,urb_typ,urban typology,no unit,URB
2368,ES53,Illes Balears,2004,typ,metabolic typology,no unit,MXF
2369,ES53,Illes Balears,2004,urb_typ,urban typology,no unit,URB
2370,ES53,Illes Balears,2005,typ,metabolic typology,no unit,MXF
2371,ES53,Illes Balears,2005,urb_typ,urban typology,no unit,URB
2372,ES53,Illes Balears,2006,typ,metabolic typology,no unit,MXF
2373,ES53,Illes Balears,2006,urb_typ,urban typology,no unit,URB
2374,ES53,Illes Balears,2007,typ,metabolic typology,no unit,DSG
2375,ES53,Illes Balears,2007,urb_typ,urban typology,no unit,URB
2376,ES53,Illes Balears,2008,typ,metabolic typology,no unit,DSG
2377,ES53,Illes Balears,2008,urb_typ,urban typology,no unit,URB
2378,ES53,Illes Balears,2009,typ,metabolic typology,no unit,MXF
2379,ES53,Illes Balears,2009,urb_typ,urban typology,no unit,URB
2380,ES53,Illes Balears,2010,typ,metabolic typology,no unit,DSG
2381,ES53,Illes Balears,2010,urb_typ,urban typology,no unit,URB
2382,ES53,Illes Balears,2011,typ,metabolic typology,no unit,MXF
2383,ES53,Illes Balears,2011,urb_typ,urban typology,no unit,URB
2384,ES53,Illes Balears,2012,typ,metabolic typology,no unit,MXF
2385,ES53,Illes Balears,2012,urb_typ,urban typology,no unit,URB
2386,ES53,Illes Balears,2013,typ,metabolic typology,no unit,MXF
2387,ES53,Illes Balears,2013,urb_typ,urban typology,no unit,URB
2388,ES53,Illes Balears,2014,typ,metabolic typology,no unit,MXF
2389,ES53,Illes Balears,2014,urb_typ,urban typology,no unit,URB
2390,ES53,Illes Balears,2015,typ,metabolic typology,no unit,DSG
2391,ES53,Illes Balears,2015,urb_typ,urban typology,no unit,URB
2392,ES53,Illes Balears,2016,typ,metabolic typology,no unit,MXF
2393,ES53,Illes Balears,2016,urb_typ,urban typology,no unit,URB
2394,ES53,Illes Balears,2017,typ,metabolic typology,no unit,MXF
2395,ES53,Illes Balears,2017,urb_typ,urban typology,no unit,URB
2396,ES53,Illes Balears,2018,typ,metabolic typology,no unit,MXF
2397,ES53,Illes Balears,2018,urb_typ,urban typology,no unit,URB
2398,ES53,Illes Balears,2019,typ,metabolic typology,no unit,MXF
2399,ES53,Illes Balears,2019,urb_typ,urban typology,no unit,URB
2400,ES61,Andalucía,1990,typ,metabolic typology,no unit,DSG
2401,ES61,Andalucía,1990,urb_typ,urban typology,no unit,
2402,ES61,Andalucía,1991,typ,metabolic typology,no unit,DSG
2403,ES61,Andalucía,1991,urb_typ,urban typology,no unit,
2404,ES61,Andalucía,1992,typ,metabolic typology,no unit,DSG
2405,ES61,Andalucía,1992,urb_typ,urban typology,no unit,
2406,ES61,Andalucía,1993,typ,metabolic typology,no unit,DSG
2407,ES61,Andalucía,1993,urb_typ,urban typology,no unit,
2408,ES61,Andalucía,1994,typ,metabolic typology,no unit,DSG
2409,ES61,Andalucía,1994,urb_typ,urban typology,no unit,
2410,ES61,Andalucía,1995,typ,metabolic typology,no unit,DSG
2411,ES61,Andalucía,1995,urb_typ,urban typology,no unit,
2412,ES61,Andalucía,1996,typ,metabolic typology,no unit,DSG
2413,ES61,Andalucía,1996,urb_typ,urban typology,no unit,
2414,ES61,Andalucía,1997,typ,metabolic typology,no unit,DSG
2415,ES61,Andalucía,1997,urb_typ,urban typology,no unit,
2416,ES61,Andalucía,1998,typ,metabolic typology,no unit,DSG
2417,ES61,Andalucía,1998,urb_typ,urban typology,no unit,
2418,ES61,Andalucía,1999,typ,metabolic typology,no unit,DSG
2419,ES61,Andalucía,1999,urb_typ,urban typology,no unit,
2420,ES61,Andalucía,2000,typ,metabolic typology,no unit,DSG
2421,ES61,Andalucía,2000,urb_typ,urban typology,no unit,
2422,ES61,Andalucía,2001,typ,metabolic typology,no unit,DSG
2423,ES61,Andalucía,2001,urb_typ,urban typology,no unit,
2424,ES61,Andalucía,2002,typ,metabolic typology,no unit,DSG
2425,ES61,Andalucía,2002,urb_typ,urban typology,no unit,
2426,ES61,Andalucía,2003,typ,metabolic typology,no unit,DSG
2427,ES61,Andalucía,2003,urb_typ,urban typology,no unit,
2428,ES61,Andalucía,2004,typ,metabolic typology,no unit,DSG
2429,ES61,Andalucía,2004,urb_typ,urban typology,no unit,
2430,ES61,Andalucía,2005,typ,metabolic typology,no unit,DSG
2431,ES61,Andalucía,2005,urb_typ,urban typology,no unit,
2432,ES61,Andalucía,2006,typ,metabolic typology,no unit,DSG
2433,ES61,Andalucía,2006,urb_typ,urban typology,no unit,
2434,ES61,Andalucía,2007,typ,metabolic typology,no unit,DSG
2435,ES61,Andalucía,2007,urb_typ,urban typology,no unit,
2436,ES61,Andalucía,2008,typ,metabolic typology,no unit,DSG
2437,ES61,Andalucía,2008,urb_typ,urban typology,no unit,
2438,ES61,Andalucía,2009,typ,metabolic typology,no unit,DSG
2439,ES61,Andalucía,2009,urb_typ,urban typology,no unit,
2440,ES61,Andalucía,2010,typ,metabolic typology,no unit,DSG
2441,ES61,Andalucía,2010,urb_typ,urban typology,no unit,
2442,ES61,Andalucía,2011,typ,metabolic typology,no unit,DSG
2443,ES61,Andalucía,2011,urb_typ,urban typology,no unit,
2444,ES61,Andalucía,2012,typ,metabolic typology,no unit,DSG
2445,ES61,Andalucía,2012,urb_typ,urban typology,no unit,
2446,ES61,Andalucía,2013,typ,metabolic typology,no unit,DSG
2447,ES61,Andalucía,2013,urb_typ,urban typology,no unit,
2448,ES61,Andalucía,2014,typ,metabolic typology,no unit,DSG
2449,ES61,Andalucía,2014,urb_typ,urban typology,no unit,
2450,ES61,Andalucía,2015,typ,metabolic typology,no unit,DSG
2451,ES61,Andalucía,2015,urb_typ,urban typology,no unit,
2452,ES61,Andalucía,2016,typ,metabolic typology,no unit,DSG
2453,ES61,Andalucía,2016,urb_typ,urban typology,no unit,
2454,ES61,Andalucía,2017,typ,metabolic typology,no unit,DSG
2455,ES61,Andalucía,2017,urb_typ,urban typology,no unit,
2456,ES61,Andalucía,2018,typ,metabolic typology,no unit,DSG
2457,ES61,Andalucía,2018,urb_typ,urban typology,no unit,
2458,ES61,Andalucía,2019,typ,metabolic typology,no unit,DSG
2459,ES61,Andalucía,2019,urb_typ,urban typology,no unit,
2460,ES62,Región de Murcia,1990,typ,metabolic typology,no unit,DSG
2461,ES62,Región de Murcia,1990,urb_typ,urban typology,no unit,
2462,ES62,Región de Murcia,1991,typ,metabolic typology,no unit,DSG
2463,ES62,Región de Murcia,1991,urb_typ,urban typology,no unit,
2464,ES62,Región de Murcia,1992,typ,metabolic typology,no unit,DSG
2465,ES62,Región de Murcia,1992,urb_typ,urban typology,no unit,
2466,ES62,Región de Murcia,1993,typ,metabolic typology,no unit,DSG
2467,ES62,Región de Murcia,1993,urb_typ,urban typology,no unit,
2468,ES62,Región de Murcia,1994,typ,metabolic typology,no unit,LVK
2469,ES62,Región de Murcia,1994,urb_typ,urban typology,no unit,
2470,ES62,Región de Murcia,1995,typ,metabolic typology,no unit,DSG
2471,ES62,Región de Murcia,1995,urb_typ,urban typology,no unit,URB
2472,ES62,Región de Murcia,1996,typ,metabolic typology,no unit,DSG
2473,ES62,Región de Murcia,1996,urb_typ,urban typology,no unit,
2474,ES62,Región de Murcia,1997,typ,metabolic typology,no unit,DSG
2475,ES62,Región de Murcia,1997,urb_typ,urban typology,no unit,
2476,ES62,Región de Murcia,1998,typ,metabolic typology,no unit,DSG
2477,ES62,Región de Murcia,1998,urb_typ,urban typology,no unit,
2478,ES62,Región de Murcia,1999,typ,metabolic typology,no unit,DSG
2479,ES62,Región de Murcia,1999,urb_typ,urban typology,no unit,
2480,ES62,Región de Murcia,2000,typ,metabolic typology,no unit,LVK
2481,ES62,Región de Murcia,2000,urb_typ,urban typology,no unit,
2482,ES62,Región de Murcia,2001,typ,metabolic typology,no unit,LVK
2483,ES62,Región de Murcia,2001,urb_typ,urban typology,no unit,
2484,ES62,Región de Murcia,2002,typ,metabolic typology,no unit,LVK
2485,ES62,Región de Murcia,2002,urb_typ,urban typology,no unit,
2486,ES62,Región de Murcia,2003,typ,metabolic typology,no unit,LVK
2487,ES62,Región de Murcia,2003,urb_typ,urban typology,no unit,
2488,ES62,Región de Murcia,2004,typ,metabolic typology,no unit,LVK
2489,ES62,Región de Murcia,2004,urb_typ,urban typology,no unit,
2490,ES62,Región de Murcia,2005,typ,metabolic typology,no unit,LVK
2491,ES62,Región de Murcia,2005,urb_typ,urban typology,no unit,
2492,ES62,Región de Murcia,2006,typ,metabolic typology,no unit,LVK
2493,ES62,Región de Murcia,2006,urb_typ,urban typology,no unit,
2494,ES62,Región de Murcia,2007,typ,metabolic typology,no unit,LVK
2495,ES62,Región de Murcia,2007,urb_typ,urban typology,no unit,
2496,ES62,Región de Murcia,2008,typ,metabolic typology,no unit,LVK
2497,ES62,Región de Murcia,2008,urb_typ,urban typology,no unit,
2498,ES62,Región de Murcia,2009,typ,metabolic typology,no unit,LVK
2499,ES62,Región de Murcia,2009,urb_typ,urban typology,no unit,
2500,ES62,Región de Murcia,2010,typ,metabolic typology,no unit,LVK
2501,ES62,Región de Murcia,2010,urb_typ,urban typology,no unit,
2502,ES62,Región de Murcia,2011,typ,metabolic typology,no unit,LVK
2503,ES62,Región de Murcia,2011,urb_typ,urban typology,no unit,
2504,ES62,Región de Murcia,2012,typ,metabolic typology,no unit,LVK
2505,ES62,Región de Murcia,2012,urb_typ,urban typology,no unit,
2506,ES62,Región de Murcia,2013,typ,metabolic typology,no unit,LVK
2507,ES62,Región de Murcia,2013,urb_typ,urban typology,no unit,
2508,ES62,Región de Murcia,2014,typ,metabolic typology,no unit,LVK
2509,ES62,Región de Murcia,2014,urb_typ,urban typology,no unit,
2510,ES62,Región de Murcia,2015,typ,metabolic typology,no unit,LVK
2511,ES62,Región de Murcia,2015,urb_typ,urban typology,no unit,
2512,ES62,Región de Murcia,2016,typ,metabolic typology,no unit,LVK
2513,ES62,Región de Murcia,2016,urb_typ,urban typology,no unit,
2514,ES62,Región de Murcia,2017,typ,metabolic typology,no unit,LVK
2515,ES62,Región de Murcia,2017,urb_typ,urban typology,no unit,
2516,ES62,Región de Murcia,2018,typ,metabolic typology,no unit,LVK
2517,ES62,Región de Murcia,2018,urb_typ,urban typology,no unit,
2518,ES62,Región de Murcia,2019,typ,metabolic typology,no unit,LVK
2519,ES62,Región de Murcia,2019,urb_typ,urban typology,no unit,
2520,FI,Finland,1990,typ,metabolic typology,no unit,DSG
2521,FI,Finland,1990,urb_typ,urban typology,no unit,
2522,FI,Finland,1991,typ,metabolic typology,no unit,DSG
2523,FI,Finland,1991,urb_typ,urban typology,no unit,
2524,FI,Finland,1992,typ,metabolic typology,no unit,DSG
2525,FI,Finland,1992,urb_typ,urban typology,no unit,
2526,FI,Finland,1993,typ,metabolic typology,no unit,DSG
2527,FI,Finland,1993,urb_typ,urban typology,no unit,
2528,FI,Finland,1994,typ,metabolic typology,no unit,DSG
2529,FI,Finland,1994,urb_typ,urban typology,no unit,
2530,FI,Finland,1995,typ,metabolic typology,no unit,DSG
2531,FI,Finland,1995,urb_typ,urban typology,no unit,
2532,FI,Finland,1996,typ,metabolic typology,no unit,DSG
2533,FI,Finland,1996,urb_typ,urban typology,no unit,
2534,FI,Finland,1997,typ,metabolic typology,no unit,DSG
2535,FI,Finland,1997,urb_typ,urban typology,no unit,
2536,FI,Finland,1998,typ,metabolic typology,no unit,DSG
2537,FI,Finland,1998,urb_typ,urban typology,no unit,
2538,FI,Finland,1999,typ,metabolic typology,no unit,DSG
2539,FI,Finland,1999,urb_typ,urban typology,no unit,
2540,FI,Finland,2000,typ,metabolic typology,no unit,DSG
2541,FI,Finland,2000,urb_typ,urban typology,no unit,
2542,FI,Finland,2001,typ,metabolic typology,no unit,DSG
2543,FI,Finland,2001,urb_typ,urban typology,no unit,
2544,FI,Finland,2002,typ,metabolic typology,no unit,DSG
2545,FI,Finland,2002,urb_typ,urban typology,no unit,
2546,FI,Finland,2003,typ,metabolic typology,no unit,DSG
2547,FI,Finland,2003,urb_typ,urban typology,no unit,
2548,FI,Finland,2004,typ,metabolic typology,no unit,DSG
2549,FI,Finland,2004,urb_typ,urban typology,no unit,
2550,FI,Finland,2005,typ,metabolic typology,no unit,DSG
2551,FI,Finland,2005,urb_typ,urban typology,no unit,
2552,FI,Finland,2006,typ,metabolic typology,no unit,DSG
2553,FI,Finland,2006,urb_typ,urban typology,no unit,
2554,FI,Finland,2007,typ,metabolic typology,no unit,SCS
2555,FI,Finland,2007,urb_typ,urban typology,no unit,
2556,FI,Finland,2008,typ,metabolic typology,no unit,SCS
2557,FI,Finland,2008,urb_typ,urban typology,no unit,
2558,FI,Finland,2009,typ,metabolic typology,no unit,SCS
2559,FI,Finland,2009,urb_typ,urban typology,no unit,
2560,FI,Finland,2010,typ,metabolic typology,no unit,DSG
2561,FI,Finland,2010,urb_typ,urban typology,no unit,
2562,FI,Finland,2011,typ,metabolic typology,no unit,SCS
2563,FI,Finland,2011,urb_typ,urban typology,no unit,
2564,FI,Finland,2012,typ,metabolic typology,no unit,SCS
2565,FI,Finland,2012,urb_typ,urban typology,no unit,
2566,FI,Finland,2013,typ,metabolic typology,no unit,SCS
2567,FI,Finland,2013,urb_typ,urban typology,no unit,
2568,FI,Finland,2014,typ,metabolic typology,no unit,SCS
2569,FI,Finland,2014,urb_typ,urban typology,no unit,
2570,FI,Finland,2015,typ,metabolic typology,no unit,DSG
2571,FI,Finland,2015,urb_typ,urban typology,no unit,
2572,FI,Finland,2016,typ,metabolic typology,no unit,SCS
2573,FI,Finland,2016,urb_typ,urban typology,no unit,
2574,FI,Finland,2017,typ,metabolic typology,no unit,SCS
2575,FI,Finland,2017,urb_typ,urban typology,no unit,
2576,FI,Finland,2018,typ,metabolic typology,no unit,SCS
2577,FI,Finland,2018,urb_typ,urban typology,no unit,
2578,FI,Finland,2019,typ,metabolic typology,no unit,SCS
2579,FI,Finland,2019,urb_typ,urban typology,no unit,
2580,FR10,Ile-de-France,1990,typ,metabolic typology,no unit,SCS
2581,FR10,Ile-de-France,1990,urb_typ,urban typology,no unit,
2582,FR10,Ile-de-France,1991,typ,metabolic typology,no unit,SCS
2583,FR10,Ile-de-France,1991,urb_typ,urban typology,no unit,
2584,FR10,Ile-de-France,1992,typ,metabolic typology,no unit,SCS
2585,FR10,Ile-de-France,1992,urb_typ,urban typology,no unit,
2586,FR10,Ile-de-France,1993,typ,metabolic typology,no unit,SCS
2587,FR10,Ile-de-France,1993,urb_typ,urban typology,no unit,
2588,FR10,Ile-de-France,1994,typ,metabolic typology,no unit,SCS
2589,FR10,Ile-de-France,1994,urb_typ,urban typology,no unit,
2590,FR10,Ile-de-France,1995,typ,metabolic typology,no unit,SCS
2591,FR10,Ile-de-France,1995,urb_typ,urban typology,no unit,URB
2592,FR10,Ile-de-France,1996,typ,metabolic typology,no unit,SCS
2593,FR10,Ile-de-France,1996,urb_typ,urban typology,no unit,
2594,FR10,Ile-de-France,1997,typ,metabolic typology,no unit,SCS
2595,FR10,Ile-de-France,1997,urb_typ,urban typology,no unit,
2596,FR10,Ile-de-France,1998,typ,metabolic typology,no unit,SCS
2597,FR10,Ile-de-France,1998,urb_typ,urban typology,no unit,
2598,FR10,Ile-de-France,1999,typ,metabolic typology,no unit,SCS
2599,FR10,Ile-de-France,1999,urb_typ,urban typology,no unit,
2600,FR10,Ile-de-France,2000,typ,metabolic typology,no unit,SCS
2601,FR10,Ile-de-France,2000,urb_typ,urban typology,no unit,
2602,FR10,Ile-de-France,2001,typ,metabolic typology,no unit,SCS
2603,FR10,Ile-de-France,2001,urb_typ,urban typology,no unit,URB
2604,FR10,Ile-de-France,2002,typ,metabolic typology,no unit,SCS
2605,FR10,Ile-de-France,2002,urb_typ,urban typology,no unit,
2606,FR10,Ile-de-France,2003,typ,metabolic typology,no unit,SCS
2607,FR10,Ile-de-France,2003,urb_typ,urban typology,no unit,URB
2608,FR10,Ile-de-France,2004,typ,metabolic typology,no unit,SCS
2609,FR10,Ile-de-France,2004,urb_typ,urban typology,no unit,
2610,FR10,Ile-de-France,2005,typ,metabolic typology,no unit,SCS
2611,FR10,Ile-de-France,2005,urb_typ,urban typology,no unit,
2612,FR10,Ile-de-France,2006,typ,metabolic typology,no unit,SCS
2613,FR10,Ile-de-France,2006,urb_typ,urban typology,no unit,URB
2614,FR10,Ile-de-France,2007,typ,metabolic typology,no unit,SCS
2615,FR10,Ile-de-France,2007,urb_typ,urban typology,no unit,URB
2616,FR10,Ile-de-France,2008,typ,metabolic typology,no unit,SCS
2617,FR10,Ile-de-France,2008,urb_typ,urban typology,no unit,
2618,FR10,Ile-de-France,2009,typ,metabolic typology,no unit,SCS
2619,FR10,Ile-de-France,2009,urb_typ,urban typology,no unit,
2620,FR10,Ile-de-France,2010,typ,metabolic typology,no unit,SCS
2621,FR10,Ile-de-France,2010,urb_typ,urban typology,no unit,
2622,FR10,Ile-de-France,2011,typ,metabolic typology,no unit,SCS
2623,FR10,Ile-de-France,2011,urb_typ,urban typology,no unit,URB
2624,FR10,Ile-de-France,2012,typ,metabolic typology,no unit,SCS
2625,FR10,Ile-de-France,2012,urb_typ,urban typology,no unit,
2626,FR10,Ile-de-France,2013,typ,metabolic typology,no unit,SCS
2627,FR10,Ile-de-France,2013,urb_typ,urban typology,no unit,URB
2628,FR10,Ile-de-France,2014,typ,metabolic typology,no unit,SCS
2629,FR10,Ile-de-France,2014,urb_typ,urban typology,no unit,
2630,FR10,Ile-de-France,2015,typ,metabolic typology,no unit,SCS
2631,FR10,Ile-de-France,2015,urb_typ,urban typology,no unit,
2632,FR10,Ile-de-France,2016,typ,metabolic typology,no unit,SCS
2633,FR10,Ile-de-France,2016,urb_typ,urban typology,no unit,URB
2634,FR10,Ile-de-France,2017,typ,metabolic typology,no unit,SCS
2635,FR10,Ile-de-France,2017,urb_typ,urban typology,no unit,URB
2636,FR10,Ile-de-France,2018,typ,metabolic typology,no unit,SCS
2637,FR10,Ile-de-France,2018,urb_typ,urban typology,no unit,URB
2638,FR10,Ile-de-France,2019,typ,metabolic typology,no unit,SCS
2639,FR10,Ile-de-France,2019,urb_typ,urban typology,no unit,URB
2640,FRB0,Centre - Val de Loire,1990,typ,metabolic typology,no unit,SCS
2641,FRB0,Centre - Val de Loire,1990,urb_typ,urban typology,no unit,
2642,FRB0,Centre - Val de Loire,1991,typ,metabolic typology,no unit,SCS
2643,FRB0,Centre - Val de Loire,1991,urb_typ,urban typology,no unit,
2644,FRB0,Centre - Val de Loire,1992,typ,metabolic typology,no unit,SCS
2645,FRB0,Centre - Val de Loire,1992,urb_typ,urban typology,no unit,
2646,FRB0,Centre - Val de Loire,1993,typ,metabolic typology,no unit,SCS
2647,FRB0,Centre - Val de Loire,1993,urb_typ,urban typology,no unit,
2648,FRB0,Centre - Val de Loire,1994,typ,metabolic typology,no unit,SCS
2649,FRB0,Centre - Val de Loire,1994,urb_typ,urban typology,no unit,
2650,FRB0,Centre - Val de Loire,1995,typ,metabolic typology,no unit,SCS
2651,FRB0,Centre - Val de Loire,1995,urb_typ,urban typology,no unit,
2652,FRB0,Centre - Val de Loire,1996,typ,metabolic typology,no unit,SCS
2653,FRB0,Centre - Val de Loire,1996,urb_typ,urban typology,no unit,
2654,FRB0,Centre - Val de Loire,1997,typ,metabolic typology,no unit,SCS
2655,FRB0,Centre - Val de Loire,1997,urb_typ,urban typology,no unit,
2656,FRB0,Centre - Val de Loire,1998,typ,metabolic typology,no unit,SCS
2657,FRB0,Centre - Val de Loire,1998,urb_typ,urban typology,no unit,
2658,FRB0,Centre - Val de Loire,1999,typ,metabolic typology,no unit,SCS
2659,FRB0,Centre - Val de Loire,1999,urb_typ,urban typology,no unit,
2660,FRB0,Centre - Val de Loire,2000,typ,metabolic typology,no unit,SCS
2661,FRB0,Centre - Val de Loire,2000,urb_typ,urban typology,no unit,
2662,FRB0,Centre - Val de Loire,2001,typ,metabolic typology,no unit,SCS
2663,FRB0,Centre - Val de Loire,2001,urb_typ,urban typology,no unit,
2664,FRB0,Centre - Val de Loire,2002,typ,metabolic typology,no unit,SCS
2665,FRB0,Centre - Val de Loire,2002,urb_typ,urban typology,no unit,
2666,FRB0,Centre - Val de Loire,2003,typ,metabolic typology,no unit,SCS
2667,FRB0,Centre - Val de Loire,2003,urb_typ,urban typology,no unit,
2668,FRB0,Centre - Val de Loire,2004,typ,metabolic typology,no unit,SCS
2669,FRB0,Centre - Val de Loire,2004,urb_typ,urban typology,no unit,
2670,FRB0,Centre - Val de Loire,2005,typ,metabolic typology,no unit,SCS
2671,FRB0,Centre - Val de Loire,2005,urb_typ,urban typology,no unit,
2672,FRB0,Centre - Val de Loire,2006,typ,metabolic typology,no unit,SCS
2673,FRB0,Centre - Val de Loire,2006,urb_typ,urban typology,no unit,
2674,FRB0,Centre - Val de Loire,2007,typ,metabolic typology,no unit,SCS
2675,FRB0,Centre - Val de Loire,2007,urb_typ,urban typology,no unit,
2676,FRB0,Centre - Val de Loire,2008,typ,metabolic typology,no unit,SCS
2677,FRB0,Centre - Val de Loire,2008,urb_typ,urban typology,no unit,
2678,FRB0,Centre - Val de Loire,2009,typ,metabolic typology,no unit,SCS
2679,FRB0,Centre - Val de Loire,2009,urb_typ,urban typology,no unit,
2680,FRB0,Centre - Val de Loire,2010,typ,metabolic typology,no unit,SCS
2681,FRB0,Centre - Val de Loire,2010,urb_typ,urban typology,no unit,
2682,FRB0,Centre - Val de Loire,2011,typ,metabolic typology,no unit,SCS
2683,FRB0,Centre - Val de Loire,2011,urb_typ,urban typology,no unit,
2684,FRB0,Centre - Val de Loire,2012,typ,metabolic typology,no unit,SCS
2685,FRB0,Centre - Val de Loire,2012,urb_typ,urban typology,no unit,
2686,FRB0,Centre - Val de Loire,2013,typ,metabolic typology,no unit,SCS
2687,FRB0,Centre - Val de Loire,2013,urb_typ,urban typology,no unit,
2688,FRB0,Centre - Val de Loire,2014,typ,metabolic typology,no unit,SCS
2689,FRB0,Centre - Val de Loire,2014,urb_typ,urban typology,no unit,
2690,FRB0,Centre - Val de Loire,2015,typ,metabolic typology,no unit,SCS
2691,FRB0,Centre - Val de Loire,2015,urb_typ,urban typology,no unit,
2692,FRB0,Centre - Val de Loire,2016,typ,metabolic typology,no unit,SCS
2693,FRB0,Centre - Val de Loire,2016,urb_typ,urban typology,no unit,
2694,FRB0,Centre - Val de Loire,2017,typ,metabolic typology,no unit,SCS
2695,FRB0,Centre - Val de Loire,2017,urb_typ,urban typology,no unit,
2696,FRB0,Centre - Val de Loire,2018,typ,metabolic typology,no unit,SCS
2697,FRB0,Centre - Val de Loire,2018,urb_typ,urban typology,no unit,
2698,FRB0,Centre - Val de Loire,2019,typ,metabolic typology,no unit,SCS
2699,FRB0,Centre - Val de Loire,2019,urb_typ,urban typology,no unit,
2700,FRC1,Bourgogne,1990,typ,metabolic typology,no unit,MXG
2701,FRC1,Bourgogne,1990,urb_typ,urban typology,no unit,
2702,FRC1,Bourgogne,1991,typ,metabolic typology,no unit,MXG
2703,FRC1,Bourgogne,1991,urb_typ,urban typology,no unit,
2704,FRC1,Bourgogne,1992,typ,metabolic typology,no unit,MXG
2705,FRC1,Bourgogne,1992,urb_typ,urban typology,no unit,
2706,FRC1,Bourgogne,1993,typ,metabolic typology,no unit,MXG
2707,FRC1,Bourgogne,1993,urb_typ,urban typology,no unit,
2708,FRC1,Bourgogne,1994,typ,metabolic typology,no unit,MXG
2709,FRC1,Bourgogne,1994,urb_typ,urban typology,no unit,
2710,FRC1,Bourgogne,1995,typ,metabolic typology,no unit,MXG
2711,FRC1,Bourgogne,1995,urb_typ,urban typology,no unit,
2712,FRC1,Bourgogne,1996,typ,metabolic typology,no unit,MXG
2713,FRC1,Bourgogne,1996,urb_typ,urban typology,no unit,
2714,FRC1,Bourgogne,1997,typ,metabolic typology,no unit,MXG
2715,FRC1,Bourgogne,1997,urb_typ,urban typology,no unit,
2716,FRC1,Bourgogne,1998,typ,metabolic typology,no unit,MXG
2717,FRC1,Bourgogne,1998,urb_typ,urban typology,no unit,
2718,FRC1,Bourgogne,1999,typ,metabolic typology,no unit,MXG
2719,FRC1,Bourgogne,1999,urb_typ,urban typology,no unit,
2720,FRC1,Bourgogne,2000,typ,metabolic typology,no unit,MXG
2721,FRC1,Bourgogne,2000,urb_typ,urban typology,no unit,
2722,FRC1,Bourgogne,2001,typ,metabolic typology,no unit,MXG
2723,FRC1,Bourgogne,2001,urb_typ,urban typology,no unit,
2724,FRC1,Bourgogne,2002,typ,metabolic typology,no unit,MXG
2725,FRC1,Bourgogne,2002,urb_typ,urban typology,no unit,
2726,FRC1,Bourgogne,2003,typ,metabolic typology,no unit,MXG
2727,FRC1,Bourgogne,2003,urb_typ,urban typology,no unit,
2728,FRC1,Bourgogne,2004,typ,metabolic typology,no unit,MXG
2729,FRC1,Bourgogne,2004,urb_typ,urban typology,no unit,
2730,FRC1,Bourgogne,2005,typ,metabolic typology,no unit,MXG
2731,FRC1,Bourgogne,2005,urb_typ,urban typology,no unit,
2732,FRC1,Bourgogne,2006,typ,metabolic typology,no unit,MXG
2733,FRC1,Bourgogne,2006,urb_typ,urban typology,no unit,
2734,FRC1,Bourgogne,2007,typ,metabolic typology,no unit,MXG
2735,FRC1,Bourgogne,2007,urb_typ,urban typology,no unit,
2736,FRC1,Bourgogne,2008,typ,metabolic typology,no unit,MXG
2737,FRC1,Bourgogne,2008,urb_typ,urban typology,no unit,
2738,FRC1,Bourgogne,2009,typ,metabolic typology,no unit,MXG
2739,FRC1,Bourgogne,2009,urb_typ,urban typology,no unit,
2740,FRC1,Bourgogne,2010,typ,metabolic typology,no unit,MXG
2741,FRC1,Bourgogne,2010,urb_typ,urban typology,no unit,
2742,FRC1,Bourgogne,2011,typ,metabolic typology,no unit,MXG
2743,FRC1,Bourgogne,2011,urb_typ,urban typology,no unit,
2744,FRC1,Bourgogne,2012,typ,metabolic typology,no unit,MXG
2745,FRC1,Bourgogne,2012,urb_typ,urban typology,no unit,
2746,FRC1,Bourgogne,2013,typ,metabolic typology,no unit,MXG
2747,FRC1,Bourgogne,2013,urb_typ,urban typology,no unit,
2748,FRC1,Bourgogne,2014,typ,metabolic typology,no unit,MXG
2749,FRC1,Bourgogne,2014,urb_typ,urban typology,no unit,
2750,FRC1,Bourgogne,2015,typ,metabolic typology,no unit,MXG
2751,FRC1,Bourgogne,2015,urb_typ,urban typology,no unit,
2752,FRC1,Bourgogne,2016,typ,metabolic typology,no unit,MXG
2753,FRC1,Bourgogne,2016,urb_typ,urban typology,no unit,
2754,FRC1,Bourgogne,2017,typ,metabolic typology,no unit,MXG
2755,FRC1,Bourgogne,2017,urb_typ,urban typology,no unit,
2756,FRC1,Bourgogne,2018,typ,metabolic typology,no unit,MXG
2757,FRC1,Bourgogne,2018,urb_typ,urban typology,no unit,
2758,FRC1,Bourgogne,2019,typ,metabolic typology,no unit,MXG
2759,FRC1,Bourgogne,2019,urb_typ,urban typology,no unit,
2760,FRC2,Franche-Comté,1990,typ,metabolic typology,no unit,MXG
2761,FRC2,Franche-Comté,1990,urb_typ,urban typology,no unit,
2762,FRC2,Franche-Comté,1991,typ,metabolic typology,no unit,MXG
2763,FRC2,Franche-Comté,1991,urb_typ,urban typology,no unit,
2764,FRC2,Franche-Comté,1992,typ,metabolic typology,no unit,MXG
2765,FRC2,Franche-Comté,1992,urb_typ,urban typology,no unit,
2766,FRC2,Franche-Comté,1993,typ,metabolic typology,no unit,MXG
2767,FRC2,Franche-Comté,1993,urb_typ,urban typology,no unit,
2768,FRC2,Franche-Comté,1994,typ,metabolic typology,no unit,MXG
2769,FRC2,Franche-Comté,1994,urb_typ,urban typology,no unit,
2770,FRC2,Franche-Comté,1995,typ,metabolic typology,no unit,MXG
2771,FRC2,Franche-Comté,1995,urb_typ,urban typology,no unit,
2772,FRC2,Franche-Comté,1996,typ,metabolic typology,no unit,MXG
2773,FRC2,Franche-Comté,1996,urb_typ,urban typology,no unit,
2774,FRC2,Franche-Comté,1997,typ,metabolic typology,no unit,MXG
2775,FRC2,Franche-Comté,1997,urb_typ,urban typology,no unit,
2776,FRC2,Franche-Comté,1998,typ,metabolic typology,no unit,MXG
2777,FRC2,Franche-Comté,1998,urb_typ,urban typology,no unit,
2778,FRC2,Franche-Comté,1999,typ,metabolic typology,no unit,MXG
2779,FRC2,Franche-Comté,1999,urb_typ,urban typology,no unit,
2780,FRC2,Franche-Comté,2000,typ,metabolic typology,no unit,MXG
2781,FRC2,Franche-Comté,2000,urb_typ,urban typology,no unit,
2782,FRC2,Franche-Comté,2001,typ,metabolic typology,no unit,MXG
2783,FRC2,Franche-Comté,2001,urb_typ,urban typology,no unit,
2784,FRC2,Franche-Comté,2002,typ,metabolic typology,no unit,MXG
2785,FRC2,Franche-Comté,2002,urb_typ,urban typology,no unit,
2786,FRC2,Franche-Comté,2003,typ,metabolic typology,no unit,MXG
2787,FRC2,Franche-Comté,2003,urb_typ,urban typology,no unit,
2788,FRC2,Franche-Comté,2004,typ,metabolic typology,no unit,MXG
2789,FRC2,Franche-Comté,2004,urb_typ,urban typology,no unit,
2790,FRC2,Franche-Comté,2005,typ,metabolic typology,no unit,MXG
2791,FRC2,Franche-Comté,2005,urb_typ,urban typology,no unit,
2792,FRC2,Franche-Comté,2006,typ,metabolic typology,no unit,MXG
2793,FRC2,Franche-Comté,2006,urb_typ,urban typology,no unit,
2794,FRC2,Franche-Comté,2007,typ,metabolic typology,no unit,MXG
2795,FRC2,Franche-Comté,2007,urb_typ,urban typology,no unit,
2796,FRC2,Franche-Comté,2008,typ,metabolic typology,no unit,MXG
2797,FRC2,Franche-Comté,2008,urb_typ,urban typology,no unit,
2798,FRC2,Franche-Comté,2009,typ,metabolic typology,no unit,MXG
2799,FRC2,Franche-Comté,2009,urb_typ,urban typology,no unit,
2800,FRC2,Franche-Comté,2010,typ,metabolic typology,no unit,MXG
2801,FRC2,Franche-Comté,2010,urb_typ,urban typology,no unit,
2802,FRC2,Franche-Comté,2011,typ,metabolic typology,no unit,MXG
2803,FRC2,Franche-Comté,2011,urb_typ,urban typology,no unit,
2804,FRC2,Franche-Comté,2012,typ,metabolic typology,no unit,MXG
2805,FRC2,Franche-Comté,2012,urb_typ,urban typology,no unit,
2806,FRC2,Franche-Comté,2013,typ,metabolic typology,no unit,MXG
2807,FRC2,Franche-Comté,2013,urb_typ,urban typology,no unit,
2808,FRC2,Franche-Comté,2014,typ,metabolic typology,no unit,MXG
2809,FRC2,Franche-Comté,2014,urb_typ,urban typology,no unit,
2810,FRC2,Franche-Comté,2015,typ,metabolic typology,no unit,MXF
2811,FRC2,Franche-Comté,2015,urb_typ,urban typology,no unit,
2812,FRC2,Franche-Comté,2016,typ,metabolic typology,no unit,MXF
2813,FRC2,Franche-Comté,2016,urb_typ,urban typology,no unit,
2814,FRC2,Franche-Comté,2017,typ,metabolic typology,no unit,MXF
2815,FRC2,Franche-Comté,2017,urb_typ,urban typology,no unit,
2816,FRC2,Franche-Comté,2018,typ,metabolic typology,no unit,MXG
2817,FRC2,Franche-Comté,2018,urb_typ,urban typology,no unit,
2818,FRC2,Franche-Comté,2019,typ,metabolic typology,no unit,MXG
2819,FRC2,Franche-Comté,2019,urb_typ,urban typology,no unit,
2820,FRD1,Basse-Normandie,1990,typ,metabolic typology,no unit,MXF
2821,FRD1,Basse-Normandie,1990,urb_typ,urban typology,no unit,
2822,FRD1,Basse-Normandie,1991,typ,metabolic typology,no unit,MXF
2823,FRD1,Basse-Normandie,1991,urb_typ,urban typology,no unit,
2824,FRD1,Basse-Normandie,1992,typ,metabolic typology,no unit,MXF
2825,FRD1,Basse-Normandie,1992,urb_typ,urban typology,no unit,
2826,FRD1,Basse-Normandie,1993,typ,metabolic typology,no unit,MXF
2827,FRD1,Basse-Normandie,1993,urb_typ,urban typology,no unit,
2828,FRD1,Basse-Normandie,1994,typ,metabolic typology,no unit,MXF
2829,FRD1,Basse-Normandie,1994,urb_typ,urban typology,no unit,
2830,FRD1,Basse-Normandie,1995,typ,metabolic typology,no unit,MXF
2831,FRD1,Basse-Normandie,1995,urb_typ,urban typology,no unit,
2832,FRD1,Basse-Normandie,1996,typ,metabolic typology,no unit,MXF
2833,FRD1,Basse-Normandie,1996,urb_typ,urban typology,no unit,
2834,FRD1,Basse-Normandie,1997,typ,metabolic typology,no unit,MXF
2835,FRD1,Basse-Normandie,1997,urb_typ,urban typology,no unit,
2836,FRD1,Basse-Normandie,1998,typ,metabolic typology,no unit,MXF
2837,FRD1,Basse-Normandie,1998,urb_typ,urban typology,no unit,
2838,FRD1,Basse-Normandie,1999,typ,metabolic typology,no unit,MXF
2839,FRD1,Basse-Normandie,1999,urb_typ,urban typology,no unit,
2840,FRD1,Basse-Normandie,2000,typ,metabolic typology,no unit,MXF
2841,FRD1,Basse-Normandie,2000,urb_typ,urban typology,no unit,
2842,FRD1,Basse-Normandie,2001,typ,metabolic typology,no unit,MXF
2843,FRD1,Basse-Normandie,2001,urb_typ,urban typology,no unit,
2844,FRD1,Basse-Normandie,2002,typ,metabolic typology,no unit,MXF
2845,FRD1,Basse-Normandie,2002,urb_typ,urban typology,no unit,
2846,FRD1,Basse-Normandie,2003,typ,metabolic typology,no unit,DSG
2847,FRD1,Basse-Normandie,2003,urb_typ,urban typology,no unit,
2848,FRD1,Basse-Normandie,2004,typ,metabolic typology,no unit,DSG
2849,FRD1,Basse-Normandie,2004,urb_typ,urban typology,no unit,
2850,FRD1,Basse-Normandie,2005,typ,metabolic typology,no unit,DSG
2851,FRD1,Basse-Normandie,2005,urb_typ,urban typology,no unit,
2852,FRD1,Basse-Normandie,2006,typ,metabolic typology,no unit,DSG
2853,FRD1,Basse-Normandie,2006,urb_typ,urban typology,no unit,
2854,FRD1,Basse-Normandie,2007,typ,metabolic typology,no unit,MXF
2855,FRD1,Basse-Normandie,2007,urb_typ,urban typology,no unit,
2856,FRD1,Basse-Normandie,2008,typ,metabolic typology,no unit,MXF
2857,FRD1,Basse-Normandie,2008,urb_typ,urban typology,no unit,
2858,FRD1,Basse-Normandie,2009,typ,metabolic typology,no unit,MXF
2859,FRD1,Basse-Normandie,2009,urb_typ,urban typology,no unit,
2860,FRD1,Basse-Normandie,2010,typ,metabolic typology,no unit,MXF
2861,FRD1,Basse-Normandie,2010,urb_typ,urban typology,no unit,
2862,FRD1,Basse-Normandie,2011,typ,metabolic typology,no unit,MXF
2863,FRD1,Basse-Normandie,2011,urb_typ,urban typology,no unit,
2864,FRD1,Basse-Normandie,2012,typ,metabolic typology,no unit,MXF
2865,FRD1,Basse-Normandie,2012,urb_typ,urban typology,no unit,
2866,FRD1,Basse-Normandie,2013,typ,metabolic typology,no unit,MXF
2867,FRD1,Basse-Normandie,2013,urb_typ,urban typology,no unit,
2868,FRD1,Basse-Normandie,2014,typ,metabolic typology,no unit,MXF
2869,FRD1,Basse-Normandie,2014,urb_typ,urban typology,no unit,
2870,FRD1,Basse-Normandie,2015,typ,metabolic typology,no unit,DSG
2871,FRD1,Basse-Normandie,2015,urb_typ,urban typology,no unit,
2872,FRD1,Basse-Normandie,2016,typ,metabolic typology,no unit,DSG
2873,FRD1,Basse-Normandie,2016,urb_typ,urban typology,no unit,
2874,FRD1,Basse-Normandie,2017,typ,metabolic typology,no unit,DSG
2875,FRD1,Basse-Normandie,2017,urb_typ,urban typology,no unit,
2876,FRD1,Basse-Normandie,2018,typ,metabolic typology,no unit,DSG
2877,FRD1,Basse-Normandie,2018,urb_typ,urban typology,no unit,
2878,FRD1,Basse-Normandie,2019,typ,metabolic typology,no unit,DSG
2879,FRD1,Basse-Normandie,2019,urb_typ,urban typology,no unit,
2880,FRD2,Haute-Normandie,1990,typ,metabolic typology,no unit,DSG
2881,FRD2,Haute-Normandie,1990,urb_typ,urban typology,no unit,
2882,FRD2,Haute-Normandie,1991,typ,metabolic typology,no unit,DSG
2883,FRD2,Haute-Normandie,1991,urb_typ,urban typology,no unit,
2884,FRD2,Haute-Normandie,1992,typ,metabolic typology,no unit,DSG
2885,FRD2,Haute-Normandie,1992,urb_typ,urban typology,no unit,
2886,FRD2,Haute-Normandie,1993,typ,metabolic typology,no unit,DSG
2887,FRD2,Haute-Normandie,1993,urb_typ,urban typology,no unit,
2888,FRD2,Haute-Normandie,1994,typ,metabolic typology,no unit,DSG
2889,FRD2,Haute-Normandie,1994,urb_typ,urban typology,no unit,
2890,FRD2,Haute-Normandie,1995,typ,metabolic typology,no unit,DSG
2891,FRD2,Haute-Normandie,1995,urb_typ,urban typology,no unit,
2892,FRD2,Haute-Normandie,1996,typ,metabolic typology,no unit,DSG
2893,FRD2,Haute-Normandie,1996,urb_typ,urban typology,no unit,
2894,FRD2,Haute-Normandie,1997,typ,metabolic typology,no unit,DSG
2895,FRD2,Haute-Normandie,1997,urb_typ,urban typology,no unit,
2896,FRD2,Haute-Normandie,1998,typ,metabolic typology,no unit,SCS
2897,FRD2,Haute-Normandie,1998,urb_typ,urban typology,no unit,
2898,FRD2,Haute-Normandie,1999,typ,metabolic typology,no unit,DSG
2899,FRD2,Haute-Normandie,1999,urb_typ,urban typology,no unit,
2900,FRD2,Haute-Normandie,2000,typ,metabolic typology,no unit,DSG
2901,FRD2,Haute-Normandie,2000,urb_typ,urban typology,no unit,
2902,FRD2,Haute-Normandie,2001,typ,metabolic typology,no unit,DSG
2903,FRD2,Haute-Normandie,2001,urb_typ,urban typology,no unit,
2904,FRD2,Haute-Normandie,2002,typ,metabolic typology,no unit,SCS
2905,FRD2,Haute-Normandie,2002,urb_typ,urban typology,no unit,
2906,FRD2,Haute-Normandie,2003,typ,metabolic typology,no unit,SCS
2907,FRD2,Haute-Normandie,2003,urb_typ,urban typology,no unit,
2908,FRD2,Haute-Normandie,2004,typ,metabolic typology,no unit,SCS
2909,FRD2,Haute-Normandie,2004,urb_typ,urban typology,no unit,
2910,FRD2,Haute-Normandie,2005,typ,metabolic typology,no unit,SCS
2911,FRD2,Haute-Normandie,2005,urb_typ,urban typology,no unit,
2912,FRD2,Haute-Normandie,2006,typ,metabolic typology,no unit,SCS
2913,FRD2,Haute-Normandie,2006,urb_typ,urban typology,no unit,
2914,FRD2,Haute-Normandie,2007,typ,metabolic typology,no unit,DSG
2915,FRD2,Haute-Normandie,2007,urb_typ,urban typology,no unit,
2916,FRD2,Haute-Normandie,2008,typ,metabolic typology,no unit,SCS
2917,FRD2,Haute-Normandie,2008,urb_typ,urban typology,no unit,
2918,FRD2,Haute-Normandie,2009,typ,metabolic typology,no unit,SCS
2919,FRD2,Haute-Normandie,2009,urb_typ,urban typology,no unit,
2920,FRD2,Haute-Normandie,2010,typ,metabolic typology,no unit,SCS
2921,FRD2,Haute-Normandie,2010,urb_typ,urban typology,no unit,
2922,FRD2,Haute-Normandie,2011,typ,metabolic typology,no unit,SCS
2923,FRD2,Haute-Normandie,2011,urb_typ,urban typology,no unit,
2924,FRD2,Haute-Normandie,2012,typ,metabolic typology,no unit,SCS
2925,FRD2,Haute-Normandie,2012,urb_typ,urban typology,no unit,
2926,FRD2,Haute-Normandie,2013,typ,metabolic typology,no unit,SCS
2927,FRD2,Haute-Normandie,2013,urb_typ,urban typology,no unit,
2928,FRD2,Haute-Normandie,2014,typ,metabolic typology,no unit,SCS
2929,FRD2,Haute-Normandie,2014,urb_typ,urban typology,no unit,
2930,FRD2,Haute-Normandie,2015,typ,metabolic typology,no unit,SCS
2931,FRD2,Haute-Normandie,2015,urb_typ,urban typology,no unit,
2932,FRD2,Haute-Normandie,2016,typ,metabolic typology,no unit,SCS
2933,FRD2,Haute-Normandie,2016,urb_typ,urban typology,no unit,
2934,FRD2,Haute-Normandie,2017,typ,metabolic typology,no unit,SCS
2935,FRD2,Haute-Normandie,2017,urb_typ,urban typology,no unit,
2936,FRD2,Haute-Normandie,2018,typ,metabolic typology,no unit,SCS
2937,FRD2,Haute-Normandie,2018,urb_typ,urban typology,no unit,
2938,FRD2,Haute-Normandie,2019,typ,metabolic typology,no unit,SCS
2939,FRD2,Haute-Normandie,2019,urb_typ,urban typology,no unit,
2940,FRE1,Nord-Pas de Calais,1990,typ,metabolic typology,no unit,DSG
2941,FRE1,Nord-Pas de Calais,1990,urb_typ,urban typology,no unit,
2942,FRE1,Nord-Pas de Calais,1991,typ,metabolic typology,no unit,DSG
2943,FRE1,Nord-Pas de Calais,1991,urb_typ,urban typology,no unit,
2944,FRE1,Nord-Pas de Calais,1992,typ,metabolic typology,no unit,DSG
2945,FRE1,Nord-Pas de Calais,1992,urb_typ,urban typology,no unit,
2946,FRE1,Nord-Pas de Calais,1993,typ,metabolic typology,no unit,DSG
2947,FRE1,Nord-Pas de Calais,1993,urb_typ,urban typology,no unit,
2948,FRE1,Nord-Pas de Calais,1994,typ,metabolic typology,no unit,DSG
2949,FRE1,Nord-Pas de Calais,1994,urb_typ,urban typology,no unit,
2950,FRE1,Nord-Pas de Calais,1995,typ,metabolic typology,no unit,DSG
2951,FRE1,Nord-Pas de Calais,1995,urb_typ,urban typology,no unit,
2952,FRE1,Nord-Pas de Calais,1996,typ,metabolic typology,no unit,DSG
2953,FRE1,Nord-Pas de Calais,1996,urb_typ,urban typology,no unit,
2954,FRE1,Nord-Pas de Calais,1997,typ,metabolic typology,no unit,DSG
2955,FRE1,Nord-Pas de Calais,1997,urb_typ,urban typology,no unit,
2956,FRE1,Nord-Pas de Calais,1998,typ,metabolic typology,no unit,DSG
2957,FRE1,Nord-Pas de Calais,1998,urb_typ,urban typology,no unit,
2958,FRE1,Nord-Pas de Calais,1999,typ,metabolic typology,no unit,DSG
2959,FRE1,Nord-Pas de Calais,1999,urb_typ,urban typology,no unit,
2960,FRE1,Nord-Pas de Calais,2000,typ,metabolic typology,no unit,DSG
2961,FRE1,Nord-Pas de Calais,2000,urb_typ,urban typology,no unit,
2962,FRE1,Nord-Pas de Calais,2001,typ,metabolic typology,no unit,DSG
2963,FRE1,Nord-Pas de Calais,2001,urb_typ,urban typology,no unit,
2964,FRE1,Nord-Pas de Calais,2002,typ,metabolic typology,no unit,DSG
2965,FRE1,Nord-Pas de Calais,2002,urb_typ,urban typology,no unit,
2966,FRE1,Nord-Pas de Calais,2003,typ,metabolic typology,no unit,DSG
2967,FRE1,Nord-Pas de Calais,2003,urb_typ,urban typology,no unit,
2968,FRE1,Nord-Pas de Calais,2004,typ,metabolic typology,no unit,DSG
2969,FRE1,Nord-Pas de Calais,2004,urb_typ,urban typology,no unit,
2970,FRE1,Nord-Pas de Calais,2005,typ,metabolic typology,no unit,DSG
2971,FRE1,Nord-Pas de Calais,2005,urb_typ,urban typology,no unit,
2972,FRE1,Nord-Pas de Calais,2006,typ,metabolic typology,no unit,DSG
2973,FRE1,Nord-Pas de Calais,2006,urb_typ,urban typology,no unit,
2974,FRE1,Nord-Pas de Calais,2007,typ,metabolic typology,no unit,DSG
2975,FRE1,Nord-Pas de Calais,2007,urb_typ,urban typology,no unit,
2976,FRE1,Nord-Pas de Calais,2008,typ,metabolic typology,no unit,DSG
2977,FRE1,Nord-Pas de Calais,2008,urb_typ,urban typology,no unit,
2978,FRE1,Nord-Pas de Calais,2009,typ,metabolic typology,no unit,DSG
2979,FRE1,Nord-Pas de Calais,2009,urb_typ,urban typology,no unit,
2980,FRE1,Nord-Pas de Calais,2010,typ,metabolic typology,no unit,DSG
2981,FRE1,Nord-Pas de Calais,2010,urb_typ,urban typology,no unit,
2982,FRE1,Nord-Pas de Calais,2011,typ,metabolic typology,no unit,DSG
2983,FRE1,Nord-Pas de Calais,2011,urb_typ,urban typology,no unit,
2984,FRE1,Nord-Pas de Calais,2012,typ,metabolic typology,no unit,DSG
2985,FRE1,Nord-Pas de Calais,2012,urb_typ,urban typology,no unit,
2986,FRE1,Nord-Pas de Calais,2013,typ,metabolic typology,no unit,DSG
2987,FRE1,Nord-Pas de Calais,2013,urb_typ,urban typology,no unit,
2988,FRE1,Nord-Pas de Calais,2014,typ,metabolic typology,no unit,DSG
2989,FRE1,Nord-Pas de Calais,2014,urb_typ,urban typology,no unit,
2990,FRE1,Nord-Pas de Calais,2015,typ,metabolic typology,no unit,DSG
2991,FRE1,Nord-Pas de Calais,2015,urb_typ,urban typology,no unit,
2992,FRE1,Nord-Pas de Calais,2016,typ,metabolic typology,no unit,DSG
2993,FRE1,Nord-Pas de Calais,2016,urb_typ,urban typology,no unit,
2994,FRE1,Nord-Pas de Calais,2017,typ,metabolic typology,no unit,DSG
2995,FRE1,Nord-Pas de Calais,2017,urb_typ,urban typology,no unit,
2996,FRE1,Nord-Pas de Calais,2018,typ,metabolic typology,no unit,DSG
2997,FRE1,Nord-Pas de Calais,2018,urb_typ,urban typology,no unit,
2998,FRE1,Nord-Pas de Calais,2019,typ,metabolic typology,no unit,DSG
2999,FRE1,Nord-Pas de Calais,2019,urb_typ,urban typology,no unit,
3000,FRE2,Picardie,1990,typ,metabolic typology,no unit,SCS
3001,FRE2,Picardie,1990,urb_typ,urban typology,no unit,
3002,FRE2,Picardie,1991,typ,metabolic typology,no unit,SCS
3003,FRE2,Picardie,1991,urb_typ,urban typology,no unit,
3004,FRE2,Picardie,1992,typ,metabolic typology,no unit,SCS
3005,FRE2,Picardie,1992,urb_typ,urban typology,no unit,
3006,FRE2,Picardie,1993,typ,metabolic typology,no unit,SCS
3007,FRE2,Picardie,1993,urb_typ,urban typology,no unit,
3008,FRE2,Picardie,1994,typ,metabolic typology,no unit,SCS
3009,FRE2,Picardie,1994,urb_typ,urban typology,no unit,
3010,FRE2,Picardie,1995,typ,metabolic typology,no unit,SCS
3011,FRE2,Picardie,1995,urb_typ,urban typology,no unit,
3012,FRE2,Picardie,1996,typ,metabolic typology,no unit,SCS
3013,FRE2,Picardie,1996,urb_typ,urban typology,no unit,
3014,FRE2,Picardie,1997,typ,metabolic typology,no unit,SCS
3015,FRE2,Picardie,1997,urb_typ,urban typology,no unit,
3016,FRE2,Picardie,1998,typ,metabolic typology,no unit,SCS
3017,FRE2,Picardie,1998,urb_typ,urban typology,no unit,
3018,FRE2,Picardie,1999,typ,metabolic typology,no unit,SCS
3019,FRE2,Picardie,1999,urb_typ,urban typology,no unit,
3020,FRE2,Picardie,2000,typ,metabolic typology,no unit,SCS
3021,FRE2,Picardie,2000,urb_typ,urban typology,no unit,
3022,FRE2,Picardie,2001,typ,metabolic typology,no unit,SCS
3023,FRE2,Picardie,2001,urb_typ,urban typology,no unit,
3024,FRE2,Picardie,2002,typ,metabolic typology,no unit,SCS
3025,FRE2,Picardie,2002,urb_typ,urban typology,no unit,
3026,FRE2,Picardie,2003,typ,metabolic typology,no unit,SCS
3027,FRE2,Picardie,2003,urb_typ,urban typology,no unit,
3028,FRE2,Picardie,2004,typ,metabolic typology,no unit,SCS
3029,FRE2,Picardie,2004,urb_typ,urban typology,no unit,
3030,FRE2,Picardie,2005,typ,metabolic typology,no unit,SCS
3031,FRE2,Picardie,2005,urb_typ,urban typology,no unit,
3032,FRE2,Picardie,2006,typ,metabolic typology,no unit,SCS
3033,FRE2,Picardie,2006,urb_typ,urban typology,no unit,
3034,FRE2,Picardie,2007,typ,metabolic typology,no unit,SCS
3035,FRE2,Picardie,2007,urb_typ,urban typology,no unit,
3036,FRE2,Picardie,2008,typ,metabolic typology,no unit,SCS
3037,FRE2,Picardie,2008,urb_typ,urban typology,no unit,
3038,FRE2,Picardie,2009,typ,metabolic typology,no unit,SCS
3039,FRE2,Picardie,2009,urb_typ,urban typology,no unit,
3040,FRE2,Picardie,2010,typ,metabolic typology,no unit,SCS
3041,FRE2,Picardie,2010,urb_typ,urban typology,no unit,
3042,FRE2,Picardie,2011,typ,metabolic typology,no unit,SCS
3043,FRE2,Picardie,2011,urb_typ,urban typology,no unit,
3044,FRE2,Picardie,2012,typ,metabolic typology,no unit,SCS
3045,FRE2,Picardie,2012,urb_typ,urban typology,no unit,
3046,FRE2,Picardie,2013,typ,metabolic typology,no unit,SCS
3047,FRE2,Picardie,2013,urb_typ,urban typology,no unit,
3048,FRE2,Picardie,2014,typ,metabolic typology,no unit,SCS
3049,FRE2,Picardie,2014,urb_typ,urban typology,no unit,
3050,FRE2,Picardie,2015,typ,metabolic typology,no unit,SCS
3051,FRE2,Picardie,2015,urb_typ,urban typology,no unit,
3052,FRE2,Picardie,2016,typ,metabolic typology,no unit,SCS
3053,FRE2,Picardie,2016,urb_typ,urban typology,no unit,
3054,FRE2,Picardie,2017,typ,metabolic typology,no unit,SCS
3055,FRE2,Picardie,2017,urb_typ,urban typology,no unit,
3056,FRE2,Picardie,2018,typ,metabolic typology,no unit,SCS
3057,FRE2,Picardie,2018,urb_typ,urban typology,no unit,
3058,FRE2,Picardie,2019,typ,metabolic typology,no unit,SCS
3059,FRE2,Picardie,2019,urb_typ,urban typology,no unit,
3060,FRF1,Alsace,1990,typ,metabolic typology,no unit,SCS
3061,FRF1,Alsace,1990,urb_typ,urban typology,no unit,
3062,FRF1,Alsace,1991,typ,metabolic typology,no unit,DSG
3063,FRF1,Alsace,1991,urb_typ,urban typology,no unit,
3064,FRF1,Alsace,1992,typ,metabolic typology,no unit,DSG
3065,FRF1,Alsace,1992,urb_typ,urban typology,no unit,
3066,FRF1,Alsace,1993,typ,metabolic typology,no unit,DSG
3067,FRF1,Alsace,1993,urb_typ,urban typology,no unit,
3068,FRF1,Alsace,1994,typ,metabolic typology,no unit,DSG
3069,FRF1,Alsace,1994,urb_typ,urban typology,no unit,
3070,FRF1,Alsace,1995,typ,metabolic typology,no unit,DSG
3071,FRF1,Alsace,1995,urb_typ,urban typology,no unit,
3072,FRF1,Alsace,1996,typ,metabolic typology,no unit,DSG
3073,FRF1,Alsace,1996,urb_typ,urban typology,no unit,
3074,FRF1,Alsace,1997,typ,metabolic typology,no unit,DSG
3075,FRF1,Alsace,1997,urb_typ,urban typology,no unit,
3076,FRF1,Alsace,1998,typ,metabolic typology,no unit,DSG
3077,FRF1,Alsace,1998,urb_typ,urban typology,no unit,
3078,FRF1,Alsace,1999,typ,metabolic typology,no unit,DSG
3079,FRF1,Alsace,1999,urb_typ,urban typology,no unit,
3080,FRF1,Alsace,2000,typ,metabolic typology,no unit,SCS
3081,FRF1,Alsace,2000,urb_typ,urban typology,no unit,
3082,FRF1,Alsace,2001,typ,metabolic typology,no unit,SCS
3083,FRF1,Alsace,2001,urb_typ,urban typology,no unit,
3084,FRF1,Alsace,2002,typ,metabolic typology,no unit,SCS
3085,FRF1,Alsace,2002,urb_typ,urban typology,no unit,
3086,FRF1,Alsace,2003,typ,metabolic typology,no unit,DSG
3087,FRF1,Alsace,2003,urb_typ,urban typology,no unit,
3088,FRF1,Alsace,2004,typ,metabolic typology,no unit,SCS
3089,FRF1,Alsace,2004,urb_typ,urban typology,no unit,
3090,FRF1,Alsace,2005,typ,metabolic typology,no unit,SCS
3091,FRF1,Alsace,2005,urb_typ,urban typology,no unit,
3092,FRF1,Alsace,2006,typ,metabolic typology,no unit,SCS
3093,FRF1,Alsace,2006,urb_typ,urban typology,no unit,
3094,FRF1,Alsace,2007,typ,metabolic typology,no unit,SCS
3095,FRF1,Alsace,2007,urb_typ,urban typology,no unit,
3096,FRF1,Alsace,2008,typ,metabolic typology,no unit,DSG
3097,FRF1,Alsace,2008,urb_typ,urban typology,no unit,
3098,FRF1,Alsace,2009,typ,metabolic typology,no unit,SCS
3099,FRF1,Alsace,2009,urb_typ,urban typology,no unit,
3100,FRF1,Alsace,2010,typ,metabolic typology,no unit,SCS
3101,FRF1,Alsace,2010,urb_typ,urban typology,no unit,
3102,FRF1,Alsace,2011,typ,metabolic typology,no unit,SCS
3103,FRF1,Alsace,2011,urb_typ,urban typology,no unit,
3104,FRF1,Alsace,2012,typ,metabolic typology,no unit,SCS
3105,FRF1,Alsace,2012,urb_typ,urban typology,no unit,
3106,FRF1,Alsace,2013,typ,metabolic typology,no unit,SCS
3107,FRF1,Alsace,2013,urb_typ,urban typology,no unit,
3108,FRF1,Alsace,2014,typ,metabolic typology,no unit,SCS
3109,FRF1,Alsace,2014,urb_typ,urban typology,no unit,
3110,FRF1,Alsace,2015,typ,metabolic typology,no unit,SCS
3111,FRF1,Alsace,2015,urb_typ,urban typology,no unit,
3112,FRF1,Alsace,2016,typ,metabolic typology,no unit,SCS
3113,FRF1,Alsace,2016,urb_typ,urban typology,no unit,
3114,FRF1,Alsace,2017,typ,metabolic typology,no unit,SCS
3115,FRF1,Alsace,2017,urb_typ,urban typology,no unit,
3116,FRF1,Alsace,2018,typ,metabolic typology,no unit,SCS
3117,FRF1,Alsace,2018,urb_typ,urban typology,no unit,
3118,FRF1,Alsace,2019,typ,metabolic typology,no unit,SCS
3119,FRF1,Alsace,2019,urb_typ,urban typology,no unit,
3120,FRF2,Champagne-Ardenne,1990,typ,metabolic typology,no unit,SCS
3121,FRF2,Champagne-Ardenne,1990,urb_typ,urban typology,no unit,
3122,FRF2,Champagne-Ardenne,1991,typ,metabolic typology,no unit,SCS
3123,FRF2,Champagne-Ardenne,1991,urb_typ,urban typology,no unit,
3124,FRF2,Champagne-Ardenne,1992,typ,metabolic typology,no unit,SCS
3125,FRF2,Champagne-Ardenne,1992,urb_typ,urban typology,no unit,
3126,FRF2,Champagne-Ardenne,1993,typ,metabolic typology,no unit,SCS
3127,FRF2,Champagne-Ardenne,1993,urb_typ,urban typology,no unit,
3128,FRF2,Champagne-Ardenne,1994,typ,metabolic typology,no unit,SCS
3129,FRF2,Champagne-Ardenne,1994,urb_typ,urban typology,no unit,
3130,FRF2,Champagne-Ardenne,1995,typ,metabolic typology,no unit,SCS
3131,FRF2,Champagne-Ardenne,1995,urb_typ,urban typology,no unit,
3132,FRF2,Champagne-Ardenne,1996,typ,metabolic typology,no unit,SCS
3133,FRF2,Champagne-Ardenne,1996,urb_typ,urban typology,no unit,
3134,FRF2,Champagne-Ardenne,1997,typ,metabolic typology,no unit,SCS
3135,FRF2,Champagne-Ardenne,1997,urb_typ,urban typology,no unit,
3136,FRF2,Champagne-Ardenne,1998,typ,metabolic typology,no unit,SCS
3137,FRF2,Champagne-Ardenne,1998,urb_typ,urban typology,no unit,
3138,FRF2,Champagne-Ardenne,1999,typ,metabolic typology,no unit,SCS
3139,FRF2,Champagne-Ardenne,1999,urb_typ,urban typology,no unit,
3140,FRF2,Champagne-Ardenne,2000,typ,metabolic typology,no unit,SCS
3141,FRF2,Champagne-Ardenne,2000,urb_typ,urban typology,no unit,
3142,FRF2,Champagne-Ardenne,2001,typ,metabolic typology,no unit,SCS
3143,FRF2,Champagne-Ardenne,2001,urb_typ,urban typology,no unit,
3144,FRF2,Champagne-Ardenne,2002,typ,metabolic typology,no unit,SCS
3145,FRF2,Champagne-Ardenne,2002,urb_typ,urban typology,no unit,
3146,FRF2,Champagne-Ardenne,2003,typ,metabolic typology,no unit,SCS
3147,FRF2,Champagne-Ardenne,2003,urb_typ,urban typology,no unit,
3148,FRF2,Champagne-Ardenne,2004,typ,metabolic typology,no unit,SCS
3149,FRF2,Champagne-Ardenne,2004,urb_typ,urban typology,no unit,
3150,FRF2,Champagne-Ardenne,2005,typ,metabolic typology,no unit,SCS
3151,FRF2,Champagne-Ardenne,2005,urb_typ,urban typology,no unit,
3152,FRF2,Champagne-Ardenne,2006,typ,metabolic typology,no unit,SCS
3153,FRF2,Champagne-Ardenne,2006,urb_typ,urban typology,no unit,
3154,FRF2,Champagne-Ardenne,2007,typ,metabolic typology,no unit,SCS
3155,FRF2,Champagne-Ardenne,2007,urb_typ,urban typology,no unit,
3156,FRF2,Champagne-Ardenne,2008,typ,metabolic typology,no unit,SCS
3157,FRF2,Champagne-Ardenne,2008,urb_typ,urban typology,no unit,
3158,FRF2,Champagne-Ardenne,2009,typ,metabolic typology,no unit,SCS
3159,FRF2,Champagne-Ardenne,2009,urb_typ,urban typology,no unit,
3160,FRF2,Champagne-Ardenne,2010,typ,metabolic typology,no unit,SCS
3161,FRF2,Champagne-Ardenne,2010,urb_typ,urban typology,no unit,
3162,FRF2,Champagne-Ardenne,2011,typ,metabolic typology,no unit,SCS
3163,FRF2,Champagne-Ardenne,2011,urb_typ,urban typology,no unit,
3164,FRF2,Champagne-Ardenne,2012,typ,metabolic typology,no unit,SCS
3165,FRF2,Champagne-Ardenne,2012,urb_typ,urban typology,no unit,
3166,FRF2,Champagne-Ardenne,2013,typ,metabolic typology,no unit,SCS
3167,FRF2,Champagne-Ardenne,2013,urb_typ,urban typology,no unit,
3168,FRF2,Champagne-Ardenne,2014,typ,metabolic typology,no unit,SCS
3169,FRF2,Champagne-Ardenne,2014,urb_typ,urban typology,no unit,
3170,FRF2,Champagne-Ardenne,2015,typ,metabolic typology,no unit,SCS
3171,FRF2,Champagne-Ardenne,2015,urb_typ,urban typology,no unit,
3172,FRF2,Champagne-Ardenne,2016,typ,metabolic typology,no unit,SCS
3173,FRF2,Champagne-Ardenne,2016,urb_typ,urban typology,no unit,
3174,FRF2,Champagne-Ardenne,2017,typ,metabolic typology,no unit,SCS
3175,FRF2,Champagne-Ardenne,2017,urb_typ,urban typology,no unit,
3176,FRF2,Champagne-Ardenne,2018,typ,metabolic typology,no unit,SCS
3177,FRF2,Champagne-Ardenne,2018,urb_typ,urban typology,no unit,
3178,FRF2,Champagne-Ardenne,2019,typ,metabolic typology,no unit,SCS
3179,FRF2,Champagne-Ardenne,2019,urb_typ,urban typology,no unit,
3180,FRF3,Lorraine,1990,typ,metabolic typology,no unit,MXG
3181,FRF3,Lorraine,1990,urb_typ,urban typology,no unit,
3182,FRF3,Lorraine,1991,typ,metabolic typology,no unit,MXG
3183,FRF3,Lorraine,1991,urb_typ,urban typology,no unit,
3184,FRF3,Lorraine,1992,typ,metabolic typology,no unit,MXG
3185,FRF3,Lorraine,1992,urb_typ,urban typology,no unit,
3186,FRF3,Lorraine,1993,typ,metabolic typology,no unit,MXG
3187,FRF3,Lorraine,1993,urb_typ,urban typology,no unit,
3188,FRF3,Lorraine,1994,typ,metabolic typology,no unit,DSG
3189,FRF3,Lorraine,1994,urb_typ,urban typology,no unit,
3190,FRF3,Lorraine,1995,typ,metabolic typology,no unit,DSG
3191,FRF3,Lorraine,1995,urb_typ,urban typology,no unit,
3192,FRF3,Lorraine,1996,typ,metabolic typology,no unit,DSG
3193,FRF3,Lorraine,1996,urb_typ,urban typology,no unit,
3194,FRF3,Lorraine,1997,typ,metabolic typology,no unit,DSG
3195,FRF3,Lorraine,1997,urb_typ,urban typology,no unit,
3196,FRF3,Lorraine,1998,typ,metabolic typology,no unit,DSG
3197,FRF3,Lorraine,1998,urb_typ,urban typology,no unit,
3198,FRF3,Lorraine,1999,typ,metabolic typology,no unit,DSG
3199,FRF3,Lorraine,1999,urb_typ,urban typology,no unit,
3200,FRF3,Lorraine,2000,typ,metabolic typology,no unit,DSG
3201,FRF3,Lorraine,2000,urb_typ,urban typology,no unit,
3202,FRF3,Lorraine,2001,typ,metabolic typology,no unit,DSG
3203,FRF3,Lorraine,2001,urb_typ,urban typology,no unit,
3204,FRF3,Lorraine,2002,typ,metabolic typology,no unit,DSG
3205,FRF3,Lorraine,2002,urb_typ,urban typology,no unit,
3206,FRF3,Lorraine,2003,typ,metabolic typology,no unit,MXG
3207,FRF3,Lorraine,2003,urb_typ,urban typology,no unit,
3208,FRF3,Lorraine,2004,typ,metabolic typology,no unit,MXG
3209,FRF3,Lorraine,2004,urb_typ,urban typology,no unit,
3210,FRF3,Lorraine,2005,typ,metabolic typology,no unit,DSG
3211,FRF3,Lorraine,2005,urb_typ,urban typology,no unit,
3212,FRF3,Lorraine,2006,typ,metabolic typology,no unit,DSG
3213,FRF3,Lorraine,2006,urb_typ,urban typology,no unit,
3214,FRF3,Lorraine,2007,typ,metabolic typology,no unit,DSG
3215,FRF3,Lorraine,2007,urb_typ,urban typology,no unit,
3216,FRF3,Lorraine,2008,typ,metabolic typology,no unit,DSG
3217,FRF3,Lorraine,2008,urb_typ,urban typology,no unit,
3218,FRF3,Lorraine,2009,typ,metabolic typology,no unit,DSG
3219,FRF3,Lorraine,2009,urb_typ,urban typology,no unit,
3220,FRF3,Lorraine,2010,typ,metabolic typology,no unit,DSG
3221,FRF3,Lorraine,2010,urb_typ,urban typology,no unit,
3222,FRF3,Lorraine,2011,typ,metabolic typology,no unit,DSG
3223,FRF3,Lorraine,2011,urb_typ,urban typology,no unit,
3224,FRF3,Lorraine,2012,typ,metabolic typology,no unit,DSG
3225,FRF3,Lorraine,2012,urb_typ,urban typology,no unit,
3226,FRF3,Lorraine,2013,typ,metabolic typology,no unit,DSG
3227,FRF3,Lorraine,2013,urb_typ,urban typology,no unit,
3228,FRF3,Lorraine,2014,typ,metabolic typology,no unit,DSG
3229,FRF3,Lorraine,2014,urb_typ,urban typology,no unit,
3230,FRF3,Lorraine,2015,typ,metabolic typology,no unit,DSG
3231,FRF3,Lorraine,2015,urb_typ,urban typology,no unit,
3232,FRF3,Lorraine,2016,typ,metabolic typology,no unit,DSG
3233,FRF3,Lorraine,2016,urb_typ,urban typology,no unit,
3234,FRF3,Lorraine,2017,typ,metabolic typology,no unit,DSG
3235,FRF3,Lorraine,2017,urb_typ,urban typology,no unit,
3236,FRF3,Lorraine,2018,typ,metabolic typology,no unit,MXG
3237,FRF3,Lorraine,2018,urb_typ,urban typology,no unit,
3238,FRF3,Lorraine,2019,typ,metabolic typology,no unit,MXG
3239,FRF3,Lorraine,2019,urb_typ,urban typology,no unit,
3240,FRG0,Pays de la Loire,1990,typ,metabolic typology,no unit,MXF
3241,FRG0,Pays de la Loire,1990,urb_typ,urban typology,no unit,
3242,FRG0,Pays de la Loire,1991,typ,metabolic typology,no unit,MXF
3243,FRG0,Pays de la Loire,1991,urb_typ,urban typology,no unit,
3244,FRG0,Pays de la Loire,1992,typ,metabolic typology,no unit,MXF
3245,FRG0,Pays de la Loire,1992,urb_typ,urban typology,no unit,
3246,FRG0,Pays de la Loire,1993,typ,metabolic typology,no unit,MXF
3247,FRG0,Pays de la Loire,1993,urb_typ,urban typology,no unit,
3248,FRG0,Pays de la Loire,1994,typ,metabolic typology,no unit,MXF
3249,FRG0,Pays de la Loire,1994,urb_typ,urban typology,no unit,
3250,FRG0,Pays de la Loire,1995,typ,metabolic typology,no unit,MXF
3251,FRG0,Pays de la Loire,1995,urb_typ,urban typology,no unit,
3252,FRG0,Pays de la Loire,1996,typ,metabolic typology,no unit,MXF
3253,FRG0,Pays de la Loire,1996,urb_typ,urban typology,no unit,
3254,FRG0,Pays de la Loire,1997,typ,metabolic typology,no unit,MXF
3255,FRG0,Pays de la Loire,1997,urb_typ,urban typology,no unit,
3256,FRG0,Pays de la Loire,1998,typ,metabolic typology,no unit,MXF
3257,FRG0,Pays de la Loire,1998,urb_typ,urban typology,no unit,
3258,FRG0,Pays de la Loire,1999,typ,metabolic typology,no unit,MXF
3259,FRG0,Pays de la Loire,1999,urb_typ,urban typology,no unit,
3260,FRG0,Pays de la Loire,2000,typ,metabolic typology,no unit,MXF
3261,FRG0,Pays de la Loire,2000,urb_typ,urban typology,no unit,
3262,FRG0,Pays de la Loire,2001,typ,metabolic typology,no unit,MXF
3263,FRG0,Pays de la Loire,2001,urb_typ,urban typology,no unit,
3264,FRG0,Pays de la Loire,2002,typ,metabolic typology,no unit,MXF
3265,FRG0,Pays de la Loire,2002,urb_typ,urban typology,no unit,
3266,FRG0,Pays de la Loire,2003,typ,metabolic typology,no unit,MXF
3267,FRG0,Pays de la Loire,2003,urb_typ,urban typology,no unit,
3268,FRG0,Pays de la Loire,2004,typ,metabolic typology,no unit,MXF
3269,FRG0,Pays de la Loire,2004,urb_typ,urban typology,no unit,
3270,FRG0,Pays de la Loire,2005,typ,metabolic typology,no unit,MXF
3271,FRG0,Pays de la Loire,2005,urb_typ,urban typology,no unit,
3272,FRG0,Pays de la Loire,2006,typ,metabolic typology,no unit,MXF
3273,FRG0,Pays de la Loire,2006,urb_typ,urban typology,no unit,
3274,FRG0,Pays de la Loire,2007,typ,metabolic typology,no unit,MXF
3275,FRG0,Pays de la Loire,2007,urb_typ,urban typology,no unit,
3276,FRG0,Pays de la Loire,2008,typ,metabolic typology,no unit,MXF
3277,FRG0,Pays de la Loire,2008,urb_typ,urban typology,no unit,
3278,FRG0,Pays de la Loire,2009,typ,metabolic typology,no unit,MXF
3279,FRG0,Pays de la Loire,2009,urb_typ,urban typology,no unit,
3280,FRG0,Pays de la Loire,2010,typ,metabolic typology,no unit,MXF
3281,FRG0,Pays de la Loire,2010,urb_typ,urban typology,no unit,
3282,FRG0,Pays de la Loire,2011,typ,metabolic typology,no unit,MXF
3283,FRG0,Pays de la Loire,2011,urb_typ,urban typology,no unit,
3284,FRG0,Pays de la Loire,2012,typ,metabolic typology,no unit,MXF
3285,FRG0,Pays de la Loire,2012,urb_typ,urban typology,no unit,
3286,FRG0,Pays de la Loire,2013,typ,metabolic typology,no unit,MXF
3287,FRG0,Pays de la Loire,2013,urb_typ,urban typology,no unit,
3288,FRG0,Pays de la Loire,2014,typ,metabolic typology,no unit,MXF
3289,FRG0,Pays de la Loire,2014,urb_typ,urban typology,no unit,
3290,FRG0,Pays de la Loire,2015,typ,metabolic typology,no unit,MXF
3291,FRG0,Pays de la Loire,2015,urb_typ,urban typology,no unit,
3292,FRG0,Pays de la Loire,2016,typ,metabolic typology,no unit,MXF
3293,FRG0,Pays de la Loire,2016,urb_typ,urban typology,no unit,
3294,FRG0,Pays de la Loire,2017,typ,metabolic typology,no unit,MXF
3295,FRG0,Pays de la Loire,2017,urb_typ,urban typology,no unit,
3296,FRG0,Pays de la Loire,2018,typ,metabolic typology,no unit,MXF
3297,FRG0,Pays de la Loire,2018,urb_typ,urban typology,no unit,
3298,FRG0,Pays de la Loire,2019,typ,metabolic typology,no unit,MXF
3299,FRG0,Pays de la Loire,2019,urb_typ,urban typology,no unit,
3300,FRH0,Bretagne,1990,typ,metabolic typology,no unit,LVK
3301,FRH0,Bretagne,1990,urb_typ,urban typology,no unit,
3302,FRH0,Bretagne,1991,typ,metabolic typology,no unit,LVK
3303,FRH0,Bretagne,1991,urb_typ,urban typology,no unit,
3304,FRH0,Bretagne,1992,typ,metabolic typology,no unit,LVK
3305,FRH0,Bretagne,1992,urb_typ,urban typology,no unit,
3306,FRH0,Bretagne,1993,typ,metabolic typology,no unit,LVK
3307,FRH0,Bretagne,1993,urb_typ,urban typology,no unit,
3308,FRH0,Bretagne,1994,typ,metabolic typology,no unit,LVK
3309,FRH0,Bretagne,1994,urb_typ,urban typology,no unit,
3310,FRH0,Bretagne,1995,typ,metabolic typology,no unit,LVK
3311,FRH0,Bretagne,1995,urb_typ,urban typology,no unit,
3312,FRH0,Bretagne,1996,typ,metabolic typology,no unit,LVK
3313,FRH0,Bretagne,1996,urb_typ,urban typology,no unit,
3314,FRH0,Bretagne,1997,typ,metabolic typology,no unit,LVK
3315,FRH0,Bretagne,1997,urb_typ,urban typology,no unit,
3316,FRH0,Bretagne,1998,typ,metabolic typology,no unit,LVK
3317,FRH0,Bretagne,1998,urb_typ,urban typology,no unit,
3318,FRH0,Bretagne,1999,typ,metabolic typology,no unit,LVK
3319,FRH0,Bretagne,1999,urb_typ,urban typology,no unit,
3320,FRH0,Bretagne,2000,typ,metabolic typology,no unit,LVK
3321,FRH0,Bretagne,2000,urb_typ,urban typology,no unit,
3322,FRH0,Bretagne,2001,typ,metabolic typology,no unit,LVK
3323,FRH0,Bretagne,2001,urb_typ,urban typology,no unit,
3324,FRH0,Bretagne,2002,typ,metabolic typology,no unit,LVK
3325,FRH0,Bretagne,2002,urb_typ,urban typology,no unit,
3326,FRH0,Bretagne,2003,typ,metabolic typology,no unit,LVK
3327,FRH0,Bretagne,2003,urb_typ,urban typology,no unit,
3328,FRH0,Bretagne,2004,typ,metabolic typology,no unit,LVK
3329,FRH0,Bretagne,2004,urb_typ,urban typology,no unit,
3330,FRH0,Bretagne,2005,typ,metabolic typology,no unit,LVK
3331,FRH0,Bretagne,2005,urb_typ,urban typology,no unit,
3332,FRH0,Bretagne,2006,typ,metabolic typology,no unit,LVK
3333,FRH0,Bretagne,2006,urb_typ,urban typology,no unit,
3334,FRH0,Bretagne,2007,typ,metabolic typology,no unit,LVK
3335,FRH0,Bretagne,2007,urb_typ,urban typology,no unit,
3336,FRH0,Bretagne,2008,typ,metabolic typology,no unit,LVK
3337,FRH0,Bretagne,2008,urb_typ,urban typology,no unit,
3338,FRH0,Bretagne,2009,typ,metabolic typology,no unit,LVK
3339,FRH0,Bretagne,2009,urb_typ,urban typology,no unit,
3340,FRH0,Bretagne,2010,typ,metabolic typology,no unit,LVK
3341,FRH0,Bretagne,2010,urb_typ,urban typology,no unit,
3342,FRH0,Bretagne,2011,typ,metabolic typology,no unit,LVK
3343,FRH0,Bretagne,2011,urb_typ,urban typology,no unit,
3344,FRH0,Bretagne,2012,typ,metabolic typology,no unit,LVK
3345,FRH0,Bretagne,2012,urb_typ,urban typology,no unit,
3346,FRH0,Bretagne,2013,typ,metabolic typology,no unit,LVK
3347,FRH0,Bretagne,2013,urb_typ,urban typology,no unit,
3348,FRH0,Bretagne,2014,typ,metabolic typology,no unit,LVK
3349,FRH0,Bretagne,2014,urb_typ,urban typology,no unit,
3350,FRH0,Bretagne,2015,typ,metabolic typology,no unit,LVK
3351,FRH0,Bretagne,2015,urb_typ,urban typology,no unit,
3352,FRH0,Bretagne,2016,typ,metabolic typology,no unit,LVK
3353,FRH0,Bretagne,2016,urb_typ,urban typology,no unit,
3354,FRH0,Bretagne,2017,typ,metabolic typology,no unit,LVK
3355,FRH0,Bretagne,2017,urb_typ,urban typology,no unit,
3356,FRH0,Bretagne,2018,typ,metabolic typology,no unit,LVK
3357,FRH0,Bretagne,2018,urb_typ,urban typology,no unit,
3358,FRH0,Bretagne,2019,typ,metabolic typology,no unit,LVK
3359,FRH0,Bretagne,2019,urb_typ,urban typology,no unit,
3360,FRI1,Aquitaine,1990,typ,metabolic typology,no unit,DSG
3361,FRI1,Aquitaine,1990,urb_typ,urban typology,no unit,
3362,FRI1,Aquitaine,1991,typ,metabolic typology,no unit,DSG
3363,FRI1,Aquitaine,1991,urb_typ,urban typology,no unit,
3364,FRI1,Aquitaine,1992,typ,metabolic typology,no unit,DSG
3365,FRI1,Aquitaine,1992,urb_typ,urban typology,no unit,
3366,FRI1,Aquitaine,1993,typ,metabolic typology,no unit,DSG
3367,FRI1,Aquitaine,1993,urb_typ,urban typology,no unit,
3368,FRI1,Aquitaine,1994,typ,metabolic typology,no unit,DSG
3369,FRI1,Aquitaine,1994,urb_typ,urban typology,no unit,
3370,FRI1,Aquitaine,1995,typ,metabolic typology,no unit,DSG
3371,FRI1,Aquitaine,1995,urb_typ,urban typology,no unit,
3372,FRI1,Aquitaine,1996,typ,metabolic typology,no unit,DSG
3373,FRI1,Aquitaine,1996,urb_typ,urban typology,no unit,
3374,FRI1,Aquitaine,1997,typ,metabolic typology,no unit,DSG
3375,FRI1,Aquitaine,1997,urb_typ,urban typology,no unit,
3376,FRI1,Aquitaine,1998,typ,metabolic typology,no unit,DSG
3377,FRI1,Aquitaine,1998,urb_typ,urban typology,no unit,
3378,FRI1,Aquitaine,1999,typ,metabolic typology,no unit,DSG
3379,FRI1,Aquitaine,1999,urb_typ,urban typology,no unit,
3380,FRI1,Aquitaine,2000,typ,metabolic typology,no unit,DSG
3381,FRI1,Aquitaine,2000,urb_typ,urban typology,no unit,
3382,FRI1,Aquitaine,2001,typ,metabolic typology,no unit,DSG
3383,FRI1,Aquitaine,2001,urb_typ,urban typology,no unit,
3384,FRI1,Aquitaine,2002,typ,metabolic typology,no unit,DSG
3385,FRI1,Aquitaine,2002,urb_typ,urban typology,no unit,
3386,FRI1,Aquitaine,2003,typ,metabolic typology,no unit,DSG
3387,FRI1,Aquitaine,2003,urb_typ,urban typology,no unit,
3388,FRI1,Aquitaine,2004,typ,metabolic typology,no unit,DSG
3389,FRI1,Aquitaine,2004,urb_typ,urban typology,no unit,
3390,FRI1,Aquitaine,2005,typ,metabolic typology,no unit,DSG
3391,FRI1,Aquitaine,2005,urb_typ,urban typology,no unit,
3392,FRI1,Aquitaine,2006,typ,metabolic typology,no unit,DSG
3393,FRI1,Aquitaine,2006,urb_typ,urban typology,no unit,
3394,FRI1,Aquitaine,2007,typ,metabolic typology,no unit,DSG
3395,FRI1,Aquitaine,2007,urb_typ,urban typology,no unit,
3396,FRI1,Aquitaine,2008,typ,metabolic typology,no unit,DSG
3397,FRI1,Aquitaine,2008,urb_typ,urban typology,no unit,
3398,FRI1,Aquitaine,2009,typ,metabolic typology,no unit,DSG
3399,FRI1,Aquitaine,2009,urb_typ,urban typology,no unit,
3400,FRI1,Aquitaine,2010,typ,metabolic typology,no unit,DSG
3401,FRI1,Aquitaine,2010,urb_typ,urban typology,no unit,
3402,FRI1,Aquitaine,2011,typ,metabolic typology,no unit,DSG
3403,FRI1,Aquitaine,2011,urb_typ,urban typology,no unit,
3404,FRI1,Aquitaine,2012,typ,metabolic typology,no unit,SCS
3405,FRI1,Aquitaine,2012,urb_typ,urban typology,no unit,
3406,FRI1,Aquitaine,2013,typ,metabolic typology,no unit,DSG
3407,FRI1,Aquitaine,2013,urb_typ,urban typology,no unit,
3408,FRI1,Aquitaine,2014,typ,metabolic typology,no unit,SCS
3409,FRI1,Aquitaine,2014,urb_typ,urban typology,no unit,
3410,FRI1,Aquitaine,2015,typ,metabolic typology,no unit,SCS
3411,FRI1,Aquitaine,2015,urb_typ,urban typology,no unit,
3412,FRI1,Aquitaine,2016,typ,metabolic typology,no unit,SCS
3413,FRI1,Aquitaine,2016,urb_typ,urban typology,no unit,
3414,FRI1,Aquitaine,2017,typ,metabolic typology,no unit,SCS
3415,FRI1,Aquitaine,2017,urb_typ,urban typology,no unit,
3416,FRI1,Aquitaine,2018,typ,metabolic typology,no unit,SCS
3417,FRI1,Aquitaine,2018,urb_typ,urban typology,no unit,
3418,FRI1,Aquitaine,2019,typ,metabolic typology,no unit,SCS
3419,FRI1,Aquitaine,2019,urb_typ,urban typology,no unit,
3420,FRI2,Limousin,1990,typ,metabolic typology,no unit,MXG
3421,FRI2,Limousin,1990,urb_typ,urban typology,no unit,
3422,FRI2,Limousin,1991,typ,metabolic typology,no unit,MXG
3423,FRI2,Limousin,1991,urb_typ,urban typology,no unit,
3424,FRI2,Limousin,1992,typ,metabolic typology,no unit,MXG
3425,FRI2,Limousin,1992,urb_typ,urban typology,no unit,
3426,FRI2,Limousin,1993,typ,metabolic typology,no unit,MXG
3427,FRI2,Limousin,1993,urb_typ,urban typology,no unit,
3428,FRI2,Limousin,1994,typ,metabolic typology,no unit,MXG
3429,FRI2,Limousin,1994,urb_typ,urban typology,no unit,
3430,FRI2,Limousin,1995,typ,metabolic typology,no unit,MXG
3431,FRI2,Limousin,1995,urb_typ,urban typology,no unit,
3432,FRI2,Limousin,1996,typ,metabolic typology,no unit,MXG
3433,FRI2,Limousin,1996,urb_typ,urban typology,no unit,
3434,FRI2,Limousin,1997,typ,metabolic typology,no unit,MXG
3435,FRI2,Limousin,1997,urb_typ,urban typology,no unit,
3436,FRI2,Limousin,1998,typ,metabolic typology,no unit,MXG
3437,FRI2,Limousin,1998,urb_typ,urban typology,no unit,
3438,FRI2,Limousin,1999,typ,metabolic typology,no unit,MXG
3439,FRI2,Limousin,1999,urb_typ,urban typology,no unit,
3440,FRI2,Limousin,2000,typ,metabolic typology,no unit,MXG
3441,FRI2,Limousin,2000,urb_typ,urban typology,no unit,
3442,FRI2,Limousin,2001,typ,metabolic typology,no unit,MXG
3443,FRI2,Limousin,2001,urb_typ,urban typology,no unit,
3444,FRI2,Limousin,2002,typ,metabolic typology,no unit,MXG
3445,FRI2,Limousin,2002,urb_typ,urban typology,no unit,
3446,FRI2,Limousin,2003,typ,metabolic typology,no unit,MXG
3447,FRI2,Limousin,2003,urb_typ,urban typology,no unit,
3448,FRI2,Limousin,2004,typ,metabolic typology,no unit,MXG
3449,FRI2,Limousin,2004,urb_typ,urban typology,no unit,
3450,FRI2,Limousin,2005,typ,metabolic typology,no unit,MXG
3451,FRI2,Limousin,2005,urb_typ,urban typology,no unit,
3452,FRI2,Limousin,2006,typ,metabolic typology,no unit,MXG
3453,FRI2,Limousin,2006,urb_typ,urban typology,no unit,
3454,FRI2,Limousin,2007,typ,metabolic typology,no unit,MXG
3455,FRI2,Limousin,2007,urb_typ,urban typology,no unit,
3456,FRI2,Limousin,2008,typ,metabolic typology,no unit,MXG
3457,FRI2,Limousin,2008,urb_typ,urban typology,no unit,
3458,FRI2,Limousin,2009,typ,metabolic typology,no unit,MXG
3459,FRI2,Limousin,2009,urb_typ,urban typology,no unit,
3460,FRI2,Limousin,2010,typ,metabolic typology,no unit,MXG
3461,FRI2,Limousin,2010,urb_typ,urban typology,no unit,
3462,FRI2,Limousin,2011,typ,metabolic typology,no unit,MXG
3463,FRI2,Limousin,2011,urb_typ,urban typology,no unit,
3464,FRI2,Limousin,2012,typ,metabolic typology,no unit,MXG
3465,FRI2,Limousin,2012,urb_typ,urban typology,no unit,
3466,FRI2,Limousin,2013,typ,metabolic typology,no unit,MXG
3467,FRI2,Limousin,2013,urb_typ,urban typology,no unit,
3468,FRI2,Limousin,2014,typ,metabolic typology,no unit,MXG
3469,FRI2,Limousin,2014,urb_typ,urban typology,no unit,
3470,FRI2,Limousin,2015,typ,metabolic typology,no unit,MXG
3471,FRI2,Limousin,2015,urb_typ,urban typology,no unit,
3472,FRI2,Limousin,2016,typ,metabolic typology,no unit,MXG
3473,FRI2,Limousin,2016,urb_typ,urban typology,no unit,
3474,FRI2,Limousin,2017,typ,metabolic typology,no unit,MXG
3475,FRI2,Limousin,2017,urb_typ,urban typology,no unit,
3476,FRI2,Limousin,2018,typ,metabolic typology,no unit,MXG
3477,FRI2,Limousin,2018,urb_typ,urban typology,no unit,
3478,FRI2,Limousin,2019,typ,metabolic typology,no unit,MXG
3479,FRI2,Limousin,2019,urb_typ,urban typology,no unit,
3480,FRI3,Poitou-Charentes,1990,typ,metabolic typology,no unit,SCS
3481,FRI3,Poitou-Charentes,1990,urb_typ,urban typology,no unit,
3482,FRI3,Poitou-Charentes,1991,typ,metabolic typology,no unit,SCS
3483,FRI3,Poitou-Charentes,1991,urb_typ,urban typology,no unit,
3484,FRI3,Poitou-Charentes,1992,typ,metabolic typology,no unit,SCS
3485,FRI3,Poitou-Charentes,1992,urb_typ,urban typology,no unit,
3486,FRI3,Poitou-Charentes,1993,typ,metabolic typology,no unit,SCS
3487,FRI3,Poitou-Charentes,1993,urb_typ,urban typology,no unit,
3488,FRI3,Poitou-Charentes,1994,typ,metabolic typology,no unit,SCS
3489,FRI3,Poitou-Charentes,1994,urb_typ,urban typology,no unit,
3490,FRI3,Poitou-Charentes,1995,typ,metabolic typology,no unit,SCS
3491,FRI3,Poitou-Charentes,1995,urb_typ,urban typology,no unit,
3492,FRI3,Poitou-Charentes,1996,typ,metabolic typology,no unit,SCS
3493,FRI3,Poitou-Charentes,1996,urb_typ,urban typology,no unit,
3494,FRI3,Poitou-Charentes,1997,typ,metabolic typology,no unit,SCS
3495,FRI3,Poitou-Charentes,1997,urb_typ,urban typology,no unit,
3496,FRI3,Poitou-Charentes,1998,typ,metabolic typology,no unit,SCS
3497,FRI3,Poitou-Charentes,1998,urb_typ,urban typology,no unit,
3498,FRI3,Poitou-Charentes,1999,typ,metabolic typology,no unit,SCS
3499,FRI3,Poitou-Charentes,1999,urb_typ,urban typology,no unit,
3500,FRI3,Poitou-Charentes,2000,typ,metabolic typology,no unit,SCS
3501,FRI3,Poitou-Charentes,2000,urb_typ,urban typology,no unit,
3502,FRI3,Poitou-Charentes,2001,typ,metabolic typology,no unit,SCS
3503,FRI3,Poitou-Charentes,2001,urb_typ,urban typology,no unit,
3504,FRI3,Poitou-Charentes,2002,typ,metabolic typology,no unit,SCS
3505,FRI3,Poitou-Charentes,2002,urb_typ,urban typology,no unit,
3506,FRI3,Poitou-Charentes,2003,typ,metabolic typology,no unit,SCS
3507,FRI3,Poitou-Charentes,2003,urb_typ,urban typology,no unit,
3508,FRI3,Poitou-Charentes,2004,typ,metabolic typology,no unit,SCS
3509,FRI3,Poitou-Charentes,2004,urb_typ,urban typology,no unit,
3510,FRI3,Poitou-Charentes,2005,typ,metabolic typology,no unit,SCS
3511,FRI3,Poitou-Charentes,2005,urb_typ,urban typology,no unit,
3512,FRI3,Poitou-Charentes,2006,typ,metabolic typology,no unit,SCS
3513,FRI3,Poitou-Charentes,2006,urb_typ,urban typology,no unit,
3514,FRI3,Poitou-Charentes,2007,typ,metabolic typology,no unit,SCS
3515,FRI3,Poitou-Charentes,2007,urb_typ,urban typology,no unit,
3516,FRI3,Poitou-Charentes,2008,typ,metabolic typology,no unit,SCS
3517,FRI3,Poitou-Charentes,2008,urb_typ,urban typology,no unit,
3518,FRI3,Poitou-Charentes,2009,typ,metabolic typology,no unit,SCS
3519,FRI3,Poitou-Charentes,2009,urb_typ,urban typology,no unit,
3520,FRI3,Poitou-Charentes,2010,typ,metabolic typology,no unit,SCS
3521,FRI3,Poitou-Charentes,2010,urb_typ,urban typology,no unit,
3522,FRI3,Poitou-Charentes,2011,typ,metabolic typology,no unit,SCS
3523,FRI3,Poitou-Charentes,2011,urb_typ,urban typology,no unit,
3524,FRI3,Poitou-Charentes,2012,typ,metabolic typology,no unit,SCS
3525,FRI3,Poitou-Charentes,2012,urb_typ,urban typology,no unit,
3526,FRI3,Poitou-Charentes,2013,typ,metabolic typology,no unit,SCS
3527,FRI3,Poitou-Charentes,2013,urb_typ,urban typology,no unit,
3528,FRI3,Poitou-Charentes,2014,typ,metabolic typology,no unit,SCS
3529,FRI3,Poitou-Charentes,2014,urb_typ,urban typology,no unit,
3530,FRI3,Poitou-Charentes,2015,typ,metabolic typology,no unit,SCS
3531,FRI3,Poitou-Charentes,2015,urb_typ,urban typology,no unit,
3532,FRI3,Poitou-Charentes,2016,typ,metabolic typology,no unit,SCS
3533,FRI3,Poitou-Charentes,2016,urb_typ,urban typology,no unit,
3534,FRI3,Poitou-Charentes,2017,typ,metabolic typology,no unit,SCS
3535,FRI3,Poitou-Charentes,2017,urb_typ,urban typology,no unit,
3536,FRI3,Poitou-Charentes,2018,typ,metabolic typology,no unit,SCS
3537,FRI3,Poitou-Charentes,2018,urb_typ,urban typology,no unit,
3538,FRI3,Poitou-Charentes,2019,typ,metabolic typology,no unit,SCS
3539,FRI3,Poitou-Charentes,2019,urb_typ,urban typology,no unit,
3540,FRJ1,Languedoc-Roussillon,1990,typ,metabolic typology,no unit,SCS
3541,FRJ1,Languedoc-Roussillon,1990,urb_typ,urban typology,no unit,
3542,FRJ1,Languedoc-Roussillon,1991,typ,metabolic typology,no unit,MXG
3543,FRJ1,Languedoc-Roussillon,1991,urb_typ,urban typology,no unit,
3544,FRJ1,Languedoc-Roussillon,1992,typ,metabolic typology,no unit,SCS
3545,FRJ1,Languedoc-Roussillon,1992,urb_typ,urban typology,no unit,
3546,FRJ1,Languedoc-Roussillon,1993,typ,metabolic typology,no unit,MXG
3547,FRJ1,Languedoc-Roussillon,1993,urb_typ,urban typology,no unit,
3548,FRJ1,Languedoc-Roussillon,1994,typ,metabolic typology,no unit,MXG
3549,FRJ1,Languedoc-Roussillon,1994,urb_typ,urban typology,no unit,
3550,FRJ1,Languedoc-Roussillon,1995,typ,metabolic typology,no unit,DSG
3551,FRJ1,Languedoc-Roussillon,1995,urb_typ,urban typology,no unit,
3552,FRJ1,Languedoc-Roussillon,1996,typ,metabolic typology,no unit,SCS
3553,FRJ1,Languedoc-Roussillon,1996,urb_typ,urban typology,no unit,
3554,FRJ1,Languedoc-Roussillon,1997,typ,metabolic typology,no unit,DSG
3555,FRJ1,Languedoc-Roussillon,1997,urb_typ,urban typology,no unit,
3556,FRJ1,Languedoc-Roussillon,1998,typ,metabolic typology,no unit,SCS
3557,FRJ1,Languedoc-Roussillon,1998,urb_typ,urban typology,no unit,
3558,FRJ1,Languedoc-Roussillon,1999,typ,metabolic typology,no unit,DSG
3559,FRJ1,Languedoc-Roussillon,1999,urb_typ,urban typology,no unit,
3560,FRJ1,Languedoc-Roussillon,2000,typ,metabolic typology,no unit,DSG
3561,FRJ1,Languedoc-Roussillon,2000,urb_typ,urban typology,no unit,
3562,FRJ1,Languedoc-Roussillon,2001,typ,metabolic typology,no unit,DSG
3563,FRJ1,Languedoc-Roussillon,2001,urb_typ,urban typology,no unit,
3564,FRJ1,Languedoc-Roussillon,2002,typ,metabolic typology,no unit,DSG
3565,FRJ1,Languedoc-Roussillon,2002,urb_typ,urban typology,no unit,
3566,FRJ1,Languedoc-Roussillon,2003,typ,metabolic typology,no unit,DSG
3567,FRJ1,Languedoc-Roussillon,2003,urb_typ,urban typology,no unit,
3568,FRJ1,Languedoc-Roussillon,2004,typ,metabolic typology,no unit,DSG
3569,FRJ1,Languedoc-Roussillon,2004,urb_typ,urban typology,no unit,
3570,FRJ1,Languedoc-Roussillon,2005,typ,metabolic typology,no unit,DSG
3571,FRJ1,Languedoc-Roussillon,2005,urb_typ,urban typology,no unit,
3572,FRJ1,Languedoc-Roussillon,2006,typ,metabolic typology,no unit,DSG
3573,FRJ1,Languedoc-Roussillon,2006,urb_typ,urban typology,no unit,
3574,FRJ1,Languedoc-Roussillon,2007,typ,metabolic typology,no unit,DSG
3575,FRJ1,Languedoc-Roussillon,2007,urb_typ,urban typology,no unit,
3576,FRJ1,Languedoc-Roussillon,2008,typ,metabolic typology,no unit,DSG
3577,FRJ1,Languedoc-Roussillon,2008,urb_typ,urban typology,no unit,
3578,FRJ1,Languedoc-Roussillon,2009,typ,metabolic typology,no unit,DSG
3579,FRJ1,Languedoc-Roussillon,2009,urb_typ,urban typology,no unit,
3580,FRJ1,Languedoc-Roussillon,2010,typ,metabolic typology,no unit,DSG
3581,FRJ1,Languedoc-Roussillon,2010,urb_typ,urban typology,no unit,
3582,FRJ1,Languedoc-Roussillon,2011,typ,metabolic typology,no unit,DSG
3583,FRJ1,Languedoc-Roussillon,2011,urb_typ,urban typology,no unit,
3584,FRJ1,Languedoc-Roussillon,2012,typ,metabolic typology,no unit,DSG
3585,FRJ1,Languedoc-Roussillon,2012,urb_typ,urban typology,no unit,
3586,FRJ1,Languedoc-Roussillon,2013,typ,metabolic typology,no unit,DSG
3587,FRJ1,Languedoc-Roussillon,2013,urb_typ,urban typology,no unit,
3588,FRJ1,Languedoc-Roussillon,2014,typ,metabolic typology,no unit,DSG
3589,FRJ1,Languedoc-Roussillon,2014,urb_typ,urban typology,no unit,
3590,FRJ1,Languedoc-Roussillon,2015,typ,metabolic typology,no unit,DSG
3591,FRJ1,Languedoc-Roussillon,2015,urb_typ,urban typology,no unit,
3592,FRJ1,Languedoc-Roussillon,2016,typ,metabolic typology,no unit,DSG
3593,FRJ1,Languedoc-Roussillon,2016,urb_typ,urban typology,no unit,
3594,FRJ1,Languedoc-Roussillon,2017,typ,metabolic typology,no unit,DSG
3595,FRJ1,Languedoc-Roussillon,2017,urb_typ,urban typology,no unit,
3596,FRJ1,Languedoc-Roussillon,2018,typ,metabolic typology,no unit,DSG
3597,FRJ1,Languedoc-Roussillon,2018,urb_typ,urban typology,no unit,
3598,FRJ1,Languedoc-Roussillon,2019,typ,metabolic typology,no unit,DSG
3599,FRJ1,Languedoc-Roussillon,2019,urb_typ,urban typology,no unit,
3600,FRJ2,Midi-Pyrénées,1990,typ,metabolic typology,no unit,MXG
3601,FRJ2,Midi-Pyrénées,1990,urb_typ,urban typology,no unit,
3602,FRJ2,Midi-Pyrénées,1991,typ,metabolic typology,no unit,MXG
3603,FRJ2,Midi-Pyrénées,1991,urb_typ,urban typology,no unit,
3604,FRJ2,Midi-Pyrénées,1992,typ,metabolic typology,no unit,MXG
3605,FRJ2,Midi-Pyrénées,1992,urb_typ,urban typology,no unit,
3606,FRJ2,Midi-Pyrénées,1993,typ,metabolic typology,no unit,DSG
3607,FRJ2,Midi-Pyrénées,1993,urb_typ,urban typology,no unit,
3608,FRJ2,Midi-Pyrénées,1994,typ,metabolic typology,no unit,DSG
3609,FRJ2,Midi-Pyrénées,1994,urb_typ,urban typology,no unit,
3610,FRJ2,Midi-Pyrénées,1995,typ,metabolic typology,no unit,DSG
3611,FRJ2,Midi-Pyrénées,1995,urb_typ,urban typology,no unit,
3612,FRJ2,Midi-Pyrénées,1996,typ,metabolic typology,no unit,DSG
3613,FRJ2,Midi-Pyrénées,1996,urb_typ,urban typology,no unit,
3614,FRJ2,Midi-Pyrénées,1997,typ,metabolic typology,no unit,DSG
3615,FRJ2,Midi-Pyrénées,1997,urb_typ,urban typology,no unit,
3616,FRJ2,Midi-Pyrénées,1998,typ,metabolic typology,no unit,DSG
3617,FRJ2,Midi-Pyrénées,1998,urb_typ,urban typology,no unit,
3618,FRJ2,Midi-Pyrénées,1999,typ,metabolic typology,no unit,DSG
3619,FRJ2,Midi-Pyrénées,1999,urb_typ,urban typology,no unit,
3620,FRJ2,Midi-Pyrénées,2000,typ,metabolic typology,no unit,DSG
3621,FRJ2,Midi-Pyrénées,2000,urb_typ,urban typology,no unit,
3622,FRJ2,Midi-Pyrénées,2001,typ,metabolic typology,no unit,DSG
3623,FRJ2,Midi-Pyrénées,2001,urb_typ,urban typology,no unit,
3624,FRJ2,Midi-Pyrénées,2002,typ,metabolic typology,no unit,DSG
3625,FRJ2,Midi-Pyrénées,2002,urb_typ,urban typology,no unit,
3626,FRJ2,Midi-Pyrénées,2003,typ,metabolic typology,no unit,DSG
3627,FRJ2,Midi-Pyrénées,2003,urb_typ,urban typology,no unit,
3628,FRJ2,Midi-Pyrénées,2004,typ,metabolic typology,no unit,DSG
3629,FRJ2,Midi-Pyrénées,2004,urb_typ,urban typology,no unit,
3630,FRJ2,Midi-Pyrénées,2005,typ,metabolic typology,no unit,DSG
3631,FRJ2,Midi-Pyrénées,2005,urb_typ,urban typology,no unit,
3632,FRJ2,Midi-Pyrénées,2006,typ,metabolic typology,no unit,DSG
3633,FRJ2,Midi-Pyrénées,2006,urb_typ,urban typology,no unit,
3634,FRJ2,Midi-Pyrénées,2007,typ,metabolic typology,no unit,DSG
3635,FRJ2,Midi-Pyrénées,2007,urb_typ,urban typology,no unit,
3636,FRJ2,Midi-Pyrénées,2008,typ,metabolic typology,no unit,DSG
3637,FRJ2,Midi-Pyrénées,2008,urb_typ,urban typology,no unit,
3638,FRJ2,Midi-Pyrénées,2009,typ,metabolic typology,no unit,DSG
3639,FRJ2,Midi-Pyrénées,2009,urb_typ,urban typology,no unit,
3640,FRJ2,Midi-Pyrénées,2010,typ,metabolic typology,no unit,SCS
3641,FRJ2,Midi-Pyrénées,2010,urb_typ,urban typology,no unit,
3642,FRJ2,Midi-Pyrénées,2011,typ,metabolic typology,no unit,DSG
3643,FRJ2,Midi-Pyrénées,2011,urb_typ,urban typology,no unit,
3644,FRJ2,Midi-Pyrénées,2012,typ,metabolic typology,no unit,SCS
3645,FRJ2,Midi-Pyrénées,2012,urb_typ,urban typology,no unit,
3646,FRJ2,Midi-Pyrénées,2013,typ,metabolic typology,no unit,SCS
3647,FRJ2,Midi-Pyrénées,2013,urb_typ,urban typology,no unit,
3648,FRJ2,Midi-Pyrénées,2014,typ,metabolic typology,no unit,SCS
3649,FRJ2,Midi-Pyrénées,2014,urb_typ,urban typology,no unit,
3650,FRJ2,Midi-Pyrénées,2015,typ,metabolic typology,no unit,SCS
3651,FRJ2,Midi-Pyrénées,2015,urb_typ,urban typology,no unit,
3652,FRJ2,Midi-Pyrénées,2016,typ,metabolic typology,no unit,SCS
3653,FRJ2,Midi-Pyrénées,2016,urb_typ,urban typology,no unit,
3654,FRJ2,Midi-Pyrénées,2017,typ,metabolic typology,no unit,SCS
3655,FRJ2,Midi-Pyrénées,2017,urb_typ,urban typology,no unit,
3656,FRJ2,Midi-Pyrénées,2018,typ,metabolic typology,no unit,SCS
3657,FRJ2,Midi-Pyrénées,2018,urb_typ,urban typology,no unit,
3658,FRJ2,Midi-Pyrénées,2019,typ,metabolic typology,no unit,SCS
3659,FRJ2,Midi-Pyrénées,2019,urb_typ,urban typology,no unit,
3660,FRK1,Auvergne,1990,typ,metabolic typology,no unit,MXG
3661,FRK1,Auvergne,1990,urb_typ,urban typology,no unit,
3662,FRK1,Auvergne,1991,typ,metabolic typology,no unit,MXG
3663,FRK1,Auvergne,1991,urb_typ,urban typology,no unit,
3664,FRK1,Auvergne,1992,typ,metabolic typology,no unit,MXG
3665,FRK1,Auvergne,1992,urb_typ,urban typology,no unit,
3666,FRK1,Auvergne,1993,typ,metabolic typology,no unit,MXG
3667,FRK1,Auvergne,1993,urb_typ,urban typology,no unit,
3668,FRK1,Auvergne,1994,typ,metabolic typology,no unit,MXG
3669,FRK1,Auvergne,1994,urb_typ,urban typology,no unit,
3670,FRK1,Auvergne,1995,typ,metabolic typology,no unit,MXG
3671,FRK1,Auvergne,1995,urb_typ,urban typology,no unit,
3672,FRK1,Auvergne,1996,typ,metabolic typology,no unit,MXG
3673,FRK1,Auvergne,1996,urb_typ,urban typology,no unit,
3674,FRK1,Auvergne,1997,typ,metabolic typology,no unit,MXG
3675,FRK1,Auvergne,1997,urb_typ,urban typology,no unit,
3676,FRK1,Auvergne,1998,typ,metabolic typology,no unit,MXG
3677,FRK1,Auvergne,1998,urb_typ,urban typology,no unit,
3678,FRK1,Auvergne,1999,typ,metabolic typology,no unit,MXG
3679,FRK1,Auvergne,1999,urb_typ,urban typology,no unit,
3680,FRK1,Auvergne,2000,typ,metabolic typology,no unit,MXG
3681,FRK1,Auvergne,2000,urb_typ,urban typology,no unit,
3682,FRK1,Auvergne,2001,typ,metabolic typology,no unit,MXG
3683,FRK1,Auvergne,2001,urb_typ,urban typology,no unit,
3684,FRK1,Auvergne,2002,typ,metabolic typology,no unit,MXG
3685,FRK1,Auvergne,2002,urb_typ,urban typology,no unit,
3686,FRK1,Auvergne,2003,typ,metabolic typology,no unit,MXG
3687,FRK1,Auvergne,2003,urb_typ,urban typology,no unit,
3688,FRK1,Auvergne,2004,typ,metabolic typology,no unit,MXG
3689,FRK1,Auvergne,2004,urb_typ,urban typology,no unit,
3690,FRK1,Auvergne,2005,typ,metabolic typology,no unit,MXG
3691,FRK1,Auvergne,2005,urb_typ,urban typology,no unit,
3692,FRK1,Auvergne,2006,typ,metabolic typology,no unit,MXG
3693,FRK1,Auvergne,2006,urb_typ,urban typology,no unit,
3694,FRK1,Auvergne,2007,typ,metabolic typology,no unit,MXG
3695,FRK1,Auvergne,2007,urb_typ,urban typology,no unit,
3696,FRK1,Auvergne,2008,typ,metabolic typology,no unit,MXG
3697,FRK1,Auvergne,2008,urb_typ,urban typology,no unit,
3698,FRK1,Auvergne,2009,typ,metabolic typology,no unit,MXG
3699,FRK1,Auvergne,2009,urb_typ,urban typology,no unit,
3700,FRK1,Auvergne,2010,typ,metabolic typology,no unit,MXG
3701,FRK1,Auvergne,2010,urb_typ,urban typology,no unit,
3702,FRK1,Auvergne,2011,typ,metabolic typology,no unit,MXG
3703,FRK1,Auvergne,2011,urb_typ,urban typology,no unit,
3704,FRK1,Auvergne,2012,typ,metabolic typology,no unit,MXG
3705,FRK1,Auvergne,2012,urb_typ,urban typology,no unit,
3706,FRK1,Auvergne,2013,typ,metabolic typology,no unit,MXG
3707,FRK1,Auvergne,2013,urb_typ,urban typology,no unit,
3708,FRK1,Auvergne,2014,typ,metabolic typology,no unit,MXG
3709,FRK1,Auvergne,2014,urb_typ,urban typology,no unit,
3710,FRK1,Auvergne,2015,typ,metabolic typology,no unit,MXG
3711,FRK1,Auvergne,2015,urb_typ,urban typology,no unit,
3712,FRK1,Auvergne,2016,typ,metabolic typology,no unit,MXG
3713,FRK1,Auvergne,2016,urb_typ,urban typology,no unit,
3714,FRK1,Auvergne,2017,typ,metabolic typology,no unit,MXG
3715,FRK1,Auvergne,2017,urb_typ,urban typology,no unit,
3716,FRK1,Auvergne,2018,typ,metabolic typology,no unit,MXG
3717,FRK1,Auvergne,2018,urb_typ,urban typology,no unit,
3718,FRK1,Auvergne,2019,typ,metabolic typology,no unit,MXG
3719,FRK1,Auvergne,2019,urb_typ,urban typology,no unit,
3720,FRK2,Rhône-Alpes,1990,typ,metabolic typology,no unit,MXG
3721,FRK2,Rhône-Alpes,1990,urb_typ,urban typology,no unit,
3722,FRK2,Rhône-Alpes,1991,typ,metabolic typology,no unit,MXG
3723,FRK2,Rhône-Alpes,1991,urb_typ,urban typology,no unit,
3724,FRK2,Rhône-Alpes,1992,typ,metabolic typology,no unit,MXG
3725,FRK2,Rhône-Alpes,1992,urb_typ,urban typology,no unit,
3726,FRK2,Rhône-Alpes,1993,typ,metabolic typology,no unit,MXG
3727,FRK2,Rhône-Alpes,1993,urb_typ,urban typology,no unit,
3728,FRK2,Rhône-Alpes,1994,typ,metabolic typology,no unit,MXG
3729,FRK2,Rhône-Alpes,1994,urb_typ,urban typology,no unit,
3730,FRK2,Rhône-Alpes,1995,typ,metabolic typology,no unit,DSG
3731,FRK2,Rhône-Alpes,1995,urb_typ,urban typology,no unit,
3732,FRK2,Rhône-Alpes,1996,typ,metabolic typology,no unit,DSG
3733,FRK2,Rhône-Alpes,1996,urb_typ,urban typology,no unit,
3734,FRK2,Rhône-Alpes,1997,typ,metabolic typology,no unit,DSG
3735,FRK2,Rhône-Alpes,1997,urb_typ,urban typology,no unit,
3736,FRK2,Rhône-Alpes,1998,typ,metabolic typology,no unit,DSG
3737,FRK2,Rhône-Alpes,1998,urb_typ,urban typology,no unit,
3738,FRK2,Rhône-Alpes,1999,typ,metabolic typology,no unit,DSG
3739,FRK2,Rhône-Alpes,1999,urb_typ,urban typology,no unit,
3740,FRK2,Rhône-Alpes,2000,typ,metabolic typology,no unit,DSG
3741,FRK2,Rhône-Alpes,2000,urb_typ,urban typology,no unit,
3742,FRK2,Rhône-Alpes,2001,typ,metabolic typology,no unit,DSG
3743,FRK2,Rhône-Alpes,2001,urb_typ,urban typology,no unit,
3744,FRK2,Rhône-Alpes,2002,typ,metabolic typology,no unit,DSG
3745,FRK2,Rhône-Alpes,2002,urb_typ,urban typology,no unit,
3746,FRK2,Rhône-Alpes,2003,typ,metabolic typology,no unit,DSG
3747,FRK2,Rhône-Alpes,2003,urb_typ,urban typology,no unit,
3748,FRK2,Rhône-Alpes,2004,typ,metabolic typology,no unit,DSG
3749,FRK2,Rhône-Alpes,2004,urb_typ,urban typology,no unit,
3750,FRK2,Rhône-Alpes,2005,typ,metabolic typology,no unit,DSG
3751,FRK2,Rhône-Alpes,2005,urb_typ,urban typology,no unit,
3752,FRK2,Rhône-Alpes,2006,typ,metabolic typology,no unit,MXG
3753,FRK2,Rhône-Alpes,2006,urb_typ,urban typology,no unit,
3754,FRK2,Rhône-Alpes,2007,typ,metabolic typology,no unit,MXG
3755,FRK2,Rhône-Alpes,2007,urb_typ,urban typology,no unit,
3756,FRK2,Rhône-Alpes,2008,typ,metabolic typology,no unit,DSG
3757,FRK2,Rhône-Alpes,2008,urb_typ,urban typology,no unit,
3758,FRK2,Rhône-Alpes,2009,typ,metabolic typology,no unit,DSG
3759,FRK2,Rhône-Alpes,2009,urb_typ,urban typology,no unit,
3760,FRK2,Rhône-Alpes,2010,typ,metabolic typology,no unit,DSG
3761,FRK2,Rhône-Alpes,2010,urb_typ,urban typology,no unit,
3762,FRK2,Rhône-Alpes,2011,typ,metabolic typology,no unit,DSG
3763,FRK2,Rhône-Alpes,2011,urb_typ,urban typology,no unit,
3764,FRK2,Rhône-Alpes,2012,typ,metabolic typology,no unit,DSG
3765,FRK2,Rhône-Alpes,2012,urb_typ,urban typology,no unit,
3766,FRK2,Rhône-Alpes,2013,typ,metabolic typology,no unit,DSG
3767,FRK2,Rhône-Alpes,2013,urb_typ,urban typology,no unit,
3768,FRK2,Rhône-Alpes,2014,typ,metabolic typology,no unit,DSG
3769,FRK2,Rhône-Alpes,2014,urb_typ,urban typology,no unit,
3770,FRK2,Rhône-Alpes,2015,typ,metabolic typology,no unit,DSG
3771,FRK2,Rhône-Alpes,2015,urb_typ,urban typology,no unit,
3772,FRK2,Rhône-Alpes,2016,typ,metabolic typology,no unit,DSG
3773,FRK2,Rhône-Alpes,2016,urb_typ,urban typology,no unit,
3774,FRK2,Rhône-Alpes,2017,typ,metabolic typology,no unit,DSG
3775,FRK2,Rhône-Alpes,2017,urb_typ,urban typology,no unit,
3776,FRK2,Rhône-Alpes,2018,typ,metabolic typology,no unit,DSG
3777,FRK2,Rhône-Alpes,2018,urb_typ,urban typology,no unit,
3778,FRK2,Rhône-Alpes,2019,typ,metabolic typology,no unit,DSG
3779,FRK2,Rhône-Alpes,2019,urb_typ,urban typology,no unit,
3780,FRL0,Provence-Alpes-Côte d’Azur,1990,typ,metabolic typology,no unit,MXG
3781,FRL0,Provence-Alpes-Côte d’Azur,1990,urb_typ,urban typology,no unit,URB
3782,FRL0,Provence-Alpes-Côte d’Azur,1991,typ,metabolic typology,no unit,MXG
3783,FRL0,Provence-Alpes-Côte d’Azur,1991,urb_typ,urban typology,no unit,URB
3784,FRL0,Provence-Alpes-Côte d’Azur,1992,typ,metabolic typology,no unit,MXG
3785,FRL0,Provence-Alpes-Côte d’Azur,1992,urb_typ,urban typology,no unit,URB
3786,FRL0,Provence-Alpes-Côte d’Azur,1993,typ,metabolic typology,no unit,MXG
3787,FRL0,Provence-Alpes-Côte d’Azur,1993,urb_typ,urban typology,no unit,URB
3788,FRL0,Provence-Alpes-Côte d’Azur,1994,typ,metabolic typology,no unit,MXG
3789,FRL0,Provence-Alpes-Côte d’Azur,1994,urb_typ,urban typology,no unit,URB
3790,FRL0,Provence-Alpes-Côte d’Azur,1995,typ,metabolic typology,no unit,MXG
3791,FRL0,Provence-Alpes-Côte d’Azur,1995,urb_typ,urban typology,no unit,URB
3792,FRL0,Provence-Alpes-Côte d’Azur,1996,typ,metabolic typology,no unit,MXG
3793,FRL0,Provence-Alpes-Côte d’Azur,1996,urb_typ,urban typology,no unit,URB
3794,FRL0,Provence-Alpes-Côte d’Azur,1997,typ,metabolic typology,no unit,MXG
3795,FRL0,Provence-Alpes-Côte d’Azur,1997,urb_typ,urban typology,no unit,URB
3796,FRL0,Provence-Alpes-Côte d’Azur,1998,typ,metabolic typology,no unit,MXG
3797,FRL0,Provence-Alpes-Côte d’Azur,1998,urb_typ,urban typology,no unit,URB
3798,FRL0,Provence-Alpes-Côte d’Azur,1999,typ,metabolic typology,no unit,MXG
3799,FRL0,Provence-Alpes-Côte d’Azur,1999,urb_typ,urban typology,no unit,URB
3800,FRL0,Provence-Alpes-Côte d’Azur,2000,typ,metabolic typology,no unit,MXG
3801,FRL0,Provence-Alpes-Côte d’Azur,2000,urb_typ,urban typology,no unit,URB
3802,FRL0,Provence-Alpes-Côte d’Azur,2001,typ,metabolic typology,no unit,MXG
3803,FRL0,Provence-Alpes-Côte d’Azur,2001,urb_typ,urban typology,no unit,URB
3804,FRL0,Provence-Alpes-Côte d’Azur,2002,typ,metabolic typology,no unit,MXG
3805,FRL0,Provence-Alpes-Côte d’Azur,2002,urb_typ,urban typology,no unit,URB
3806,FRL0,Provence-Alpes-Côte d’Azur,2003,typ,metabolic typology,no unit,MXG
3807,FRL0,Provence-Alpes-Côte d’Azur,2003,urb_typ,urban typology,no unit,URB
3808,FRL0,Provence-Alpes-Côte d’Azur,2004,typ,metabolic typology,no unit,MXG
3809,FRL0,Provence-Alpes-Côte d’Azur,2004,urb_typ,urban typology,no unit,URB
3810,FRL0,Provence-Alpes-Côte d’Azur,2005,typ,metabolic typology,no unit,MXG
3811,FRL0,Provence-Alpes-Côte d’Azur,2005,urb_typ,urban typology,no unit,URB
3812,FRL0,Provence-Alpes-Côte d’Azur,2006,typ,metabolic typology,no unit,MXG
3813,FRL0,Provence-Alpes-Côte d’Azur,2006,urb_typ,urban typology,no unit,URB
3814,FRL0,Provence-Alpes-Côte d’Azur,2007,typ,metabolic typology,no unit,MXG
3815,FRL0,Provence-Alpes-Côte d’Azur,2007,urb_typ,urban typology,no unit,URB
3816,FRL0,Provence-Alpes-Côte d’Azur,2008,typ,metabolic typology,no unit,MXG
3817,FRL0,Provence-Alpes-Côte d’Azur,2008,urb_typ,urban typology,no unit,URB
3818,FRL0,Provence-Alpes-Côte d’Azur,2009,typ,metabolic typology,no unit,MXG
3819,FRL0,Provence-Alpes-Côte d’Azur,2009,urb_typ,urban typology,no unit,URB
3820,FRL0,Provence-Alpes-Côte d’Azur,2010,typ,metabolic typology,no unit,MXG
3821,FRL0,Provence-Alpes-Côte d’Azur,2010,urb_typ,urban typology,no unit,URB
3822,FRL0,Provence-Alpes-Côte d’Azur,2011,typ,metabolic typology,no unit,MXG
3823,FRL0,Provence-Alpes-Côte d’Azur,2011,urb_typ,urban typology,no unit,URB
3824,FRL0,Provence-Alpes-Côte d’Azur,2012,typ,metabolic typology,no unit,MXG
3825,FRL0,Provence-Alpes-Côte d’Azur,2012,urb_typ,urban typology,no unit,URB
3826,FRL0,Provence-Alpes-Côte d’Azur,2013,typ,metabolic typology,no unit,MXG
3827,FRL0,Provence-Alpes-Côte d’Azur,2013,urb_typ,urban typology,no unit,URB
3828,FRL0,Provence-Alpes-Côte d’Azur,2014,typ,metabolic typology,no unit,MXG
3829,FRL0,Provence-Alpes-Côte d’Azur,2014,urb_typ,urban typology,no unit,URB
3830,FRL0,Provence-Alpes-Côte d’Azur,2015,typ,metabolic typology,no unit,MXG
3831,FRL0,Provence-Alpes-Côte d’Azur,2015,urb_typ,urban typology,no unit,URB
3832,FRL0,Provence-Alpes-Côte d’Azur,2016,typ,metabolic typology,no unit,MXG
3833,FRL0,Provence-Alpes-Côte d’Azur,2016,urb_typ,urban typology,no unit,URB
3834,FRL0,Provence-Alpes-Côte d’Azur,2017,typ,metabolic typology,no unit,MXG
3835,FRL0,Provence-Alpes-Côte d’Azur,2017,urb_typ,urban typology,no unit,URB
3836,FRL0,Provence-Alpes-Côte d’Azur,2018,typ,metabolic typology,no unit,MXG
3837,FRL0,Provence-Alpes-Côte d’Azur,2018,urb_typ,urban typology,no unit,URB
3838,FRL0,Provence-Alpes-Côte d’Azur,2019,typ,metabolic typology,no unit,MXG
3839,FRL0,Provence-Alpes-Côte d’Azur,2019,urb_typ,urban typology,no unit,URB
3840,FRM0,Corse,1990,typ,metabolic typology,no unit,MXG
3841,FRM0,Corse,1990,urb_typ,urban typology,no unit,
3842,FRM0,Corse,1991,typ,metabolic typology,no unit,MXG
3843,FRM0,Corse,1991,urb_typ,urban typology,no unit,
3844,FRM0,Corse,1992,typ,metabolic typology,no unit,MXG
3845,FRM0,Corse,1992,urb_typ,urban typology,no unit,
3846,FRM0,Corse,1993,typ,metabolic typology,no unit,MXG
3847,FRM0,Corse,1993,urb_typ,urban typology,no unit,
3848,FRM0,Corse,1994,typ,metabolic typology,no unit,MXG
3849,FRM0,Corse,1994,urb_typ,urban typology,no unit,
3850,FRM0,Corse,1995,typ,metabolic typology,no unit,MXG
3851,FRM0,Corse,1995,urb_typ,urban typology,no unit,
3852,FRM0,Corse,1996,typ,metabolic typology,no unit,MXG
3853,FRM0,Corse,1996,urb_typ,urban typology,no unit,
3854,FRM0,Corse,1997,typ,metabolic typology,no unit,MXG
3855,FRM0,Corse,1997,urb_typ,urban typology,no unit,
3856,FRM0,Corse,1998,typ,metabolic typology,no unit,MXG
3857,FRM0,Corse,1998,urb_typ,urban typology,no unit,
3858,FRM0,Corse,1999,typ,metabolic typology,no unit,MXG
3859,FRM0,Corse,1999,urb_typ,urban typology,no unit,
3860,FRM0,Corse,2000,typ,metabolic typology,no unit,MXG
3861,FRM0,Corse,2000,urb_typ,urban typology,no unit,
3862,FRM0,Corse,2001,typ,metabolic typology,no unit,MXG
3863,FRM0,Corse,2001,urb_typ,urban typology,no unit,
3864,FRM0,Corse,2002,typ,metabolic typology,no unit,MXG
3865,FRM0,Corse,2002,urb_typ,urban typology,no unit,
3866,FRM0,Corse,2003,typ,metabolic typology,no unit,MXG
3867,FRM0,Corse,2003,urb_typ,urban typology,no unit,
3868,FRM0,Corse,2004,typ,metabolic typology,no unit,MXG
3869,FRM0,Corse,2004,urb_typ,urban typology,no unit,
3870,FRM0,Corse,2005,typ,metabolic typology,no unit,MXG
3871,FRM0,Corse,2005,urb_typ,urban typology,no unit,
3872,FRM0,Corse,2006,typ,metabolic typology,no unit,MXG
3873,FRM0,Corse,2006,urb_typ,urban typology,no unit,
3874,FRM0,Corse,2007,typ,metabolic typology,no unit,MXG
3875,FRM0,Corse,2007,urb_typ,urban typology,no unit,
3876,FRM0,Corse,2008,typ,metabolic typology,no unit,MXG
3877,FRM0,Corse,2008,urb_typ,urban typology,no unit,URB
3878,FRM0,Corse,2009,typ,metabolic typology,no unit,MXG
3879,FRM0,Corse,2009,urb_typ,urban typology,no unit,URB
3880,FRM0,Corse,2010,typ,metabolic typology,no unit,MXG
3881,FRM0,Corse,2010,urb_typ,urban typology,no unit,
3882,FRM0,Corse,2011,typ,metabolic typology,no unit,MXG
3883,FRM0,Corse,2011,urb_typ,urban typology,no unit,URB
3884,FRM0,Corse,2012,typ,metabolic typology,no unit,MXG
3885,FRM0,Corse,2012,urb_typ,urban typology,no unit,URB
3886,FRM0,Corse,2013,typ,metabolic typology,no unit,MXG
3887,FRM0,Corse,2013,urb_typ,urban typology,no unit,URB
3888,FRM0,Corse,2014,typ,metabolic typology,no unit,MXG
3889,FRM0,Corse,2014,urb_typ,urban typology,no unit,URB
3890,FRM0,Corse,2015,typ,metabolic typology,no unit,MXG
3891,FRM0,Corse,2015,urb_typ,urban typology,no unit,URB
3892,FRM0,Corse,2016,typ,metabolic typology,no unit,MXG
3893,FRM0,Corse,2016,urb_typ,urban typology,no unit,URB
3894,FRM0,Corse,2017,typ,metabolic typology,no unit,MXG
3895,FRM0,Corse,2017,urb_typ,urban typology,no unit,
3896,FRM0,Corse,2018,typ,metabolic typology,no unit,MXG
3897,FRM0,Corse,2018,urb_typ,urban typology,no unit,
3898,FRM0,Corse,2019,typ,metabolic typology,no unit,MXG
3899,FRM0,Corse,2019,urb_typ,urban typology,no unit,
3900,HR,Croatia,1990,typ,metabolic typology,no unit,MXG
3901,HR,Croatia,1990,urb_typ,urban typology,no unit,
3902,HR,Croatia,1991,typ,metabolic typology,no unit,MXG
3903,HR,Croatia,1991,urb_typ,urban typology,no unit,
3904,HR,Croatia,1992,typ,metabolic typology,no unit,MXG
3905,HR,Croatia,1992,urb_typ,urban typology,no unit,
3906,HR,Croatia,1993,typ,metabolic typology,no unit,MXG
3907,HR,Croatia,1993,urb_typ,urban typology,no unit,
3908,HR,Croatia,1994,typ,metabolic typology,no unit,MXG
3909,HR,Croatia,1994,urb_typ,urban typology,no unit,
3910,HR,Croatia,1995,typ,metabolic typology,no unit,MXG
3911,HR,Croatia,1995,urb_typ,urban typology,no unit,
3912,HR,Croatia,1996,typ,metabolic typology,no unit,MXG
3913,HR,Croatia,1996,urb_typ,urban typology,no unit,
3914,HR,Croatia,1997,typ,metabolic typology,no unit,MXG
3915,HR,Croatia,1997,urb_typ,urban typology,no unit,
3916,HR,Croatia,1998,typ,metabolic typology,no unit,MXG
3917,HR,Croatia,1998,urb_typ,urban typology,no unit,
3918,HR,Croatia,1999,typ,metabolic typology,no unit,MXG
3919,HR,Croatia,1999,urb_typ,urban typology,no unit,
3920,HR,Croatia,2000,typ,metabolic typology,no unit,DSG
3921,HR,Croatia,2000,urb_typ,urban typology,no unit,
3922,HR,Croatia,2001,typ,metabolic typology,no unit,DSG
3923,HR,Croatia,2001,urb_typ,urban typology,no unit,
3924,HR,Croatia,2002,typ,metabolic typology,no unit,DSG
3925,HR,Croatia,2002,urb_typ,urban typology,no unit,
3926,HR,Croatia,2003,typ,metabolic typology,no unit,DSG
3927,HR,Croatia,2003,urb_typ,urban typology,no unit,
3928,HR,Croatia,2004,typ,metabolic typology,no unit,DSG
3929,HR,Croatia,2004,urb_typ,urban typology,no unit,
3930,HR,Croatia,2005,typ,metabolic typology,no unit,DSG
3931,HR,Croatia,2005,urb_typ,urban typology,no unit,
3932,HR,Croatia,2006,typ,metabolic typology,no unit,DSG
3933,HR,Croatia,2006,urb_typ,urban typology,no unit,
3934,HR,Croatia,2007,typ,metabolic typology,no unit,DSG
3935,HR,Croatia,2007,urb_typ,urban typology,no unit,
3936,HR,Croatia,2008,typ,metabolic typology,no unit,DSG
3937,HR,Croatia,2008,urb_typ,urban typology,no unit,
3938,HR,Croatia,2009,typ,metabolic typology,no unit,DSG
3939,HR,Croatia,2009,urb_typ,urban typology,no unit,
3940,HR,Croatia,2010,typ,metabolic typology,no unit,DSG
3941,HR,Croatia,2010,urb_typ,urban typology,no unit,
3942,HR,Croatia,2011,typ,metabolic typology,no unit,DSG
3943,HR,Croatia,2011,urb_typ,urban typology,no unit,
3944,HR,Croatia,2012,typ,metabolic typology,no unit,DSG
3945,HR,Croatia,2012,urb_typ,urban typology,no unit,
3946,HR,Croatia,2013,typ,metabolic typology,no unit,MXG
3947,HR,Croatia,2013,urb_typ,urban typology,no unit,
3948,HR,Croatia,2014,typ,metabolic typology,no unit,MXG
3949,HR,Croatia,2014,urb_typ,urban typology,no unit,
3950,HR,Croatia,2015,typ,metabolic typology,no unit,MXG
3951,HR,Croatia,2015,urb_typ,urban typology,no unit,
3952,HR,Croatia,2016,typ,metabolic typology,no unit,SCS
3953,HR,Croatia,2016,urb_typ,urban typology,no unit,
3954,HR,Croatia,2017,typ,metabolic typology,no unit,MXG
3955,HR,Croatia,2017,urb_typ,urban typology,no unit,
3956,HR,Croatia,2018,typ,metabolic typology,no unit,SCS
3957,HR,Croatia,2018,urb_typ,urban typology,no unit,
3958,HR,Croatia,2019,typ,metabolic typology,no unit,SCS
3959,HR,Croatia,2019,urb_typ,urban typology,no unit,
3960,HU1,Közep-Magyaroszag,1990,typ,metabolic typology,no unit,SCS
3961,HU1,Közep-Magyaroszag,1990,urb_typ,urban typology,no unit,
3962,HU1,Közep-Magyaroszag,1991,typ,metabolic typology,no unit,SCS
3963,HU1,Közep-Magyaroszag,1991,urb_typ,urban typology,no unit,
3964,HU1,Közep-Magyaroszag,1992,typ,metabolic typology,no unit,SCS
3965,HU1,Közep-Magyaroszag,1992,urb_typ,urban typology,no unit,
3966,HU1,Közep-Magyaroszag,1993,typ,metabolic typology,no unit,DSG
3967,HU1,Közep-Magyaroszag,1993,urb_typ,urban typology,no unit,
3968,HU1,Közep-Magyaroszag,1994,typ,metabolic typology,no unit,SCS
3969,HU1,Közep-Magyaroszag,1994,urb_typ,urban typology,no unit,
3970,HU1,Közep-Magyaroszag,1995,typ,metabolic typology,no unit,SCS
3971,HU1,Közep-Magyaroszag,1995,urb_typ,urban typology,no unit,
3972,HU1,Közep-Magyaroszag,1996,typ,metabolic typology,no unit,SCS
3973,HU1,Közep-Magyaroszag,1996,urb_typ,urban typology,no unit,
3974,HU1,Közep-Magyaroszag,1997,typ,metabolic typology,no unit,SCS
3975,HU1,Közep-Magyaroszag,1997,urb_typ,urban typology,no unit,
3976,HU1,Közep-Magyaroszag,1998,typ,metabolic typology,no unit,SCS
3977,HU1,Közep-Magyaroszag,1998,urb_typ,urban typology,no unit,
3978,HU1,Közep-Magyaroszag,1999,typ,metabolic typology,no unit,SCS
3979,HU1,Közep-Magyaroszag,1999,urb_typ,urban typology,no unit,
3980,HU1,Közep-Magyaroszag,2000,typ,metabolic typology,no unit,DSG
3981,HU1,Közep-Magyaroszag,2000,urb_typ,urban typology,no unit,
3982,HU1,Közep-Magyaroszag,2001,typ,metabolic typology,no unit,SCS
3983,HU1,Közep-Magyaroszag,2001,urb_typ,urban typology,no unit,
3984,HU1,Közep-Magyaroszag,2002,typ,metabolic typology,no unit,DSG
3985,HU1,Közep-Magyaroszag,2002,urb_typ,urban typology,no unit,
3986,HU1,Közep-Magyaroszag,2003,typ,metabolic typology,no unit,DSG
3987,HU1,Közep-Magyaroszag,2003,urb_typ,urban typology,no unit,
3988,HU1,Közep-Magyaroszag,2004,typ,metabolic typology,no unit,SCS
3989,HU1,Közep-Magyaroszag,2004,urb_typ,urban typology,no unit,
3990,HU1,Közep-Magyaroszag,2005,typ,metabolic typology,no unit,SCS
3991,HU1,Közep-Magyaroszag,2005,urb_typ,urban typology,no unit,
3992,HU1,Közep-Magyaroszag,2006,typ,metabolic typology,no unit,SCS
3993,HU1,Közep-Magyaroszag,2006,urb_typ,urban typology,no unit,
3994,HU1,Közep-Magyaroszag,2007,typ,metabolic typology,no unit,DSG
3995,HU1,Közep-Magyaroszag,2007,urb_typ,urban typology,no unit,
3996,HU1,Közep-Magyaroszag,2008,typ,metabolic typology,no unit,SCS
3997,HU1,Közep-Magyaroszag,2008,urb_typ,urban typology,no unit,
3998,HU1,Közep-Magyaroszag,2009,typ,metabolic typology,no unit,SCS
3999,HU1,Közep-Magyaroszag,2009,urb_typ,urban typology,no unit,
4000,HU1,Közep-Magyaroszag,2010,typ,metabolic typology,no unit,SCS
4001,HU1,Közep-Magyaroszag,2010,urb_typ,urban typology,no unit,
4002,HU1,Közep-Magyaroszag,2011,typ,metabolic typology,no unit,SCS
4003,HU1,Közep-Magyaroszag,2011,urb_typ,urban typology,no unit,
4004,HU1,Közep-Magyaroszag,2012,typ,metabolic typology,no unit,DSG
4005,HU1,Közep-Magyaroszag,2012,urb_typ,urban typology,no unit,
4006,HU1,Közep-Magyaroszag,2013,typ,metabolic typology,no unit,SCS
4007,HU1,Közep-Magyaroszag,2013,urb_typ,urban typology,no unit,
4008,HU1,Közep-Magyaroszag,2014,typ,metabolic typology,no unit,SCS
4009,HU1,Közep-Magyaroszag,2014,urb_typ,urban typology,no unit,
4010,HU1,Közep-Magyaroszag,2015,typ,metabolic typology,no unit,SCS
4011,HU1,Közep-Magyaroszag,2015,urb_typ,urban typology,no unit,
4012,HU1,Közep-Magyaroszag,2016,typ,metabolic typology,no unit,SCS
4013,HU1,Közep-Magyaroszag,2016,urb_typ,urban typology,no unit,
4014,HU1,Közep-Magyaroszag,2017,typ,metabolic typology,no unit,SCS
4015,HU1,Közep-Magyaroszag,2017,urb_typ,urban typology,no unit,
4016,HU1,Közep-Magyaroszag,2018,typ,metabolic typology,no unit,SCS
4017,HU1,Közep-Magyaroszag,2018,urb_typ,urban typology,no unit,
4018,HU1,Közep-Magyaroszag,2019,typ,metabolic typology,no unit,SCS
4019,HU1,Közep-Magyaroszag,2019,urb_typ,urban typology,no unit,
4020,HU2,Dunantul,1990,typ,metabolic typology,no unit,SCS
4021,HU2,Dunantul,1990,urb_typ,urban typology,no unit,
4022,HU2,Dunantul,1991,typ,metabolic typology,no unit,SCS
4023,HU2,Dunantul,1991,urb_typ,urban typology,no unit,
4024,HU2,Dunantul,1992,typ,metabolic typology,no unit,SCS
4025,HU2,Dunantul,1992,urb_typ,urban typology,no unit,
4026,HU2,Dunantul,1993,typ,metabolic typology,no unit,SCS
4027,HU2,Dunantul,1993,urb_typ,urban typology,no unit,
4028,HU2,Dunantul,1994,typ,metabolic typology,no unit,SCS
4029,HU2,Dunantul,1994,urb_typ,urban typology,no unit,
4030,HU2,Dunantul,1995,typ,metabolic typology,no unit,SCS
4031,HU2,Dunantul,1995,urb_typ,urban typology,no unit,
4032,HU2,Dunantul,1996,typ,metabolic typology,no unit,SCS
4033,HU2,Dunantul,1996,urb_typ,urban typology,no unit,
4034,HU2,Dunantul,1997,typ,metabolic typology,no unit,SCS
4035,HU2,Dunantul,1997,urb_typ,urban typology,no unit,
4036,HU2,Dunantul,1998,typ,metabolic typology,no unit,SCS
4037,HU2,Dunantul,1998,urb_typ,urban typology,no unit,
4038,HU2,Dunantul,1999,typ,metabolic typology,no unit,SCS
4039,HU2,Dunantul,1999,urb_typ,urban typology,no unit,
4040,HU2,Dunantul,2000,typ,metabolic typology,no unit,DSG
4041,HU2,Dunantul,2000,urb_typ,urban typology,no unit,
4042,HU2,Dunantul,2001,typ,metabolic typology,no unit,SCS
4043,HU2,Dunantul,2001,urb_typ,urban typology,no unit,
4044,HU2,Dunantul,2002,typ,metabolic typology,no unit,SCS
4045,HU2,Dunantul,2002,urb_typ,urban typology,no unit,
4046,HU2,Dunantul,2003,typ,metabolic typology,no unit,DSG
4047,HU2,Dunantul,2003,urb_typ,urban typology,no unit,
4048,HU2,Dunantul,2004,typ,metabolic typology,no unit,SCS
4049,HU2,Dunantul,2004,urb_typ,urban typology,no unit,
4050,HU2,Dunantul,2005,typ,metabolic typology,no unit,SCS
4051,HU2,Dunantul,2005,urb_typ,urban typology,no unit,
4052,HU2,Dunantul,2006,typ,metabolic typology,no unit,SCS
4053,HU2,Dunantul,2006,urb_typ,urban typology,no unit,
4054,HU2,Dunantul,2007,typ,metabolic typology,no unit,SCS
4055,HU2,Dunantul,2007,urb_typ,urban typology,no unit,
4056,HU2,Dunantul,2008,typ,metabolic typology,no unit,SCS
4057,HU2,Dunantul,2008,urb_typ,urban typology,no unit,
4058,HU2,Dunantul,2009,typ,metabolic typology,no unit,SCS
4059,HU2,Dunantul,2009,urb_typ,urban typology,no unit,
4060,HU2,Dunantul,2010,typ,metabolic typology,no unit,SCS
4061,HU2,Dunantul,2010,urb_typ,urban typology,no unit,
4062,HU2,Dunantul,2011,typ,metabolic typology,no unit,SCS
4063,HU2,Dunantul,2011,urb_typ,urban typology,no unit,
4064,HU2,Dunantul,2012,typ,metabolic typology,no unit,SCS
4065,HU2,Dunantul,2012,urb_typ,urban typology,no unit,
4066,HU2,Dunantul,2013,typ,metabolic typology,no unit,SCS
4067,HU2,Dunantul,2013,urb_typ,urban typology,no unit,
4068,HU2,Dunantul,2014,typ,metabolic typology,no unit,SCS
4069,HU2,Dunantul,2014,urb_typ,urban typology,no unit,
4070,HU2,Dunantul,2015,typ,metabolic typology,no unit,SCS
4071,HU2,Dunantul,2015,urb_typ,urban typology,no unit,
4072,HU2,Dunantul,2016,typ,metabolic typology,no unit,SCS
4073,HU2,Dunantul,2016,urb_typ,urban typology,no unit,
4074,HU2,Dunantul,2017,typ,metabolic typology,no unit,SCS
4075,HU2,Dunantul,2017,urb_typ,urban typology,no unit,
4076,HU2,Dunantul,2018,typ,metabolic typology,no unit,SCS
4077,HU2,Dunantul,2018,urb_typ,urban typology,no unit,
4078,HU2,Dunantul,2019,typ,metabolic typology,no unit,SCS
4079,HU2,Dunantul,2019,urb_typ,urban typology,no unit,
4080,HU3,Alföld Es Eszak,1990,typ,metabolic typology,no unit,SCS
4081,HU3,Alföld Es Eszak,1990,urb_typ,urban typology,no unit,
4082,HU3,Alföld Es Eszak,1991,typ,metabolic typology,no unit,SCS
4083,HU3,Alföld Es Eszak,1991,urb_typ,urban typology,no unit,
4084,HU3,Alföld Es Eszak,1992,typ,metabolic typology,no unit,SCS
4085,HU3,Alföld Es Eszak,1992,urb_typ,urban typology,no unit,
4086,HU3,Alföld Es Eszak,1993,typ,metabolic typology,no unit,DSG
4087,HU3,Alföld Es Eszak,1993,urb_typ,urban typology,no unit,
4088,HU3,Alföld Es Eszak,1994,typ,metabolic typology,no unit,SCS
4089,HU3,Alföld Es Eszak,1994,urb_typ,urban typology,no unit,
4090,HU3,Alföld Es Eszak,1995,typ,metabolic typology,no unit,SCS
4091,HU3,Alföld Es Eszak,1995,urb_typ,urban typology,no unit,
4092,HU3,Alföld Es Eszak,1996,typ,metabolic typology,no unit,SCS
4093,HU3,Alföld Es Eszak,1996,urb_typ,urban typology,no unit,
4094,HU3,Alföld Es Eszak,1997,typ,metabolic typology,no unit,SCS
4095,HU3,Alföld Es Eszak,1997,urb_typ,urban typology,no unit,
4096,HU3,Alföld Es Eszak,1998,typ,metabolic typology,no unit,SCS
4097,HU3,Alföld Es Eszak,1998,urb_typ,urban typology,no unit,
4098,HU3,Alföld Es Eszak,1999,typ,metabolic typology,no unit,SCS
4099,HU3,Alföld Es Eszak,1999,urb_typ,urban typology,no unit,
4100,HU3,Alföld Es Eszak,2000,typ,metabolic typology,no unit,DSG
4101,HU3,Alföld Es Eszak,2000,urb_typ,urban typology,no unit,
4102,HU3,Alföld Es Eszak,2001,typ,metabolic typology,no unit,SCS
4103,HU3,Alföld Es Eszak,2001,urb_typ,urban typology,no unit,
4104,HU3,Alföld Es Eszak,2002,typ,metabolic typology,no unit,DSG
4105,HU3,Alföld Es Eszak,2002,urb_typ,urban typology,no unit,
4106,HU3,Alföld Es Eszak,2003,typ,metabolic typology,no unit,DSG
4107,HU3,Alföld Es Eszak,2003,urb_typ,urban typology,no unit,
4108,HU3,Alföld Es Eszak,2004,typ,metabolic typology,no unit,SCS
4109,HU3,Alföld Es Eszak,2004,urb_typ,urban typology,no unit,
4110,HU3,Alföld Es Eszak,2005,typ,metabolic typology,no unit,SCS
4111,HU3,Alföld Es Eszak,2005,urb_typ,urban typology,no unit,
4112,HU3,Alföld Es Eszak,2006,typ,metabolic typology,no unit,SCS
4113,HU3,Alföld Es Eszak,2006,urb_typ,urban typology,no unit,
4114,HU3,Alföld Es Eszak,2007,typ,metabolic typology,no unit,DSG
4115,HU3,Alföld Es Eszak,2007,urb_typ,urban typology,no unit,
4116,HU3,Alföld Es Eszak,2008,typ,metabolic typology,no unit,SCS
4117,HU3,Alföld Es Eszak,2008,urb_typ,urban typology,no unit,
4118,HU3,Alföld Es Eszak,2009,typ,metabolic typology,no unit,SCS
4119,HU3,Alföld Es Eszak,2009,urb_typ,urban typology,no unit,
4120,HU3,Alföld Es Eszak,2010,typ,metabolic typology,no unit,SCS
4121,HU3,Alföld Es Eszak,2010,urb_typ,urban typology,no unit,
4122,HU3,Alföld Es Eszak,2011,typ,metabolic typology,no unit,SCS
4123,HU3,Alföld Es Eszak,2011,urb_typ,urban typology,no unit,
4124,HU3,Alföld Es Eszak,2012,typ,metabolic typology,no unit,DSG
4125,HU3,Alföld Es Eszak,2012,urb_typ,urban typology,no unit,
4126,HU3,Alföld Es Eszak,2013,typ,metabolic typology,no unit,SCS
4127,HU3,Alföld Es Eszak,2013,urb_typ,urban typology,no unit,
4128,HU3,Alföld Es Eszak,2014,typ,metabolic typology,no unit,SCS
4129,HU3,Alföld Es Eszak,2014,urb_typ,urban typology,no unit,
4130,HU3,Alföld Es Eszak,2015,typ,metabolic typology,no unit,SCS
4131,HU3,Alföld Es Eszak,2015,urb_typ,urban typology,no unit,
4132,HU3,Alföld Es Eszak,2016,typ,metabolic typology,no unit,SCS
4133,HU3,Alföld Es Eszak,2016,urb_typ,urban typology,no unit,
4134,HU3,Alföld Es Eszak,2017,typ,metabolic typology,no unit,SCS
4135,HU3,Alföld Es Eszak,2017,urb_typ,urban typology,no unit,
4136,HU3,Alföld Es Eszak,2018,typ,metabolic typology,no unit,SCS
4137,HU3,Alföld Es Eszak,2018,urb_typ,urban typology,no unit,
4138,HU3,Alföld Es Eszak,2019,typ,metabolic typology,no unit,SCS
4139,HU3,Alföld Es Eszak,2019,urb_typ,urban typology,no unit,
4140,IE04,NW Ireland,1990,typ,metabolic typology,no unit,MXG
4141,IE04,NW Ireland,1990,urb_typ,urban typology,no unit,
4142,IE04,NW Ireland,1991,typ,metabolic typology,no unit,MXG
4143,IE04,NW Ireland,1991,urb_typ,urban typology,no unit,
4144,IE04,NW Ireland,1992,typ,metabolic typology,no unit,MXG
4145,IE04,NW Ireland,1992,urb_typ,urban typology,no unit,
4146,IE04,NW Ireland,1993,typ,metabolic typology,no unit,MXG
4147,IE04,NW Ireland,1993,urb_typ,urban typology,no unit,
4148,IE04,NW Ireland,1994,typ,metabolic typology,no unit,MXG
4149,IE04,NW Ireland,1994,urb_typ,urban typology,no unit,
4150,IE04,NW Ireland,1995,typ,metabolic typology,no unit,MXG
4151,IE04,NW Ireland,1995,urb_typ,urban typology,no unit,
4152,IE04,NW Ireland,1996,typ,metabolic typology,no unit,MXG
4153,IE04,NW Ireland,1996,urb_typ,urban typology,no unit,
4154,IE04,NW Ireland,1997,typ,metabolic typology,no unit,MXG
4155,IE04,NW Ireland,1997,urb_typ,urban typology,no unit,
4156,IE04,NW Ireland,1998,typ,metabolic typology,no unit,MXG
4157,IE04,NW Ireland,1998,urb_typ,urban typology,no unit,
4158,IE04,NW Ireland,1999,typ,metabolic typology,no unit,MXG
4159,IE04,NW Ireland,1999,urb_typ,urban typology,no unit,
4160,IE04,NW Ireland,2000,typ,metabolic typology,no unit,MXG
4161,IE04,NW Ireland,2000,urb_typ,urban typology,no unit,
4162,IE04,NW Ireland,2001,typ,metabolic typology,no unit,MXG
4163,IE04,NW Ireland,2001,urb_typ,urban typology,no unit,
4164,IE04,NW Ireland,2002,typ,metabolic typology,no unit,MXG
4165,IE04,NW Ireland,2002,urb_typ,urban typology,no unit,
4166,IE04,NW Ireland,2003,typ,metabolic typology,no unit,MXG
4167,IE04,NW Ireland,2003,urb_typ,urban typology,no unit,
4168,IE04,NW Ireland,2004,typ,metabolic typology,no unit,MXG
4169,IE04,NW Ireland,2004,urb_typ,urban typology,no unit,
4170,IE04,NW Ireland,2005,typ,metabolic typology,no unit,MXG
4171,IE04,NW Ireland,2005,urb_typ,urban typology,no unit,
4172,IE04,NW Ireland,2006,typ,metabolic typology,no unit,MXG
4173,IE04,NW Ireland,2006,urb_typ,urban typology,no unit,
4174,IE04,NW Ireland,2007,typ,metabolic typology,no unit,MXG
4175,IE04,NW Ireland,2007,urb_typ,urban typology,no unit,
4176,IE04,NW Ireland,2008,typ,metabolic typology,no unit,MXG
4177,IE04,NW Ireland,2008,urb_typ,urban typology,no unit,
4178,IE04,NW Ireland,2009,typ,metabolic typology,no unit,MXG
4179,IE04,NW Ireland,2009,urb_typ,urban typology,no unit,
4180,IE04,NW Ireland,2010,typ,metabolic typology,no unit,MXG
4181,IE04,NW Ireland,2010,urb_typ,urban typology,no unit,
4182,IE04,NW Ireland,2011,typ,metabolic typology,no unit,MXG
4183,IE04,NW Ireland,2011,urb_typ,urban typology,no unit,
4184,IE04,NW Ireland,2012,typ,metabolic typology,no unit,MXG
4185,IE04,NW Ireland,2012,urb_typ,urban typology,no unit,
4186,IE04,NW Ireland,2013,typ,metabolic typology,no unit,MXG
4187,IE04,NW Ireland,2013,urb_typ,urban typology,no unit,
4188,IE04,NW Ireland,2014,typ,metabolic typology,no unit,MXG
4189,IE04,NW Ireland,2014,urb_typ,urban typology,no unit,
4190,IE04,NW Ireland,2015,typ,metabolic typology,no unit,MXG
4191,IE04,NW Ireland,2015,urb_typ,urban typology,no unit,
4192,IE04,NW Ireland,2016,typ,metabolic typology,no unit,MXG
4193,IE04,NW Ireland,2016,urb_typ,urban typology,no unit,
4194,IE04,NW Ireland,2017,typ,metabolic typology,no unit,MXG
4195,IE04,NW Ireland,2017,urb_typ,urban typology,no unit,
4196,IE04,NW Ireland,2018,typ,metabolic typology,no unit,MXG
4197,IE04,NW Ireland,2018,urb_typ,urban typology,no unit,
4198,IE04,NW Ireland,2019,typ,metabolic typology,no unit,MXG
4199,IE04,NW Ireland,2019,urb_typ,urban typology,no unit,
4200,IE05,South Ireland,1990,typ,metabolic typology,no unit,MXG
4201,IE05,South Ireland,1990,urb_typ,urban typology,no unit,
4202,IE05,South Ireland,1991,typ,metabolic typology,no unit,MXG
4203,IE05,South Ireland,1991,urb_typ,urban typology,no unit,
4204,IE05,South Ireland,1992,typ,metabolic typology,no unit,MXG
4205,IE05,South Ireland,1992,urb_typ,urban typology,no unit,
4206,IE05,South Ireland,1993,typ,metabolic typology,no unit,MXG
4207,IE05,South Ireland,1993,urb_typ,urban typology,no unit,
4208,IE05,South Ireland,1994,typ,metabolic typology,no unit,MXG
4209,IE05,South Ireland,1994,urb_typ,urban typology,no unit,
4210,IE05,South Ireland,1995,typ,metabolic typology,no unit,MXG
4211,IE05,South Ireland,1995,urb_typ,urban typology,no unit,
4212,IE05,South Ireland,1996,typ,metabolic typology,no unit,MXG
4213,IE05,South Ireland,1996,urb_typ,urban typology,no unit,
4214,IE05,South Ireland,1997,typ,metabolic typology,no unit,MXG
4215,IE05,South Ireland,1997,urb_typ,urban typology,no unit,
4216,IE05,South Ireland,1998,typ,metabolic typology,no unit,MXG
4217,IE05,South Ireland,1998,urb_typ,urban typology,no unit,
4218,IE05,South Ireland,1999,typ,metabolic typology,no unit,MXG
4219,IE05,South Ireland,1999,urb_typ,urban typology,no unit,
4220,IE05,South Ireland,2000,typ,metabolic typology,no unit,MXG
4221,IE05,South Ireland,2000,urb_typ,urban typology,no unit,
4222,IE05,South Ireland,2001,typ,metabolic typology,no unit,MXG
4223,IE05,South Ireland,2001,urb_typ,urban typology,no unit,
4224,IE05,South Ireland,2002,typ,metabolic typology,no unit,MXG
4225,IE05,South Ireland,2002,urb_typ,urban typology,no unit,
4226,IE05,South Ireland,2003,typ,metabolic typology,no unit,MXG
4227,IE05,South Ireland,2003,urb_typ,urban typology,no unit,
4228,IE05,South Ireland,2004,typ,metabolic typology,no unit,MXG
4229,IE05,South Ireland,2004,urb_typ,urban typology,no unit,
4230,IE05,South Ireland,2005,typ,metabolic typology,no unit,MXG
4231,IE05,South Ireland,2005,urb_typ,urban typology,no unit,
4232,IE05,South Ireland,2006,typ,metabolic typology,no unit,MXG
4233,IE05,South Ireland,2006,urb_typ,urban typology,no unit,
4234,IE05,South Ireland,2007,typ,metabolic typology,no unit,MXG
4235,IE05,South Ireland,2007,urb_typ,urban typology,no unit,
4236,IE05,South Ireland,2008,typ,metabolic typology,no unit,MXG
4237,IE05,South Ireland,2008,urb_typ,urban typology,no unit,
4238,IE05,South Ireland,2009,typ,metabolic typology,no unit,MXG
4239,IE05,South Ireland,2009,urb_typ,urban typology,no unit,
4240,IE05,South Ireland,2010,typ,metabolic typology,no unit,MXG
4241,IE05,South Ireland,2010,urb_typ,urban typology,no unit,
4242,IE05,South Ireland,2011,typ,metabolic typology,no unit,MXG
4243,IE05,South Ireland,2011,urb_typ,urban typology,no unit,
4244,IE05,South Ireland,2012,typ,metabolic typology,no unit,MXG
4245,IE05,South Ireland,2012,urb_typ,urban typology,no unit,
4246,IE05,South Ireland,2013,typ,metabolic typology,no unit,MXG
4247,IE05,South Ireland,2013,urb_typ,urban typology,no unit,
4248,IE05,South Ireland,2014,typ,metabolic typology,no unit,MXG
4249,IE05,South Ireland,2014,urb_typ,urban typology,no unit,
4250,IE05,South Ireland,2015,typ,metabolic typology,no unit,MXG
4251,IE05,South Ireland,2015,urb_typ,urban typology,no unit,
4252,IE05,South Ireland,2016,typ,metabolic typology,no unit,MXG
4253,IE05,South Ireland,2016,urb_typ,urban typology,no unit,
4254,IE05,South Ireland,2017,typ,metabolic typology,no unit,MXG
4255,IE05,South Ireland,2017,urb_typ,urban typology,no unit,
4256,IE05,South Ireland,2018,typ,metabolic typology,no unit,MXG
4257,IE05,South Ireland,2018,urb_typ,urban typology,no unit,
4258,IE05,South Ireland,2019,typ,metabolic typology,no unit,MXG
4259,IE05,South Ireland,2019,urb_typ,urban typology,no unit,
4260,IE06,Eastern and Midland Ireland,1990,typ,metabolic typology,no unit,MXG
4261,IE06,Eastern and Midland Ireland,1990,urb_typ,urban typology,no unit,
4262,IE06,Eastern and Midland Ireland,1991,typ,metabolic typology,no unit,MXG
4263,IE06,Eastern and Midland Ireland,1991,urb_typ,urban typology,no unit,
4264,IE06,Eastern and Midland Ireland,1992,typ,metabolic typology,no unit,MXG
4265,IE06,Eastern and Midland Ireland,1992,urb_typ,urban typology,no unit,
4266,IE06,Eastern and Midland Ireland,1993,typ,metabolic typology,no unit,MXG
4267,IE06,Eastern and Midland Ireland,1993,urb_typ,urban typology,no unit,
4268,IE06,Eastern and Midland Ireland,1994,typ,metabolic typology,no unit,MXG
4269,IE06,Eastern and Midland Ireland,1994,urb_typ,urban typology,no unit,
4270,IE06,Eastern and Midland Ireland,1995,typ,metabolic typology,no unit,MXG
4271,IE06,Eastern and Midland Ireland,1995,urb_typ,urban typology,no unit,
4272,IE06,Eastern and Midland Ireland,1996,typ,metabolic typology,no unit,MXG
4273,IE06,Eastern and Midland Ireland,1996,urb_typ,urban typology,no unit,
4274,IE06,Eastern and Midland Ireland,1997,typ,metabolic typology,no unit,MXG
4275,IE06,Eastern and Midland Ireland,1997,urb_typ,urban typology,no unit,
4276,IE06,Eastern and Midland Ireland,1998,typ,metabolic typology,no unit,MXG
4277,IE06,Eastern and Midland Ireland,1998,urb_typ,urban typology,no unit,
4278,IE06,Eastern and Midland Ireland,1999,typ,metabolic typology,no unit,MXG
4279,IE06,Eastern and Midland Ireland,1999,urb_typ,urban typology,no unit,
4280,IE06,Eastern and Midland Ireland,2000,typ,metabolic typology,no unit,MXG
4281,IE06,Eastern and Midland Ireland,2000,urb_typ,urban typology,no unit,
4282,IE06,Eastern and Midland Ireland,2001,typ,metabolic typology,no unit,MXG
4283,IE06,Eastern and Midland Ireland,2001,urb_typ,urban typology,no unit,
4284,IE06,Eastern and Midland Ireland,2002,typ,metabolic typology,no unit,MXG
4285,IE06,Eastern and Midland Ireland,2002,urb_typ,urban typology,no unit,
4286,IE06,Eastern and Midland Ireland,2003,typ,metabolic typology,no unit,MXG
4287,IE06,Eastern and Midland Ireland,2003,urb_typ,urban typology,no unit,
4288,IE06,Eastern and Midland Ireland,2004,typ,metabolic typology,no unit,MXG
4289,IE06,Eastern and Midland Ireland,2004,urb_typ,urban typology,no unit,
4290,IE06,Eastern and Midland Ireland,2005,typ,metabolic typology,no unit,MXG
4291,IE06,Eastern and Midland Ireland,2005,urb_typ,urban typology,no unit,
4292,IE06,Eastern and Midland Ireland,2006,typ,metabolic typology,no unit,MXG
4293,IE06,Eastern and Midland Ireland,2006,urb_typ,urban typology,no unit,
4294,IE06,Eastern and Midland Ireland,2007,typ,metabolic typology,no unit,MXG
4295,IE06,Eastern and Midland Ireland,2007,urb_typ,urban typology,no unit,
4296,IE06,Eastern and Midland Ireland,2008,typ,metabolic typology,no unit,MXG
4297,IE06,Eastern and Midland Ireland,2008,urb_typ,urban typology,no unit,
4298,IE06,Eastern and Midland Ireland,2009,typ,metabolic typology,no unit,MXG
4299,IE06,Eastern and Midland Ireland,2009,urb_typ,urban typology,no unit,
4300,IE06,Eastern and Midland Ireland,2010,typ,metabolic typology,no unit,MXG
4301,IE06,Eastern and Midland Ireland,2010,urb_typ,urban typology,no unit,
4302,IE06,Eastern and Midland Ireland,2011,typ,metabolic typology,no unit,MXG
4303,IE06,Eastern and Midland Ireland,2011,urb_typ,urban typology,no unit,
4304,IE06,Eastern and Midland Ireland,2012,typ,metabolic typology,no unit,MXG
4305,IE06,Eastern and Midland Ireland,2012,urb_typ,urban typology,no unit,
4306,IE06,Eastern and Midland Ireland,2013,typ,metabolic typology,no unit,MXG
4307,IE06,Eastern and Midland Ireland,2013,urb_typ,urban typology,no unit,
4308,IE06,Eastern and Midland Ireland,2014,typ,metabolic typology,no unit,MXG
4309,IE06,Eastern and Midland Ireland,2014,urb_typ,urban typology,no unit,
4310,IE06,Eastern and Midland Ireland,2015,typ,metabolic typology,no unit,MXG
4311,IE06,Eastern and Midland Ireland,2015,urb_typ,urban typology,no unit,
4312,IE06,Eastern and Midland Ireland,2016,typ,metabolic typology,no unit,MXG
4313,IE06,Eastern and Midland Ireland,2016,urb_typ,urban typology,no unit,
4314,IE06,Eastern and Midland Ireland,2017,typ,metabolic typology,no unit,MXG
4315,IE06,Eastern and Midland Ireland,2017,urb_typ,urban typology,no unit,
4316,IE06,Eastern and Midland Ireland,2018,typ,metabolic typology,no unit,MXG
4317,IE06,Eastern and Midland Ireland,2018,urb_typ,urban typology,no unit,
4318,IE06,Eastern and Midland Ireland,2019,typ,metabolic typology,no unit,MXG
4319,IE06,Eastern and Midland Ireland,2019,urb_typ,urban typology,no unit,
4320,ITC,Nord-Ovest Italia,1990,typ,metabolic typology,no unit,MXF
4321,ITC,Nord-Ovest Italia,1990,urb_typ,urban typology,no unit,
4322,ITC,Nord-Ovest Italia,1991,typ,metabolic typology,no unit,LVK
4323,ITC,Nord-Ovest Italia,1991,urb_typ,urban typology,no unit,
4324,ITC,Nord-Ovest Italia,1992,typ,metabolic typology,no unit,MXF
4325,ITC,Nord-Ovest Italia,1992,urb_typ,urban typology,no unit,
4326,ITC,Nord-Ovest Italia,1993,typ,metabolic typology,no unit,LVK
4327,ITC,Nord-Ovest Italia,1993,urb_typ,urban typology,no unit,
4328,ITC,Nord-Ovest Italia,1994,typ,metabolic typology,no unit,LVK
4329,ITC,Nord-Ovest Italia,1994,urb_typ,urban typology,no unit,
4330,ITC,Nord-Ovest Italia,1995,typ,metabolic typology,no unit,LVK
4331,ITC,Nord-Ovest Italia,1995,urb_typ,urban typology,no unit,
4332,ITC,Nord-Ovest Italia,1996,typ,metabolic typology,no unit,LVK
4333,ITC,Nord-Ovest Italia,1996,urb_typ,urban typology,no unit,
4334,ITC,Nord-Ovest Italia,1997,typ,metabolic typology,no unit,LVK
4335,ITC,Nord-Ovest Italia,1997,urb_typ,urban typology,no unit,
4336,ITC,Nord-Ovest Italia,1998,typ,metabolic typology,no unit,LVK
4337,ITC,Nord-Ovest Italia,1998,urb_typ,urban typology,no unit,
4338,ITC,Nord-Ovest Italia,1999,typ,metabolic typology,no unit,LVK
4339,ITC,Nord-Ovest Italia,1999,urb_typ,urban typology,no unit,
4340,ITC,Nord-Ovest Italia,2000,typ,metabolic typology,no unit,MXF
4341,ITC,Nord-Ovest Italia,2000,urb_typ,urban typology,no unit,
4342,ITC,Nord-Ovest Italia,2001,typ,metabolic typology,no unit,LVK
4343,ITC,Nord-Ovest Italia,2001,urb_typ,urban typology,no unit,
4344,ITC,Nord-Ovest Italia,2002,typ,metabolic typology,no unit,LVK
4345,ITC,Nord-Ovest Italia,2002,urb_typ,urban typology,no unit,
4346,ITC,Nord-Ovest Italia,2003,typ,metabolic typology,no unit,LVK
4347,ITC,Nord-Ovest Italia,2003,urb_typ,urban typology,no unit,
4348,ITC,Nord-Ovest Italia,2004,typ,metabolic typology,no unit,LVK
4349,ITC,Nord-Ovest Italia,2004,urb_typ,urban typology,no unit,
4350,ITC,Nord-Ovest Italia,2005,typ,metabolic typology,no unit,LVK
4351,ITC,Nord-Ovest Italia,2005,urb_typ,urban typology,no unit,
4352,ITC,Nord-Ovest Italia,2006,typ,metabolic typology,no unit,LVK
4353,ITC,Nord-Ovest Italia,2006,urb_typ,urban typology,no unit,
4354,ITC,Nord-Ovest Italia,2007,typ,metabolic typology,no unit,LVK
4355,ITC,Nord-Ovest Italia,2007,urb_typ,urban typology,no unit,
4356,ITC,Nord-Ovest Italia,2008,typ,metabolic typology,no unit,LVK
4357,ITC,Nord-Ovest Italia,2008,urb_typ,urban typology,no unit,
4358,ITC,Nord-Ovest Italia,2009,typ,metabolic typology,no unit,LVK
4359,ITC,Nord-Ovest Italia,2009,urb_typ,urban typology,no unit,
4360,ITC,Nord-Ovest Italia,2010,typ,metabolic typology,no unit,LVK
4361,ITC,Nord-Ovest Italia,2010,urb_typ,urban typology,no unit,
4362,ITC,Nord-Ovest Italia,2011,typ,metabolic typology,no unit,LVK
4363,ITC,Nord-Ovest Italia,2011,urb_typ,urban typology,no unit,
4364,ITC,Nord-Ovest Italia,2012,typ,metabolic typology,no unit,LVK
4365,ITC,Nord-Ovest Italia,2012,urb_typ,urban typology,no unit,
4366,ITC,Nord-Ovest Italia,2013,typ,metabolic typology,no unit,LVK
4367,ITC,Nord-Ovest Italia,2013,urb_typ,urban typology,no unit,
4368,ITC,Nord-Ovest Italia,2014,typ,metabolic typology,no unit,LVK
4369,ITC,Nord-Ovest Italia,2014,urb_typ,urban typology,no unit,
4370,ITC,Nord-Ovest Italia,2015,typ,metabolic typology,no unit,LVK
4371,ITC,Nord-Ovest Italia,2015,urb_typ,urban typology,no unit,
4372,ITC,Nord-Ovest Italia,2016,typ,metabolic typology,no unit,LVK
4373,ITC,Nord-Ovest Italia,2016,urb_typ,urban typology,no unit,
4374,ITC,Nord-Ovest Italia,2017,typ,metabolic typology,no unit,LVK
4375,ITC,Nord-Ovest Italia,2017,urb_typ,urban typology,no unit,
4376,ITC,Nord-Ovest Italia,2018,typ,metabolic typology,no unit,LVK
4377,ITC,Nord-Ovest Italia,2018,urb_typ,urban typology,no unit,
4378,ITC,Nord-Ovest Italia,2019,typ,metabolic typology,no unit,LVK
4379,ITC,Nord-Ovest Italia,2019,urb_typ,urban typology,no unit,
4380,ITF,Sud Italia,1990,typ,metabolic typology,no unit,DSG
4381,ITF,Sud Italia,1990,urb_typ,urban typology,no unit,
4382,ITF,Sud Italia,1991,typ,metabolic typology,no unit,DSG
4383,ITF,Sud Italia,1991,urb_typ,urban typology,no unit,
4384,ITF,Sud Italia,1992,typ,metabolic typology,no unit,DSG
4385,ITF,Sud Italia,1992,urb_typ,urban typology,no unit,
4386,ITF,Sud Italia,1993,typ,metabolic typology,no unit,DSG
4387,ITF,Sud Italia,1993,urb_typ,urban typology,no unit,
4388,ITF,Sud Italia,1994,typ,metabolic typology,no unit,DSG
4389,ITF,Sud Italia,1994,urb_typ,urban typology,no unit,
4390,ITF,Sud Italia,1995,typ,metabolic typology,no unit,DSG
4391,ITF,Sud Italia,1995,urb_typ,urban typology,no unit,
4392,ITF,Sud Italia,1996,typ,metabolic typology,no unit,DSG
4393,ITF,Sud Italia,1996,urb_typ,urban typology,no unit,
4394,ITF,Sud Italia,1997,typ,metabolic typology,no unit,DSG
4395,ITF,Sud Italia,1997,urb_typ,urban typology,no unit,
4396,ITF,Sud Italia,1998,typ,metabolic typology,no unit,DSG
4397,ITF,Sud Italia,1998,urb_typ,urban typology,no unit,
4398,ITF,Sud Italia,1999,typ,metabolic typology,no unit,DSG
4399,ITF,Sud Italia,1999,urb_typ,urban typology,no unit,
4400,ITF,Sud Italia,2000,typ,metabolic typology,no unit,DSG
4401,ITF,Sud Italia,2000,urb_typ,urban typology,no unit,
4402,ITF,Sud Italia,2001,typ,metabolic typology,no unit,DSG
4403,ITF,Sud Italia,2001,urb_typ,urban typology,no unit,
4404,ITF,Sud Italia,2002,typ,metabolic typology,no unit,DSG
4405,ITF,Sud Italia,2002,urb_typ,urban typology,no unit,
4406,ITF,Sud Italia,2003,typ,metabolic typology,no unit,DSG
4407,ITF,Sud Italia,2003,urb_typ,urban typology,no unit,
4408,ITF,Sud Italia,2004,typ,metabolic typology,no unit,DSG
4409,ITF,Sud Italia,2004,urb_typ,urban typology,no unit,
4410,ITF,Sud Italia,2005,typ,metabolic typology,no unit,DSG
4411,ITF,Sud Italia,2005,urb_typ,urban typology,no unit,
4412,ITF,Sud Italia,2006,typ,metabolic typology,no unit,DSG
4413,ITF,Sud Italia,2006,urb_typ,urban typology,no unit,
4414,ITF,Sud Italia,2007,typ,metabolic typology,no unit,DSG
4415,ITF,Sud Italia,2007,urb_typ,urban typology,no unit,
4416,ITF,Sud Italia,2008,typ,metabolic typology,no unit,DSG
4417,ITF,Sud Italia,2008,urb_typ,urban typology,no unit,
4418,ITF,Sud Italia,2009,typ,metabolic typology,no unit,DSG
4419,ITF,Sud Italia,2009,urb_typ,urban typology,no unit,
4420,ITF,Sud Italia,2010,typ,metabolic typology,no unit,DSG
4421,ITF,Sud Italia,2010,urb_typ,urban typology,no unit,
4422,ITF,Sud Italia,2011,typ,metabolic typology,no unit,DSG
4423,ITF,Sud Italia,2011,urb_typ,urban typology,no unit,
4424,ITF,Sud Italia,2012,typ,metabolic typology,no unit,MXF
4425,ITF,Sud Italia,2012,urb_typ,urban typology,no unit,
4426,ITF,Sud Italia,2013,typ,metabolic typology,no unit,MXF
4427,ITF,Sud Italia,2013,urb_typ,urban typology,no unit,
4428,ITF,Sud Italia,2014,typ,metabolic typology,no unit,MXF
4429,ITF,Sud Italia,2014,urb_typ,urban typology,no unit,
4430,ITF,Sud Italia,2015,typ,metabolic typology,no unit,MXF
4431,ITF,Sud Italia,2015,urb_typ,urban typology,no unit,
4432,ITF,Sud Italia,2016,typ,metabolic typology,no unit,MXF
4433,ITF,Sud Italia,2016,urb_typ,urban typology,no unit,
4434,ITF,Sud Italia,2017,typ,metabolic typology,no unit,MXF
4435,ITF,Sud Italia,2017,urb_typ,urban typology,no unit,
4436,ITF,Sud Italia,2018,typ,metabolic typology,no unit,DSG
4437,ITF,Sud Italia,2018,urb_typ,urban typology,no unit,
4438,ITF,Sud Italia,2019,typ,metabolic typology,no unit,DSG
4439,ITF,Sud Italia,2019,urb_typ,urban typology,no unit,
4440,ITG,Isole Italia,1990,typ,metabolic typology,no unit,MXF
4441,ITG,Isole Italia,1990,urb_typ,urban typology,no unit,
4442,ITG,Isole Italia,1991,typ,metabolic typology,no unit,MXF
4443,ITG,Isole Italia,1991,urb_typ,urban typology,no unit,
4444,ITG,Isole Italia,1992,typ,metabolic typology,no unit,MXF
4445,ITG,Isole Italia,1992,urb_typ,urban typology,no unit,
4446,ITG,Isole Italia,1993,typ,metabolic typology,no unit,MXF
4447,ITG,Isole Italia,1993,urb_typ,urban typology,no unit,
4448,ITG,Isole Italia,1994,typ,metabolic typology,no unit,MXF
4449,ITG,Isole Italia,1994,urb_typ,urban typology,no unit,
4450,ITG,Isole Italia,1995,typ,metabolic typology,no unit,MXF
4451,ITG,Isole Italia,1995,urb_typ,urban typology,no unit,
4452,ITG,Isole Italia,1996,typ,metabolic typology,no unit,MXF
4453,ITG,Isole Italia,1996,urb_typ,urban typology,no unit,
4454,ITG,Isole Italia,1997,typ,metabolic typology,no unit,DSG
4455,ITG,Isole Italia,1997,urb_typ,urban typology,no unit,
4456,ITG,Isole Italia,1998,typ,metabolic typology,no unit,DSG
4457,ITG,Isole Italia,1998,urb_typ,urban typology,no unit,
4458,ITG,Isole Italia,1999,typ,metabolic typology,no unit,DSG
4459,ITG,Isole Italia,1999,urb_typ,urban typology,no unit,
4460,ITG,Isole Italia,2000,typ,metabolic typology,no unit,MXF
4461,ITG,Isole Italia,2000,urb_typ,urban typology,no unit,
4462,ITG,Isole Italia,2001,typ,metabolic typology,no unit,MXF
4463,ITG,Isole Italia,2001,urb_typ,urban typology,no unit,
4464,ITG,Isole Italia,2002,typ,metabolic typology,no unit,MXF
4465,ITG,Isole Italia,2002,urb_typ,urban typology,no unit,
4466,ITG,Isole Italia,2003,typ,metabolic typology,no unit,MXF
4467,ITG,Isole Italia,2003,urb_typ,urban typology,no unit,
4468,ITG,Isole Italia,2004,typ,metabolic typology,no unit,MXF
4469,ITG,Isole Italia,2004,urb_typ,urban typology,no unit,
4470,ITG,Isole Italia,2005,typ,metabolic typology,no unit,MXF
4471,ITG,Isole Italia,2005,urb_typ,urban typology,no unit,
4472,ITG,Isole Italia,2006,typ,metabolic typology,no unit,MXF
4473,ITG,Isole Italia,2006,urb_typ,urban typology,no unit,
4474,ITG,Isole Italia,2007,typ,metabolic typology,no unit,MXF
4475,ITG,Isole Italia,2007,urb_typ,urban typology,no unit,
4476,ITG,Isole Italia,2008,typ,metabolic typology,no unit,MXF
4477,ITG,Isole Italia,2008,urb_typ,urban typology,no unit,
4478,ITG,Isole Italia,2009,typ,metabolic typology,no unit,MXF
4479,ITG,Isole Italia,2009,urb_typ,urban typology,no unit,
4480,ITG,Isole Italia,2010,typ,metabolic typology,no unit,MXF
4481,ITG,Isole Italia,2010,urb_typ,urban typology,no unit,
4482,ITG,Isole Italia,2011,typ,metabolic typology,no unit,MXF
4483,ITG,Isole Italia,2011,urb_typ,urban typology,no unit,
4484,ITG,Isole Italia,2012,typ,metabolic typology,no unit,MXF
4485,ITG,Isole Italia,2012,urb_typ,urban typology,no unit,
4486,ITG,Isole Italia,2013,typ,metabolic typology,no unit,MXF
4487,ITG,Isole Italia,2013,urb_typ,urban typology,no unit,
4488,ITG,Isole Italia,2014,typ,metabolic typology,no unit,MXF
4489,ITG,Isole Italia,2014,urb_typ,urban typology,no unit,
4490,ITG,Isole Italia,2015,typ,metabolic typology,no unit,MXF
4491,ITG,Isole Italia,2015,urb_typ,urban typology,no unit,
4492,ITG,Isole Italia,2016,typ,metabolic typology,no unit,MXF
4493,ITG,Isole Italia,2016,urb_typ,urban typology,no unit,
4494,ITG,Isole Italia,2017,typ,metabolic typology,no unit,MXF
4495,ITG,Isole Italia,2017,urb_typ,urban typology,no unit,
4496,ITG,Isole Italia,2018,typ,metabolic typology,no unit,MXF
4497,ITG,Isole Italia,2018,urb_typ,urban typology,no unit,
4498,ITG,Isole Italia,2019,typ,metabolic typology,no unit,MXF
4499,ITG,Isole Italia,2019,urb_typ,urban typology,no unit,
4500,ITH,Nord-Est Italia,1990,typ,metabolic typology,no unit,DSG
4501,ITH,Nord-Est Italia,1990,urb_typ,urban typology,no unit,
4502,ITH,Nord-Est Italia,1991,typ,metabolic typology,no unit,DSG
4503,ITH,Nord-Est Italia,1991,urb_typ,urban typology,no unit,
4504,ITH,Nord-Est Italia,1992,typ,metabolic typology,no unit,DSG
4505,ITH,Nord-Est Italia,1992,urb_typ,urban typology,no unit,
4506,ITH,Nord-Est Italia,1993,typ,metabolic typology,no unit,DSG
4507,ITH,Nord-Est Italia,1993,urb_typ,urban typology,no unit,
4508,ITH,Nord-Est Italia,1994,typ,metabolic typology,no unit,DSG
4509,ITH,Nord-Est Italia,1994,urb_typ,urban typology,no unit,
4510,ITH,Nord-Est Italia,1995,typ,metabolic typology,no unit,DSG
4511,ITH,Nord-Est Italia,1995,urb_typ,urban typology,no unit,
4512,ITH,Nord-Est Italia,1996,typ,metabolic typology,no unit,DSG
4513,ITH,Nord-Est Italia,1996,urb_typ,urban typology,no unit,
4514,ITH,Nord-Est Italia,1997,typ,metabolic typology,no unit,DSG
4515,ITH,Nord-Est Italia,1997,urb_typ,urban typology,no unit,
4516,ITH,Nord-Est Italia,1998,typ,metabolic typology,no unit,DSG
4517,ITH,Nord-Est Italia,1998,urb_typ,urban typology,no unit,
4518,ITH,Nord-Est Italia,1999,typ,metabolic typology,no unit,DSG
4519,ITH,Nord-Est Italia,1999,urb_typ,urban typology,no unit,
4520,ITH,Nord-Est Italia,2000,typ,metabolic typology,no unit,DSG
4521,ITH,Nord-Est Italia,2000,urb_typ,urban typology,no unit,
4522,ITH,Nord-Est Italia,2001,typ,metabolic typology,no unit,DSG
4523,ITH,Nord-Est Italia,2001,urb_typ,urban typology,no unit,
4524,ITH,Nord-Est Italia,2002,typ,metabolic typology,no unit,DSG
4525,ITH,Nord-Est Italia,2002,urb_typ,urban typology,no unit,
4526,ITH,Nord-Est Italia,2003,typ,metabolic typology,no unit,DSG
4527,ITH,Nord-Est Italia,2003,urb_typ,urban typology,no unit,
4528,ITH,Nord-Est Italia,2004,typ,metabolic typology,no unit,DSG
4529,ITH,Nord-Est Italia,2004,urb_typ,urban typology,no unit,
4530,ITH,Nord-Est Italia,2005,typ,metabolic typology,no unit,DSG
4531,ITH,Nord-Est Italia,2005,urb_typ,urban typology,no unit,
4532,ITH,Nord-Est Italia,2006,typ,metabolic typology,no unit,DSG
4533,ITH,Nord-Est Italia,2006,urb_typ,urban typology,no unit,
4534,ITH,Nord-Est Italia,2007,typ,metabolic typology,no unit,DSG
4535,ITH,Nord-Est Italia,2007,urb_typ,urban typology,no unit,
4536,ITH,Nord-Est Italia,2008,typ,metabolic typology,no unit,DSG
4537,ITH,Nord-Est Italia,2008,urb_typ,urban typology,no unit,
4538,ITH,Nord-Est Italia,2009,typ,metabolic typology,no unit,DSG
4539,ITH,Nord-Est Italia,2009,urb_typ,urban typology,no unit,
4540,ITH,Nord-Est Italia,2010,typ,metabolic typology,no unit,DSG
4541,ITH,Nord-Est Italia,2010,urb_typ,urban typology,no unit,
4542,ITH,Nord-Est Italia,2011,typ,metabolic typology,no unit,DSG
4543,ITH,Nord-Est Italia,2011,urb_typ,urban typology,no unit,
4544,ITH,Nord-Est Italia,2012,typ,metabolic typology,no unit,DSG
4545,ITH,Nord-Est Italia,2012,urb_typ,urban typology,no unit,
4546,ITH,Nord-Est Italia,2013,typ,metabolic typology,no unit,DSG
4547,ITH,Nord-Est Italia,2013,urb_typ,urban typology,no unit,
4548,ITH,Nord-Est Italia,2014,typ,metabolic typology,no unit,DSG
4549,ITH,Nord-Est Italia,2014,urb_typ,urban typology,no unit,
4550,ITH,Nord-Est Italia,2015,typ,metabolic typology,no unit,DSG
4551,ITH,Nord-Est Italia,2015,urb_typ,urban typology,no unit,
4552,ITH,Nord-Est Italia,2016,typ,metabolic typology,no unit,DSG
4553,ITH,Nord-Est Italia,2016,urb_typ,urban typology,no unit,
4554,ITH,Nord-Est Italia,2017,typ,metabolic typology,no unit,DSG
4555,ITH,Nord-Est Italia,2017,urb_typ,urban typology,no unit,
4556,ITH,Nord-Est Italia,2018,typ,metabolic typology,no unit,DSG
4557,ITH,Nord-Est Italia,2018,urb_typ,urban typology,no unit,
4558,ITH,Nord-Est Italia,2019,typ,metabolic typology,no unit,DSG
4559,ITH,Nord-Est Italia,2019,urb_typ,urban typology,no unit,
4560,ITI,Centro Italia,1990,typ,metabolic typology,no unit,SCS
4561,ITI,Centro Italia,1990,urb_typ,urban typology,no unit,
4562,ITI,Centro Italia,1991,typ,metabolic typology,no unit,SCS
4563,ITI,Centro Italia,1991,urb_typ,urban typology,no unit,
4564,ITI,Centro Italia,1992,typ,metabolic typology,no unit,SCS
4565,ITI,Centro Italia,1992,urb_typ,urban typology,no unit,
4566,ITI,Centro Italia,1993,typ,metabolic typology,no unit,SCS
4567,ITI,Centro Italia,1993,urb_typ,urban typology,no unit,
4568,ITI,Centro Italia,1994,typ,metabolic typology,no unit,SCS
4569,ITI,Centro Italia,1994,urb_typ,urban typology,no unit,
4570,ITI,Centro Italia,1995,typ,metabolic typology,no unit,SCS
4571,ITI,Centro Italia,1995,urb_typ,urban typology,no unit,
4572,ITI,Centro Italia,1996,typ,metabolic typology,no unit,SCS
4573,ITI,Centro Italia,1996,urb_typ,urban typology,no unit,
4574,ITI,Centro Italia,1997,typ,metabolic typology,no unit,SCS
4575,ITI,Centro Italia,1997,urb_typ,urban typology,no unit,
4576,ITI,Centro Italia,1998,typ,metabolic typology,no unit,SCS
4577,ITI,Centro Italia,1998,urb_typ,urban typology,no unit,
4578,ITI,Centro Italia,1999,typ,metabolic typology,no unit,SCS
4579,ITI,Centro Italia,1999,urb_typ,urban typology,no unit,
4580,ITI,Centro Italia,2000,typ,metabolic typology,no unit,SCS
4581,ITI,Centro Italia,2000,urb_typ,urban typology,no unit,
4582,ITI,Centro Italia,2001,typ,metabolic typology,no unit,DSG
4583,ITI,Centro Italia,2001,urb_typ,urban typology,no unit,
4584,ITI,Centro Italia,2002,typ,metabolic typology,no unit,SCS
4585,ITI,Centro Italia,2002,urb_typ,urban typology,no unit,
4586,ITI,Centro Italia,2003,typ,metabolic typology,no unit,DSG
4587,ITI,Centro Italia,2003,urb_typ,urban typology,no unit,
4588,ITI,Centro Italia,2004,typ,metabolic typology,no unit,SCS
4589,ITI,Centro Italia,2004,urb_typ,urban typology,no unit,
4590,ITI,Centro Italia,2005,typ,metabolic typology,no unit,SCS
4591,ITI,Centro Italia,2005,urb_typ,urban typology,no unit,
4592,ITI,Centro Italia,2006,typ,metabolic typology,no unit,DSG
4593,ITI,Centro Italia,2006,urb_typ,urban typology,no unit,
4594,ITI,Centro Italia,2007,typ,metabolic typology,no unit,DSG
4595,ITI,Centro Italia,2007,urb_typ,urban typology,no unit,
4596,ITI,Centro Italia,2008,typ,metabolic typology,no unit,SCS
4597,ITI,Centro Italia,2008,urb_typ,urban typology,no unit,
4598,ITI,Centro Italia,2009,typ,metabolic typology,no unit,DSG
4599,ITI,Centro Italia,2009,urb_typ,urban typology,no unit,
4600,ITI,Centro Italia,2010,typ,metabolic typology,no unit,DSG
4601,ITI,Centro Italia,2010,urb_typ,urban typology,no unit,
4602,ITI,Centro Italia,2011,typ,metabolic typology,no unit,DSG
4603,ITI,Centro Italia,2011,urb_typ,urban typology,no unit,
4604,ITI,Centro Italia,2012,typ,metabolic typology,no unit,DSG
4605,ITI,Centro Italia,2012,urb_typ,urban typology,no unit,
4606,ITI,Centro Italia,2013,typ,metabolic typology,no unit,DSG
4607,ITI,Centro Italia,2013,urb_typ,urban typology,no unit,
4608,ITI,Centro Italia,2014,typ,metabolic typology,no unit,SCS
4609,ITI,Centro Italia,2014,urb_typ,urban typology,no unit,
4610,ITI,Centro Italia,2015,typ,metabolic typology,no unit,SCS
4611,ITI,Centro Italia,2015,urb_typ,urban typology,no unit,
4612,ITI,Centro Italia,2016,typ,metabolic typology,no unit,SCS
4613,ITI,Centro Italia,2016,urb_typ,urban typology,no unit,
4614,ITI,Centro Italia,2017,typ,metabolic typology,no unit,SCS
4615,ITI,Centro Italia,2017,urb_typ,urban typology,no unit,
4616,ITI,Centro Italia,2018,typ,metabolic typology,no unit,SCS
4617,ITI,Centro Italia,2018,urb_typ,urban typology,no unit,
4618,ITI,Centro Italia,2019,typ,metabolic typology,no unit,SCS
4619,ITI,Centro Italia,2019,urb_typ,urban typology,no unit,
4620,LT,Lithuania,1990,typ,metabolic typology,no unit,MXF
4621,LT,Lithuania,1990,urb_typ,urban typology,no unit,
4622,LT,Lithuania,1991,typ,metabolic typology,no unit,MXF
4623,LT,Lithuania,1991,urb_typ,urban typology,no unit,
4624,LT,Lithuania,1992,typ,metabolic typology,no unit,DSG
4625,LT,Lithuania,1992,urb_typ,urban typology,no unit,
4626,LT,Lithuania,1993,typ,metabolic typology,no unit,MXF
4627,LT,Lithuania,1993,urb_typ,urban typology,no unit,
4628,LT,Lithuania,1994,typ,metabolic typology,no unit,DSG
4629,LT,Lithuania,1994,urb_typ,urban typology,no unit,
4630,LT,Lithuania,1995,typ,metabolic typology,no unit,SCS
4631,LT,Lithuania,1995,urb_typ,urban typology,no unit,
4632,LT,Lithuania,1996,typ,metabolic typology,no unit,SCS
4633,LT,Lithuania,1996,urb_typ,urban typology,no unit,
4634,LT,Lithuania,1997,typ,metabolic typology,no unit,SCS
4635,LT,Lithuania,1997,urb_typ,urban typology,no unit,
4636,LT,Lithuania,1998,typ,metabolic typology,no unit,SCS
4637,LT,Lithuania,1998,urb_typ,urban typology,no unit,
4638,LT,Lithuania,1999,typ,metabolic typology,no unit,SCS
4639,LT,Lithuania,1999,urb_typ,urban typology,no unit,
4640,LT,Lithuania,2000,typ,metabolic typology,no unit,SCS
4641,LT,Lithuania,2000,urb_typ,urban typology,no unit,
4642,LT,Lithuania,2001,typ,metabolic typology,no unit,MXG
4643,LT,Lithuania,2001,urb_typ,urban typology,no unit,
4644,LT,Lithuania,2002,typ,metabolic typology,no unit,MXG
4645,LT,Lithuania,2002,urb_typ,urban typology,no unit,
4646,LT,Lithuania,2003,typ,metabolic typology,no unit,MXG
4647,LT,Lithuania,2003,urb_typ,urban typology,no unit,
4648,LT,Lithuania,2004,typ,metabolic typology,no unit,MXG
4649,LT,Lithuania,2004,urb_typ,urban typology,no unit,
4650,LT,Lithuania,2005,typ,metabolic typology,no unit,DSG
4651,LT,Lithuania,2005,urb_typ,urban typology,no unit,
4652,LT,Lithuania,2006,typ,metabolic typology,no unit,DSG
4653,LT,Lithuania,2006,urb_typ,urban typology,no unit,
4654,LT,Lithuania,2007,typ,metabolic typology,no unit,DSG
4655,LT,Lithuania,2007,urb_typ,urban typology,no unit,
4656,LT,Lithuania,2008,typ,metabolic typology,no unit,DSG
4657,LT,Lithuania,2008,urb_typ,urban typology,no unit,
4658,LT,Lithuania,2009,typ,metabolic typology,no unit,SCS
4659,LT,Lithuania,2009,urb_typ,urban typology,no unit,
4660,LT,Lithuania,2010,typ,metabolic typology,no unit,SCS
4661,LT,Lithuania,2010,urb_typ,urban typology,no unit,
4662,LT,Lithuania,2011,typ,metabolic typology,no unit,SCS
4663,LT,Lithuania,2011,urb_typ,urban typology,no unit,
4664,LT,Lithuania,2012,typ,metabolic typology,no unit,SCS
4665,LT,Lithuania,2012,urb_typ,urban typology,no unit,
4666,LT,Lithuania,2013,typ,metabolic typology,no unit,SCS
4667,LT,Lithuania,2013,urb_typ,urban typology,no unit,
4668,LT,Lithuania,2014,typ,metabolic typology,no unit,SCS
4669,LT,Lithuania,2014,urb_typ,urban typology,no unit,
4670,LT,Lithuania,2015,typ,metabolic typology,no unit,SCS
4671,LT,Lithuania,2015,urb_typ,urban typology,no unit,
4672,LT,Lithuania,2016,typ,metabolic typology,no unit,SCS
4673,LT,Lithuania,2016,urb_typ,urban typology,no unit,
4674,LT,Lithuania,2017,typ,metabolic typology,no unit,SCS
4675,LT,Lithuania,2017,urb_typ,urban typology,no unit,
4676,LT,Lithuania,2018,typ,metabolic typology,no unit,SCS
4677,LT,Lithuania,2018,urb_typ,urban typology,no unit,
4678,LT,Lithuania,2019,typ,metabolic typology,no unit,SCS
4679,LT,Lithuania,2019,urb_typ,urban typology,no unit,
4680,LU,Luxembourg,1990,typ,metabolic typology,no unit,MXG
4681,LU,Luxembourg,1990,urb_typ,urban typology,no unit,
4682,LU,Luxembourg,1991,typ,metabolic typology,no unit,MXG
4683,LU,Luxembourg,1991,urb_typ,urban typology,no unit,
4684,LU,Luxembourg,1992,typ,metabolic typology,no unit,MXG
4685,LU,Luxembourg,1992,urb_typ,urban typology,no unit,
4686,LU,Luxembourg,1993,typ,metabolic typology,no unit,MXG
4687,LU,Luxembourg,1993,urb_typ,urban typology,no unit,
4688,LU,Luxembourg,1994,typ,metabolic typology,no unit,MXG
4689,LU,Luxembourg,1994,urb_typ,urban typology,no unit,
4690,LU,Luxembourg,1995,typ,metabolic typology,no unit,MXG
4691,LU,Luxembourg,1995,urb_typ,urban typology,no unit,
4692,LU,Luxembourg,1996,typ,metabolic typology,no unit,MXG
4693,LU,Luxembourg,1996,urb_typ,urban typology,no unit,
4694,LU,Luxembourg,1997,typ,metabolic typology,no unit,MXG
4695,LU,Luxembourg,1997,urb_typ,urban typology,no unit,
4696,LU,Luxembourg,1998,typ,metabolic typology,no unit,MXG
4697,LU,Luxembourg,1998,urb_typ,urban typology,no unit,
4698,LU,Luxembourg,1999,typ,metabolic typology,no unit,MXG
4699,LU,Luxembourg,1999,urb_typ,urban typology,no unit,
4700,LU,Luxembourg,2000,typ,metabolic typology,no unit,MXG
4701,LU,Luxembourg,2000,urb_typ,urban typology,no unit,
4702,LU,Luxembourg,2001,typ,metabolic typology,no unit,MXG
4703,LU,Luxembourg,2001,urb_typ,urban typology,no unit,
4704,LU,Luxembourg,2002,typ,metabolic typology,no unit,MXG
4705,LU,Luxembourg,2002,urb_typ,urban typology,no unit,
4706,LU,Luxembourg,2003,typ,metabolic typology,no unit,MXG
4707,LU,Luxembourg,2003,urb_typ,urban typology,no unit,
4708,LU,Luxembourg,2004,typ,metabolic typology,no unit,MXG
4709,LU,Luxembourg,2004,urb_typ,urban typology,no unit,
4710,LU,Luxembourg,2005,typ,metabolic typology,no unit,MXG
4711,LU,Luxembourg,2005,urb_typ,urban typology,no unit,
4712,LU,Luxembourg,2006,typ,metabolic typology,no unit,MXG
4713,LU,Luxembourg,2006,urb_typ,urban typology,no unit,
4714,LU,Luxembourg,2007,typ,metabolic typology,no unit,MXG
4715,LU,Luxembourg,2007,urb_typ,urban typology,no unit,
4716,LU,Luxembourg,2008,typ,metabolic typology,no unit,MXG
4717,LU,Luxembourg,2008,urb_typ,urban typology,no unit,
4718,LU,Luxembourg,2009,typ,metabolic typology,no unit,MXG
4719,LU,Luxembourg,2009,urb_typ,urban typology,no unit,
4720,LU,Luxembourg,2010,typ,metabolic typology,no unit,MXG
4721,LU,Luxembourg,2010,urb_typ,urban typology,no unit,
4722,LU,Luxembourg,2011,typ,metabolic typology,no unit,MXG
4723,LU,Luxembourg,2011,urb_typ,urban typology,no unit,
4724,LU,Luxembourg,2012,typ,metabolic typology,no unit,MXG
4725,LU,Luxembourg,2012,urb_typ,urban typology,no unit,
4726,LU,Luxembourg,2013,typ,metabolic typology,no unit,MXG
4727,LU,Luxembourg,2013,urb_typ,urban typology,no unit,
4728,LU,Luxembourg,2014,typ,metabolic typology,no unit,MXG
4729,LU,Luxembourg,2014,urb_typ,urban typology,no unit,
4730,LU,Luxembourg,2015,typ,metabolic typology,no unit,MXG
4731,LU,Luxembourg,2015,urb_typ,urban typology,no unit,
4732,LU,Luxembourg,2016,typ,metabolic typology,no unit,MXG
4733,LU,Luxembourg,2016,urb_typ,urban typology,no unit,
4734,LU,Luxembourg,2017,typ,metabolic typology,no unit,MXG
4735,LU,Luxembourg,2017,urb_typ,urban typology,no unit,
4736,LU,Luxembourg,2018,typ,metabolic typology,no unit,MXG
4737,LU,Luxembourg,2018,urb_typ,urban typology,no unit,
4738,LU,Luxembourg,2019,typ,metabolic typology,no unit,MXG
4739,LU,Luxembourg,2019,urb_typ,urban typology,no unit,
4740,LV,Latvija,1990,typ,metabolic typology,no unit,MXG
4741,LV,Latvija,1990,urb_typ,urban typology,no unit,
4742,LV,Latvija,1991,typ,metabolic typology,no unit,MXG
4743,LV,Latvija,1991,urb_typ,urban typology,no unit,
4744,LV,Latvija,1992,typ,metabolic typology,no unit,MXG
4745,LV,Latvija,1992,urb_typ,urban typology,no unit,
4746,LV,Latvija,1993,typ,metabolic typology,no unit,SCS
4747,LV,Latvija,1993,urb_typ,urban typology,no unit,
4748,LV,Latvija,1994,typ,metabolic typology,no unit,SCS
4749,LV,Latvija,1994,urb_typ,urban typology,no unit,
4750,LV,Latvija,1995,typ,metabolic typology,no unit,SCS
4751,LV,Latvija,1995,urb_typ,urban typology,no unit,
4752,LV,Latvija,1996,typ,metabolic typology,no unit,SCS
4753,LV,Latvija,1996,urb_typ,urban typology,no unit,
4754,LV,Latvija,1997,typ,metabolic typology,no unit,SCS
4755,LV,Latvija,1997,urb_typ,urban typology,no unit,
4756,LV,Latvija,1998,typ,metabolic typology,no unit,SCS
4757,LV,Latvija,1998,urb_typ,urban typology,no unit,
4758,LV,Latvija,1999,typ,metabolic typology,no unit,SCS
4759,LV,Latvija,1999,urb_typ,urban typology,no unit,
4760,LV,Latvija,2000,typ,metabolic typology,no unit,SCS
4761,LV,Latvija,2000,urb_typ,urban typology,no unit,
4762,LV,Latvija,2001,typ,metabolic typology,no unit,SCS
4763,LV,Latvija,2001,urb_typ,urban typology,no unit,
4764,LV,Latvija,2002,typ,metabolic typology,no unit,SCS
4765,LV,Latvija,2002,urb_typ,urban typology,no unit,
4766,LV,Latvija,2003,typ,metabolic typology,no unit,SCS
4767,LV,Latvija,2003,urb_typ,urban typology,no unit,
4768,LV,Latvija,2004,typ,metabolic typology,no unit,SCS
4769,LV,Latvija,2004,urb_typ,urban typology,no unit,
4770,LV,Latvija,2005,typ,metabolic typology,no unit,SCS
4771,LV,Latvija,2005,urb_typ,urban typology,no unit,
4772,LV,Latvija,2006,typ,metabolic typology,no unit,SCS
4773,LV,Latvija,2006,urb_typ,urban typology,no unit,
4774,LV,Latvija,2007,typ,metabolic typology,no unit,SCS
4775,LV,Latvija,2007,urb_typ,urban typology,no unit,
4776,LV,Latvija,2008,typ,metabolic typology,no unit,SCS
4777,LV,Latvija,2008,urb_typ,urban typology,no unit,
4778,LV,Latvija,2009,typ,metabolic typology,no unit,SCS
4779,LV,Latvija,2009,urb_typ,urban typology,no unit,
4780,LV,Latvija,2010,typ,metabolic typology,no unit,SCS
4781,LV,Latvija,2010,urb_typ,urban typology,no unit,
4782,LV,Latvija,2011,typ,metabolic typology,no unit,SCS
4783,LV,Latvija,2011,urb_typ,urban typology,no unit,
4784,LV,Latvija,2012,typ,metabolic typology,no unit,SCS
4785,LV,Latvija,2012,urb_typ,urban typology,no unit,
4786,LV,Latvija,2013,typ,metabolic typology,no unit,SCS
4787,LV,Latvija,2013,urb_typ,urban typology,no unit,
4788,LV,Latvija,2014,typ,metabolic typology,no unit,SCS
4789,LV,Latvija,2014,urb_typ,urban typology,no unit,
4790,LV,Latvija,2015,typ,metabolic typology,no unit,SCS
4791,LV,Latvija,2015,urb_typ,urban typology,no unit,
4792,LV,Latvija,2016,typ,metabolic typology,no unit,SCS
4793,LV,Latvija,2016,urb_typ,urban typology,no unit,
4794,LV,Latvija,2017,typ,metabolic typology,no unit,SCS
4795,LV,Latvija,2017,urb_typ,urban typology,no unit,
4796,LV,Latvija,2018,typ,metabolic typology,no unit,SCS
4797,LV,Latvija,2018,urb_typ,urban typology,no unit,
4798,LV,Latvija,2019,typ,metabolic typology,no unit,SCS
4799,LV,Latvija,2019,urb_typ,urban typology,no unit,
4800,MK,North Macedonia,1990,typ,metabolic typology,no unit,DSG
4801,MK,North Macedonia,1990,urb_typ,urban typology,no unit,
4802,MK,North Macedonia,1991,typ,metabolic typology,no unit,DSG
4803,MK,North Macedonia,1991,urb_typ,urban typology,no unit,
4804,MK,North Macedonia,1992,typ,metabolic typology,no unit,DSG
4805,MK,North Macedonia,1992,urb_typ,urban typology,no unit,
4806,MK,North Macedonia,1993,typ,metabolic typology,no unit,DSG
4807,MK,North Macedonia,1993,urb_typ,urban typology,no unit,
4808,MK,North Macedonia,1994,typ,metabolic typology,no unit,DSG
4809,MK,North Macedonia,1994,urb_typ,urban typology,no unit,
4810,MK,North Macedonia,1995,typ,metabolic typology,no unit,DSG
4811,MK,North Macedonia,1995,urb_typ,urban typology,no unit,
4812,MK,North Macedonia,1996,typ,metabolic typology,no unit,DSG
4813,MK,North Macedonia,1996,urb_typ,urban typology,no unit,
4814,MK,North Macedonia,1997,typ,metabolic typology,no unit,DSG
4815,MK,North Macedonia,1997,urb_typ,urban typology,no unit,
4816,MK,North Macedonia,1998,typ,metabolic typology,no unit,DSG
4817,MK,North Macedonia,1998,urb_typ,urban typology,no unit,
4818,MK,North Macedonia,1999,typ,metabolic typology,no unit,DSG
4819,MK,North Macedonia,1999,urb_typ,urban typology,no unit,
4820,MK,North Macedonia,2000,typ,metabolic typology,no unit,DSG
4821,MK,North Macedonia,2000,urb_typ,urban typology,no unit,
4822,MK,North Macedonia,2001,typ,metabolic typology,no unit,DSG
4823,MK,North Macedonia,2001,urb_typ,urban typology,no unit,
4824,MK,North Macedonia,2002,typ,metabolic typology,no unit,DSG
4825,MK,North Macedonia,2002,urb_typ,urban typology,no unit,
4826,MK,North Macedonia,2003,typ,metabolic typology,no unit,DSG
4827,MK,North Macedonia,2003,urb_typ,urban typology,no unit,
4828,MK,North Macedonia,2004,typ,metabolic typology,no unit,DSG
4829,MK,North Macedonia,2004,urb_typ,urban typology,no unit,
4830,MK,North Macedonia,2005,typ,metabolic typology,no unit,DSG
4831,MK,North Macedonia,2005,urb_typ,urban typology,no unit,
4832,MK,North Macedonia,2006,typ,metabolic typology,no unit,DSG
4833,MK,North Macedonia,2006,urb_typ,urban typology,no unit,
4834,MK,North Macedonia,2007,typ,metabolic typology,no unit,DSG
4835,MK,North Macedonia,2007,urb_typ,urban typology,no unit,
4836,MK,North Macedonia,2008,typ,metabolic typology,no unit,DSG
4837,MK,North Macedonia,2008,urb_typ,urban typology,no unit,
4838,MK,North Macedonia,2009,typ,metabolic typology,no unit,DSG
4839,MK,North Macedonia,2009,urb_typ,urban typology,no unit,
4840,MK,North Macedonia,2010,typ,metabolic typology,no unit,DSG
4841,MK,North Macedonia,2010,urb_typ,urban typology,no unit,
4842,MK,North Macedonia,2011,typ,metabolic typology,no unit,DSG
4843,MK,North Macedonia,2011,urb_typ,urban typology,no unit,
4844,MK,North Macedonia,2012,typ,metabolic typology,no unit,DSG
4845,MK,North Macedonia,2012,urb_typ,urban typology,no unit,
4846,MK,North Macedonia,2013,typ,metabolic typology,no unit,DSG
4847,MK,North Macedonia,2013,urb_typ,urban typology,no unit,
4848,MK,North Macedonia,2014,typ,metabolic typology,no unit,DSG
4849,MK,North Macedonia,2014,urb_typ,urban typology,no unit,
4850,MK,North Macedonia,2015,typ,metabolic typology,no unit,DSG
4851,MK,North Macedonia,2015,urb_typ,urban typology,no unit,
4852,MK,North Macedonia,2016,typ,metabolic typology,no unit,DSG
4853,MK,North Macedonia,2016,urb_typ,urban typology,no unit,
4854,MK,North Macedonia,2017,typ,metabolic typology,no unit,DSG
4855,MK,North Macedonia,2017,urb_typ,urban typology,no unit,
4856,MK,North Macedonia,2018,typ,metabolic typology,no unit,LVK
4857,MK,North Macedonia,2018,urb_typ,urban typology,no unit,
4858,MK,North Macedonia,2019,typ,metabolic typology,no unit,DSG
4859,MK,North Macedonia,2019,urb_typ,urban typology,no unit,
4860,NL,Nederland,1990,typ,metabolic typology,no unit,LVK
4861,NL,Nederland,1990,urb_typ,urban typology,no unit,
4862,NL,Nederland,1991,typ,metabolic typology,no unit,LVK
4863,NL,Nederland,1991,urb_typ,urban typology,no unit,
4864,NL,Nederland,1992,typ,metabolic typology,no unit,LVK
4865,NL,Nederland,1992,urb_typ,urban typology,no unit,
4866,NL,Nederland,1993,typ,metabolic typology,no unit,LVK
4867,NL,Nederland,1993,urb_typ,urban typology,no unit,
4868,NL,Nederland,1994,typ,metabolic typology,no unit,LVK
4869,NL,Nederland,1994,urb_typ,urban typology,no unit,
4870,NL,Nederland,1995,typ,metabolic typology,no unit,LVK
4871,NL,Nederland,1995,urb_typ,urban typology,no unit,
4872,NL,Nederland,1996,typ,metabolic typology,no unit,LVK
4873,NL,Nederland,1996,urb_typ,urban typology,no unit,
4874,NL,Nederland,1997,typ,metabolic typology,no unit,LVK
4875,NL,Nederland,1997,urb_typ,urban typology,no unit,
4876,NL,Nederland,1998,typ,metabolic typology,no unit,LVK
4877,NL,Nederland,1998,urb_typ,urban typology,no unit,
4878,NL,Nederland,1999,typ,metabolic typology,no unit,LVK
4879,NL,Nederland,1999,urb_typ,urban typology,no unit,
4880,NL,Nederland,2000,typ,metabolic typology,no unit,LVK
4881,NL,Nederland,2000,urb_typ,urban typology,no unit,
4882,NL,Nederland,2001,typ,metabolic typology,no unit,LVK
4883,NL,Nederland,2001,urb_typ,urban typology,no unit,
4884,NL,Nederland,2002,typ,metabolic typology,no unit,LVK
4885,NL,Nederland,2002,urb_typ,urban typology,no unit,
4886,NL,Nederland,2003,typ,metabolic typology,no unit,LVK
4887,NL,Nederland,2003,urb_typ,urban typology,no unit,
4888,NL,Nederland,2004,typ,metabolic typology,no unit,LVK
4889,NL,Nederland,2004,urb_typ,urban typology,no unit,
4890,NL,Nederland,2005,typ,metabolic typology,no unit,LVK
4891,NL,Nederland,2005,urb_typ,urban typology,no unit,
4892,NL,Nederland,2006,typ,metabolic typology,no unit,LVK
4893,NL,Nederland,2006,urb_typ,urban typology,no unit,
4894,NL,Nederland,2007,typ,metabolic typology,no unit,LVK
4895,NL,Nederland,2007,urb_typ,urban typology,no unit,
4896,NL,Nederland,2008,typ,metabolic typology,no unit,LVK
4897,NL,Nederland,2008,urb_typ,urban typology,no unit,
4898,NL,Nederland,2009,typ,metabolic typology,no unit,LVK
4899,NL,Nederland,2009,urb_typ,urban typology,no unit,
4900,NL,Nederland,2010,typ,metabolic typology,no unit,LVK
4901,NL,Nederland,2010,urb_typ,urban typology,no unit,
4902,NL,Nederland,2011,typ,metabolic typology,no unit,LVK
4903,NL,Nederland,2011,urb_typ,urban typology,no unit,
4904,NL,Nederland,2012,typ,metabolic typology,no unit,LVK
4905,NL,Nederland,2012,urb_typ,urban typology,no unit,
4906,NL,Nederland,2013,typ,metabolic typology,no unit,LVK
4907,NL,Nederland,2013,urb_typ,urban typology,no unit,
4908,NL,Nederland,2014,typ,metabolic typology,no unit,LVK
4909,NL,Nederland,2014,urb_typ,urban typology,no unit,
4910,NL,Nederland,2015,typ,metabolic typology,no unit,LVK
4911,NL,Nederland,2015,urb_typ,urban typology,no unit,
4912,NL,Nederland,2016,typ,metabolic typology,no unit,LVK
4913,NL,Nederland,2016,urb_typ,urban typology,no unit,
4914,NL,Nederland,2017,typ,metabolic typology,no unit,LVK
4915,NL,Nederland,2017,urb_typ,urban typology,no unit,
4916,NL,Nederland,2018,typ,metabolic typology,no unit,LVK
4917,NL,Nederland,2018,urb_typ,urban typology,no unit,
4918,NL,Nederland,2019,typ,metabolic typology,no unit,LVK
4919,NL,Nederland,2019,urb_typ,urban typology,no unit,
4920,NO,Norge,1990,typ,metabolic typology,no unit,DSG
4921,NO,Norge,1990,urb_typ,urban typology,no unit,
4922,NO,Norge,1991,typ,metabolic typology,no unit,DSG
4923,NO,Norge,1991,urb_typ,urban typology,no unit,
4924,NO,Norge,1992,typ,metabolic typology,no unit,DSG
4925,NO,Norge,1992,urb_typ,urban typology,no unit,
4926,NO,Norge,1993,typ,metabolic typology,no unit,DSG
4927,NO,Norge,1993,urb_typ,urban typology,no unit,
4928,NO,Norge,1994,typ,metabolic typology,no unit,DSG
4929,NO,Norge,1994,urb_typ,urban typology,no unit,
4930,NO,Norge,1995,typ,metabolic typology,no unit,DSG
4931,NO,Norge,1995,urb_typ,urban typology,no unit,
4932,NO,Norge,1996,typ,metabolic typology,no unit,DSG
4933,NO,Norge,1996,urb_typ,urban typology,no unit,
4934,NO,Norge,1997,typ,metabolic typology,no unit,DSG
4935,NO,Norge,1997,urb_typ,urban typology,no unit,
4936,NO,Norge,1998,typ,metabolic typology,no unit,DSG
4937,NO,Norge,1998,urb_typ,urban typology,no unit,
4938,NO,Norge,1999,typ,metabolic typology,no unit,DSG
4939,NO,Norge,1999,urb_typ,urban typology,no unit,
4940,NO,Norge,2000,typ,metabolic typology,no unit,DSG
4941,NO,Norge,2000,urb_typ,urban typology,no unit,
4942,NO,Norge,2001,typ,metabolic typology,no unit,DSG
4943,NO,Norge,2001,urb_typ,urban typology,no unit,
4944,NO,Norge,2002,typ,metabolic typology,no unit,DSG
4945,NO,Norge,2002,urb_typ,urban typology,no unit,
4946,NO,Norge,2003,typ,metabolic typology,no unit,DSG
4947,NO,Norge,2003,urb_typ,urban typology,no unit,
4948,NO,Norge,2004,typ,metabolic typology,no unit,DSG
4949,NO,Norge,2004,urb_typ,urban typology,no unit,
4950,NO,Norge,2005,typ,metabolic typology,no unit,DSG
4951,NO,Norge,2005,urb_typ,urban typology,no unit,
4952,NO,Norge,2006,typ,metabolic typology,no unit,DSG
4953,NO,Norge,2006,urb_typ,urban typology,no unit,
4954,NO,Norge,2007,typ,metabolic typology,no unit,DSG
4955,NO,Norge,2007,urb_typ,urban typology,no unit,
4956,NO,Norge,2008,typ,metabolic typology,no unit,DSG
4957,NO,Norge,2008,urb_typ,urban typology,no unit,
4958,NO,Norge,2009,typ,metabolic typology,no unit,DSG
4959,NO,Norge,2009,urb_typ,urban typology,no unit,
4960,NO,Norge,2010,typ,metabolic typology,no unit,DSG
4961,NO,Norge,2010,urb_typ,urban typology,no unit,
4962,NO,Norge,2011,typ,metabolic typology,no unit,DSG
4963,NO,Norge,2011,urb_typ,urban typology,no unit,
4964,NO,Norge,2012,typ,metabolic typology,no unit,DSG
4965,NO,Norge,2012,urb_typ,urban typology,no unit,
4966,NO,Norge,2013,typ,metabolic typology,no unit,DSG
4967,NO,Norge,2013,urb_typ,urban typology,no unit,
4968,NO,Norge,2014,typ,metabolic typology,no unit,DSG
4969,NO,Norge,2014,urb_typ,urban typology,no unit,
4970,NO,Norge,2015,typ,metabolic typology,no unit,DSG
4971,NO,Norge,2015,urb_typ,urban typology,no unit,
4972,NO,Norge,2016,typ,metabolic typology,no unit,DSG
4973,NO,Norge,2016,urb_typ,urban typology,no unit,
4974,NO,Norge,2017,typ,metabolic typology,no unit,DSG
4975,NO,Norge,2017,urb_typ,urban typology,no unit,
4976,NO,Norge,2018,typ,metabolic typology,no unit,DSG
4977,NO,Norge,2018,urb_typ,urban typology,no unit,
4978,NO,Norge,2019,typ,metabolic typology,no unit,DSG
4979,NO,Norge,2019,urb_typ,urban typology,no unit,
4980,PL2,Poludniowy,1990,typ,metabolic typology,no unit,DSG
4981,PL2,Poludniowy,1990,urb_typ,urban typology,no unit,
4982,PL2,Poludniowy,1991,typ,metabolic typology,no unit,DSG
4983,PL2,Poludniowy,1991,urb_typ,urban typology,no unit,
4984,PL2,Poludniowy,1992,typ,metabolic typology,no unit,DSG
4985,PL2,Poludniowy,1992,urb_typ,urban typology,no unit,
4986,PL2,Poludniowy,1993,typ,metabolic typology,no unit,DSG
4987,PL2,Poludniowy,1993,urb_typ,urban typology,no unit,
4988,PL2,Poludniowy,1994,typ,metabolic typology,no unit,DSG
4989,PL2,Poludniowy,1994,urb_typ,urban typology,no unit,
4990,PL2,Poludniowy,1995,typ,metabolic typology,no unit,DSG
4991,PL2,Poludniowy,1995,urb_typ,urban typology,no unit,
4992,PL2,Poludniowy,1996,typ,metabolic typology,no unit,DSG
4993,PL2,Poludniowy,1996,urb_typ,urban typology,no unit,
4994,PL2,Poludniowy,1997,typ,metabolic typology,no unit,DSG
4995,PL2,Poludniowy,1997,urb_typ,urban typology,no unit,
4996,PL2,Poludniowy,1998,typ,metabolic typology,no unit,DSG
4997,PL2,Poludniowy,1998,urb_typ,urban typology,no unit,
4998,PL2,Poludniowy,1999,typ,metabolic typology,no unit,DSG
4999,PL2,Poludniowy,1999,urb_typ,urban typology,no unit,
5000,PL2,Poludniowy,2000,typ,metabolic typology,no unit,MXG
5001,PL2,Poludniowy,2000,urb_typ,urban typology,no unit,
5002,PL2,Poludniowy,2001,typ,metabolic typology,no unit,MXG
5003,PL2,Poludniowy,2001,urb_typ,urban typology,no unit,
5004,PL2,Poludniowy,2002,typ,metabolic typology,no unit,DSG
5005,PL2,Poludniowy,2002,urb_typ,urban typology,no unit,
5006,PL2,Poludniowy,2003,typ,metabolic typology,no unit,DSG
5007,PL2,Poludniowy,2003,urb_typ,urban typology,no unit,URB
5008,PL2,Poludniowy,2004,typ,metabolic typology,no unit,DSG
5009,PL2,Poludniowy,2004,urb_typ,urban typology,no unit,
5010,PL2,Poludniowy,2005,typ,metabolic typology,no unit,DSG
5011,PL2,Poludniowy,2005,urb_typ,urban typology,no unit,
5012,PL2,Poludniowy,2006,typ,metabolic typology,no unit,DSG
5013,PL2,Poludniowy,2006,urb_typ,urban typology,no unit,URB
5014,PL2,Poludniowy,2007,typ,metabolic typology,no unit,DSG
5015,PL2,Poludniowy,2007,urb_typ,urban typology,no unit,
5016,PL2,Poludniowy,2008,typ,metabolic typology,no unit,DSG
5017,PL2,Poludniowy,2008,urb_typ,urban typology,no unit,
5018,PL2,Poludniowy,2009,typ,metabolic typology,no unit,DSG
5019,PL2,Poludniowy,2009,urb_typ,urban typology,no unit,
5020,PL2,Poludniowy,2010,typ,metabolic typology,no unit,DSG
5021,PL2,Poludniowy,2010,urb_typ,urban typology,no unit,URB
5022,PL2,Poludniowy,2011,typ,metabolic typology,no unit,DSG
5023,PL2,Poludniowy,2011,urb_typ,urban typology,no unit,
5024,PL2,Poludniowy,2012,typ,metabolic typology,no unit,DSG
5025,PL2,Poludniowy,2012,urb_typ,urban typology,no unit,
5026,PL2,Poludniowy,2013,typ,metabolic typology,no unit,DSG
5027,PL2,Poludniowy,2013,urb_typ,urban typology,no unit,
5028,PL2,Poludniowy,2014,typ,metabolic typology,no unit,DSG
5029,PL2,Poludniowy,2014,urb_typ,urban typology,no unit,
5030,PL2,Poludniowy,2015,typ,metabolic typology,no unit,DSG
5031,PL2,Poludniowy,2015,urb_typ,urban typology,no unit,
5032,PL2,Poludniowy,2016,typ,metabolic typology,no unit,DSG
5033,PL2,Poludniowy,2016,urb_typ,urban typology,no unit,
5034,PL2,Poludniowy,2017,typ,metabolic typology,no unit,DSG
5035,PL2,Poludniowy,2017,urb_typ,urban typology,no unit,
5036,PL2,Poludniowy,2018,typ,metabolic typology,no unit,DSG
5037,PL2,Poludniowy,2018,urb_typ,urban typology,no unit,
5038,PL2,Poludniowy,2019,typ,metabolic typology,no unit,DSG
5039,PL2,Poludniowy,2019,urb_typ,urban typology,no unit,
5040,PL4,Polnocno-Zachodni,1990,typ,metabolic typology,no unit,DSG
5041,PL4,Polnocno-Zachodni,1990,urb_typ,urban typology,no unit,
5042,PL4,Polnocno-Zachodni,1991,typ,metabolic typology,no unit,DSG
5043,PL4,Polnocno-Zachodni,1991,urb_typ,urban typology,no unit,
5044,PL4,Polnocno-Zachodni,1992,typ,metabolic typology,no unit,DSG
5045,PL4,Polnocno-Zachodni,1992,urb_typ,urban typology,no unit,
5046,PL4,Polnocno-Zachodni,1993,typ,metabolic typology,no unit,DSG
5047,PL4,Polnocno-Zachodni,1993,urb_typ,urban typology,no unit,
5048,PL4,Polnocno-Zachodni,1994,typ,metabolic typology,no unit,DSG
5049,PL4,Polnocno-Zachodni,1994,urb_typ,urban typology,no unit,
5050,PL4,Polnocno-Zachodni,1995,typ,metabolic typology,no unit,DSG
5051,PL4,Polnocno-Zachodni,1995,urb_typ,urban typology,no unit,
5052,PL4,Polnocno-Zachodni,1996,typ,metabolic typology,no unit,DSG
5053,PL4,Polnocno-Zachodni,1996,urb_typ,urban typology,no unit,
5054,PL4,Polnocno-Zachodni,1997,typ,metabolic typology,no unit,DSG
5055,PL4,Polnocno-Zachodni,1997,urb_typ,urban typology,no unit,
5056,PL4,Polnocno-Zachodni,1998,typ,metabolic typology,no unit,DSG
5057,PL4,Polnocno-Zachodni,1998,urb_typ,urban typology,no unit,
5058,PL4,Polnocno-Zachodni,1999,typ,metabolic typology,no unit,DSG
5059,PL4,Polnocno-Zachodni,1999,urb_typ,urban typology,no unit,
5060,PL4,Polnocno-Zachodni,2000,typ,metabolic typology,no unit,DSG
5061,PL4,Polnocno-Zachodni,2000,urb_typ,urban typology,no unit,
5062,PL4,Polnocno-Zachodni,2001,typ,metabolic typology,no unit,DSG
5063,PL4,Polnocno-Zachodni,2001,urb_typ,urban typology,no unit,
5064,PL4,Polnocno-Zachodni,2002,typ,metabolic typology,no unit,DSG
5065,PL4,Polnocno-Zachodni,2002,urb_typ,urban typology,no unit,
5066,PL4,Polnocno-Zachodni,2003,typ,metabolic typology,no unit,DSG
5067,PL4,Polnocno-Zachodni,2003,urb_typ,urban typology,no unit,
5068,PL4,Polnocno-Zachodni,2004,typ,metabolic typology,no unit,DSG
5069,PL4,Polnocno-Zachodni,2004,urb_typ,urban typology,no unit,
5070,PL4,Polnocno-Zachodni,2005,typ,metabolic typology,no unit,DSG
5071,PL4,Polnocno-Zachodni,2005,urb_typ,urban typology,no unit,
5072,PL4,Polnocno-Zachodni,2006,typ,metabolic typology,no unit,DSG
5073,PL4,Polnocno-Zachodni,2006,urb_typ,urban typology,no unit,
5074,PL4,Polnocno-Zachodni,2007,typ,metabolic typology,no unit,DSG
5075,PL4,Polnocno-Zachodni,2007,urb_typ,urban typology,no unit,
5076,PL4,Polnocno-Zachodni,2008,typ,metabolic typology,no unit,DSG
5077,PL4,Polnocno-Zachodni,2008,urb_typ,urban typology,no unit,
5078,PL4,Polnocno-Zachodni,2009,typ,metabolic typology,no unit,DSG
5079,PL4,Polnocno-Zachodni,2009,urb_typ,urban typology,no unit,
5080,PL4,Polnocno-Zachodni,2010,typ,metabolic typology,no unit,DSG
5081,PL4,Polnocno-Zachodni,2010,urb_typ,urban typology,no unit,
5082,PL4,Polnocno-Zachodni,2011,typ,metabolic typology,no unit,DSG
5083,PL4,Polnocno-Zachodni,2011,urb_typ,urban typology,no unit,
5084,PL4,Polnocno-Zachodni,2012,typ,metabolic typology,no unit,DSG
5085,PL4,Polnocno-Zachodni,2012,urb_typ,urban typology,no unit,
5086,PL4,Polnocno-Zachodni,2013,typ,metabolic typology,no unit,DSG
5087,PL4,Polnocno-Zachodni,2013,urb_typ,urban typology,no unit,
5088,PL4,Polnocno-Zachodni,2014,typ,metabolic typology,no unit,DSG
5089,PL4,Polnocno-Zachodni,2014,urb_typ,urban typology,no unit,
5090,PL4,Polnocno-Zachodni,2015,typ,metabolic typology,no unit,DSG
5091,PL4,Polnocno-Zachodni,2015,urb_typ,urban typology,no unit,
5092,PL4,Polnocno-Zachodni,2016,typ,metabolic typology,no unit,DSG
5093,PL4,Polnocno-Zachodni,2016,urb_typ,urban typology,no unit,
5094,PL4,Polnocno-Zachodni,2017,typ,metabolic typology,no unit,DSG
5095,PL4,Polnocno-Zachodni,2017,urb_typ,urban typology,no unit,
5096,PL4,Polnocno-Zachodni,2018,typ,metabolic typology,no unit,DSG
5097,PL4,Polnocno-Zachodni,2018,urb_typ,urban typology,no unit,
5098,PL4,Polnocno-Zachodni,2019,typ,metabolic typology,no unit,DSG
5099,PL4,Polnocno-Zachodni,2019,urb_typ,urban typology,no unit,
5100,PL5,Poludniowa-Zachodni,1990,typ,metabolic typology,no unit,SCS
5101,PL5,Poludniowa-Zachodni,1990,urb_typ,urban typology,no unit,
5102,PL5,Poludniowa-Zachodni,1991,typ,metabolic typology,no unit,SCS
5103,PL5,Poludniowa-Zachodni,1991,urb_typ,urban typology,no unit,
5104,PL5,Poludniowa-Zachodni,1992,typ,metabolic typology,no unit,SCS
5105,PL5,Poludniowa-Zachodni,1992,urb_typ,urban typology,no unit,
5106,PL5,Poludniowa-Zachodni,1993,typ,metabolic typology,no unit,SCS
5107,PL5,Poludniowa-Zachodni,1993,urb_typ,urban typology,no unit,
5108,PL5,Poludniowa-Zachodni,1994,typ,metabolic typology,no unit,SCS
5109,PL5,Poludniowa-Zachodni,1994,urb_typ,urban typology,no unit,
5110,PL5,Poludniowa-Zachodni,1995,typ,metabolic typology,no unit,SCS
5111,PL5,Poludniowa-Zachodni,1995,urb_typ,urban typology,no unit,
5112,PL5,Poludniowa-Zachodni,1996,typ,metabolic typology,no unit,SCS
5113,PL5,Poludniowa-Zachodni,1996,urb_typ,urban typology,no unit,
5114,PL5,Poludniowa-Zachodni,1997,typ,metabolic typology,no unit,SCS
5115,PL5,Poludniowa-Zachodni,1997,urb_typ,urban typology,no unit,
5116,PL5,Poludniowa-Zachodni,1998,typ,metabolic typology,no unit,SCS
5117,PL5,Poludniowa-Zachodni,1998,urb_typ,urban typology,no unit,
5118,PL5,Poludniowa-Zachodni,1999,typ,metabolic typology,no unit,SCS
5119,PL5,Poludniowa-Zachodni,1999,urb_typ,urban typology,no unit,
5120,PL5,Poludniowa-Zachodni,2000,typ,metabolic typology,no unit,SCS
5121,PL5,Poludniowa-Zachodni,2000,urb_typ,urban typology,no unit,
5122,PL5,Poludniowa-Zachodni,2001,typ,metabolic typology,no unit,SCS
5123,PL5,Poludniowa-Zachodni,2001,urb_typ,urban typology,no unit,
5124,PL5,Poludniowa-Zachodni,2002,typ,metabolic typology,no unit,SCS
5125,PL5,Poludniowa-Zachodni,2002,urb_typ,urban typology,no unit,
5126,PL5,Poludniowa-Zachodni,2003,typ,metabolic typology,no unit,SCS
5127,PL5,Poludniowa-Zachodni,2003,urb_typ,urban typology,no unit,
5128,PL5,Poludniowa-Zachodni,2004,typ,metabolic typology,no unit,SCS
5129,PL5,Poludniowa-Zachodni,2004,urb_typ,urban typology,no unit,
5130,PL5,Poludniowa-Zachodni,2005,typ,metabolic typology,no unit,SCS
5131,PL5,Poludniowa-Zachodni,2005,urb_typ,urban typology,no unit,
5132,PL5,Poludniowa-Zachodni,2006,typ,metabolic typology,no unit,SCS
5133,PL5,Poludniowa-Zachodni,2006,urb_typ,urban typology,no unit,
5134,PL5,Poludniowa-Zachodni,2007,typ,metabolic typology,no unit,SCS
5135,PL5,Poludniowa-Zachodni,2007,urb_typ,urban typology,no unit,
5136,PL5,Poludniowa-Zachodni,2008,typ,metabolic typology,no unit,SCS
5137,PL5,Poludniowa-Zachodni,2008,urb_typ,urban typology,no unit,
5138,PL5,Poludniowa-Zachodni,2009,typ,metabolic typology,no unit,SCS
5139,PL5,Poludniowa-Zachodni,2009,urb_typ,urban typology,no unit,
5140,PL5,Poludniowa-Zachodni,2010,typ,metabolic typology,no unit,SCS
5141,PL5,Poludniowa-Zachodni,2010,urb_typ,urban typology,no unit,
5142,PL5,Poludniowa-Zachodni,2011,typ,metabolic typology,no unit,SCS
5143,PL5,Poludniowa-Zachodni,2011,urb_typ,urban typology,no unit,
5144,PL5,Poludniowa-Zachodni,2012,typ,metabolic typology,no unit,SCS
5145,PL5,Poludniowa-Zachodni,2012,urb_typ,urban typology,no unit,
5146,PL5,Poludniowa-Zachodni,2013,typ,metabolic typology,no unit,SCS
5147,PL5,Poludniowa-Zachodni,2013,urb_typ,urban typology,no unit,
5148,PL5,Poludniowa-Zachodni,2014,typ,metabolic typology,no unit,SCS
5149,PL5,Poludniowa-Zachodni,2014,urb_typ,urban typology,no unit,
5150,PL5,Poludniowa-Zachodni,2015,typ,metabolic typology,no unit,SCS
5151,PL5,Poludniowa-Zachodni,2015,urb_typ,urban typology,no unit,
5152,PL5,Poludniowa-Zachodni,2016,typ,metabolic typology,no unit,SCS
5153,PL5,Poludniowa-Zachodni,2016,urb_typ,urban typology,no unit,
5154,PL5,Poludniowa-Zachodni,2017,typ,metabolic typology,no unit,SCS
5155,PL5,Poludniowa-Zachodni,2017,urb_typ,urban typology,no unit,
5156,PL5,Poludniowa-Zachodni,2018,typ,metabolic typology,no unit,SCS
5157,PL5,Poludniowa-Zachodni,2018,urb_typ,urban typology,no unit,
5158,PL5,Poludniowa-Zachodni,2019,typ,metabolic typology,no unit,SCS
5159,PL5,Poludniowa-Zachodni,2019,urb_typ,urban typology,no unit,
5160,PL6,Polnocny,1990,typ,metabolic typology,no unit,DSG
5161,PL6,Polnocny,1990,urb_typ,urban typology,no unit,
5162,PL6,Polnocny,1991,typ,metabolic typology,no unit,DSG
5163,PL6,Polnocny,1991,urb_typ,urban typology,no unit,
5164,PL6,Polnocny,1992,typ,metabolic typology,no unit,DSG
5165,PL6,Polnocny,1992,urb_typ,urban typology,no unit,
5166,PL6,Polnocny,1993,typ,metabolic typology,no unit,DSG
5167,PL6,Polnocny,1993,urb_typ,urban typology,no unit,
5168,PL6,Polnocny,1994,typ,metabolic typology,no unit,DSG
5169,PL6,Polnocny,1994,urb_typ,urban typology,no unit,
5170,PL6,Polnocny,1995,typ,metabolic typology,no unit,DSG
5171,PL6,Polnocny,1995,urb_typ,urban typology,no unit,
5172,PL6,Polnocny,1996,typ,metabolic typology,no unit,DSG
5173,PL6,Polnocny,1996,urb_typ,urban typology,no unit,
5174,PL6,Polnocny,1997,typ,metabolic typology,no unit,DSG
5175,PL6,Polnocny,1997,urb_typ,urban typology,no unit,
5176,PL6,Polnocny,1998,typ,metabolic typology,no unit,DSG
5177,PL6,Polnocny,1998,urb_typ,urban typology,no unit,
5178,PL6,Polnocny,1999,typ,metabolic typology,no unit,DSG
5179,PL6,Polnocny,1999,urb_typ,urban typology,no unit,
5180,PL6,Polnocny,2000,typ,metabolic typology,no unit,DSG
5181,PL6,Polnocny,2000,urb_typ,urban typology,no unit,
5182,PL6,Polnocny,2001,typ,metabolic typology,no unit,DSG
5183,PL6,Polnocny,2001,urb_typ,urban typology,no unit,
5184,PL6,Polnocny,2002,typ,metabolic typology,no unit,DSG
5185,PL6,Polnocny,2002,urb_typ,urban typology,no unit,
5186,PL6,Polnocny,2003,typ,metabolic typology,no unit,DSG
5187,PL6,Polnocny,2003,urb_typ,urban typology,no unit,
5188,PL6,Polnocny,2004,typ,metabolic typology,no unit,DSG
5189,PL6,Polnocny,2004,urb_typ,urban typology,no unit,
5190,PL6,Polnocny,2005,typ,metabolic typology,no unit,DSG
5191,PL6,Polnocny,2005,urb_typ,urban typology,no unit,
5192,PL6,Polnocny,2006,typ,metabolic typology,no unit,DSG
5193,PL6,Polnocny,2006,urb_typ,urban typology,no unit,
5194,PL6,Polnocny,2007,typ,metabolic typology,no unit,DSG
5195,PL6,Polnocny,2007,urb_typ,urban typology,no unit,
5196,PL6,Polnocny,2008,typ,metabolic typology,no unit,DSG
5197,PL6,Polnocny,2008,urb_typ,urban typology,no unit,
5198,PL6,Polnocny,2009,typ,metabolic typology,no unit,DSG
5199,PL6,Polnocny,2009,urb_typ,urban typology,no unit,
5200,PL6,Polnocny,2010,typ,metabolic typology,no unit,DSG
5201,PL6,Polnocny,2010,urb_typ,urban typology,no unit,
5202,PL6,Polnocny,2011,typ,metabolic typology,no unit,DSG
5203,PL6,Polnocny,2011,urb_typ,urban typology,no unit,
5204,PL6,Polnocny,2012,typ,metabolic typology,no unit,DSG
5205,PL6,Polnocny,2012,urb_typ,urban typology,no unit,
5206,PL6,Polnocny,2013,typ,metabolic typology,no unit,DSG
5207,PL6,Polnocny,2013,urb_typ,urban typology,no unit,
5208,PL6,Polnocny,2014,typ,metabolic typology,no unit,DSG
5209,PL6,Polnocny,2014,urb_typ,urban typology,no unit,
5210,PL6,Polnocny,2015,typ,metabolic typology,no unit,DSG
5211,PL6,Polnocny,2015,urb_typ,urban typology,no unit,
5212,PL6,Polnocny,2016,typ,metabolic typology,no unit,DSG
5213,PL6,Polnocny,2016,urb_typ,urban typology,no unit,
5214,PL6,Polnocny,2017,typ,metabolic typology,no unit,DSG
5215,PL6,Polnocny,2017,urb_typ,urban typology,no unit,
5216,PL6,Polnocny,2018,typ,metabolic typology,no unit,DSG
5217,PL6,Polnocny,2018,urb_typ,urban typology,no unit,
5218,PL6,Polnocny,2019,typ,metabolic typology,no unit,DSG
5219,PL6,Polnocny,2019,urb_typ,urban typology,no unit,
5220,PL7,Centralny,1990,typ,metabolic typology,no unit,SCS
5221,PL7,Centralny,1990,urb_typ,urban typology,no unit,
5222,PL7,Centralny,1991,typ,metabolic typology,no unit,DSG
5223,PL7,Centralny,1991,urb_typ,urban typology,no unit,
5224,PL7,Centralny,1992,typ,metabolic typology,no unit,DSG
5225,PL7,Centralny,1992,urb_typ,urban typology,no unit,
5226,PL7,Centralny,1993,typ,metabolic typology,no unit,DSG
5227,PL7,Centralny,1993,urb_typ,urban typology,no unit,
5228,PL7,Centralny,1994,typ,metabolic typology,no unit,DSG
5229,PL7,Centralny,1994,urb_typ,urban typology,no unit,
5230,PL7,Centralny,1995,typ,metabolic typology,no unit,DSG
5231,PL7,Centralny,1995,urb_typ,urban typology,no unit,
5232,PL7,Centralny,1996,typ,metabolic typology,no unit,DSG
5233,PL7,Centralny,1996,urb_typ,urban typology,no unit,
5234,PL7,Centralny,1997,typ,metabolic typology,no unit,DSG
5235,PL7,Centralny,1997,urb_typ,urban typology,no unit,
5236,PL7,Centralny,1998,typ,metabolic typology,no unit,DSG
5237,PL7,Centralny,1998,urb_typ,urban typology,no unit,
5238,PL7,Centralny,1999,typ,metabolic typology,no unit,DSG
5239,PL7,Centralny,1999,urb_typ,urban typology,no unit,
5240,PL7,Centralny,2000,typ,metabolic typology,no unit,DSG
5241,PL7,Centralny,2000,urb_typ,urban typology,no unit,
5242,PL7,Centralny,2001,typ,metabolic typology,no unit,DSG
5243,PL7,Centralny,2001,urb_typ,urban typology,no unit,
5244,PL7,Centralny,2002,typ,metabolic typology,no unit,DSG
5245,PL7,Centralny,2002,urb_typ,urban typology,no unit,
5246,PL7,Centralny,2003,typ,metabolic typology,no unit,DSG
5247,PL7,Centralny,2003,urb_typ,urban typology,no unit,
5248,PL7,Centralny,2004,typ,metabolic typology,no unit,DSG
5249,PL7,Centralny,2004,urb_typ,urban typology,no unit,
5250,PL7,Centralny,2005,typ,metabolic typology,no unit,DSG
5251,PL7,Centralny,2005,urb_typ,urban typology,no unit,
5252,PL7,Centralny,2006,typ,metabolic typology,no unit,DSG
5253,PL7,Centralny,2006,urb_typ,urban typology,no unit,
5254,PL7,Centralny,2007,typ,metabolic typology,no unit,DSG
5255,PL7,Centralny,2007,urb_typ,urban typology,no unit,
5256,PL7,Centralny,2008,typ,metabolic typology,no unit,DSG
5257,PL7,Centralny,2008,urb_typ,urban typology,no unit,
5258,PL7,Centralny,2009,typ,metabolic typology,no unit,DSG
5259,PL7,Centralny,2009,urb_typ,urban typology,no unit,
5260,PL7,Centralny,2010,typ,metabolic typology,no unit,DSG
5261,PL7,Centralny,2010,urb_typ,urban typology,no unit,
5262,PL7,Centralny,2011,typ,metabolic typology,no unit,DSG
5263,PL7,Centralny,2011,urb_typ,urban typology,no unit,
5264,PL7,Centralny,2012,typ,metabolic typology,no unit,DSG
5265,PL7,Centralny,2012,urb_typ,urban typology,no unit,
5266,PL7,Centralny,2013,typ,metabolic typology,no unit,DSG
5267,PL7,Centralny,2013,urb_typ,urban typology,no unit,
5268,PL7,Centralny,2014,typ,metabolic typology,no unit,DSG
5269,PL7,Centralny,2014,urb_typ,urban typology,no unit,
5270,PL7,Centralny,2015,typ,metabolic typology,no unit,DSG
5271,PL7,Centralny,2015,urb_typ,urban typology,no unit,
5272,PL7,Centralny,2016,typ,metabolic typology,no unit,DSG
5273,PL7,Centralny,2016,urb_typ,urban typology,no unit,
5274,PL7,Centralny,2017,typ,metabolic typology,no unit,DSG
5275,PL7,Centralny,2017,urb_typ,urban typology,no unit,
5276,PL7,Centralny,2018,typ,metabolic typology,no unit,DSG
5277,PL7,Centralny,2018,urb_typ,urban typology,no unit,
5278,PL7,Centralny,2019,typ,metabolic typology,no unit,DSG
5279,PL7,Centralny,2019,urb_typ,urban typology,no unit,
5280,PL8,Wshodni,1990,typ,metabolic typology,no unit,SCS
5281,PL8,Wshodni,1990,urb_typ,urban typology,no unit,
5282,PL8,Wshodni,1991,typ,metabolic typology,no unit,MXG
5283,PL8,Wshodni,1991,urb_typ,urban typology,no unit,
5284,PL8,Wshodni,1992,typ,metabolic typology,no unit,MXG
5285,PL8,Wshodni,1992,urb_typ,urban typology,no unit,
5286,PL8,Wshodni,1993,typ,metabolic typology,no unit,MXG
5287,PL8,Wshodni,1993,urb_typ,urban typology,no unit,
5288,PL8,Wshodni,1994,typ,metabolic typology,no unit,MXG
5289,PL8,Wshodni,1994,urb_typ,urban typology,no unit,
5290,PL8,Wshodni,1995,typ,metabolic typology,no unit,MXG
5291,PL8,Wshodni,1995,urb_typ,urban typology,no unit,
5292,PL8,Wshodni,1996,typ,metabolic typology,no unit,MXG
5293,PL8,Wshodni,1996,urb_typ,urban typology,no unit,
5294,PL8,Wshodni,1997,typ,metabolic typology,no unit,MXG
5295,PL8,Wshodni,1997,urb_typ,urban typology,no unit,
5296,PL8,Wshodni,1998,typ,metabolic typology,no unit,MXG
5297,PL8,Wshodni,1998,urb_typ,urban typology,no unit,
5298,PL8,Wshodni,1999,typ,metabolic typology,no unit,MXG
5299,PL8,Wshodni,1999,urb_typ,urban typology,no unit,
5300,PL8,Wshodni,2000,typ,metabolic typology,no unit,MXG
5301,PL8,Wshodni,2000,urb_typ,urban typology,no unit,
5302,PL8,Wshodni,2001,typ,metabolic typology,no unit,MXG
5303,PL8,Wshodni,2001,urb_typ,urban typology,no unit,
5304,PL8,Wshodni,2002,typ,metabolic typology,no unit,MXG
5305,PL8,Wshodni,2002,urb_typ,urban typology,no unit,
5306,PL8,Wshodni,2003,typ,metabolic typology,no unit,MXG
5307,PL8,Wshodni,2003,urb_typ,urban typology,no unit,
5308,PL8,Wshodni,2004,typ,metabolic typology,no unit,MXG
5309,PL8,Wshodni,2004,urb_typ,urban typology,no unit,
5310,PL8,Wshodni,2005,typ,metabolic typology,no unit,MXG
5311,PL8,Wshodni,2005,urb_typ,urban typology,no unit,
5312,PL8,Wshodni,2006,typ,metabolic typology,no unit,MXG
5313,PL8,Wshodni,2006,urb_typ,urban typology,no unit,
5314,PL8,Wshodni,2007,typ,metabolic typology,no unit,MXG
5315,PL8,Wshodni,2007,urb_typ,urban typology,no unit,
5316,PL8,Wshodni,2008,typ,metabolic typology,no unit,MXG
5317,PL8,Wshodni,2008,urb_typ,urban typology,no unit,
5318,PL8,Wshodni,2009,typ,metabolic typology,no unit,MXG
5319,PL8,Wshodni,2009,urb_typ,urban typology,no unit,
5320,PL8,Wshodni,2010,typ,metabolic typology,no unit,MXG
5321,PL8,Wshodni,2010,urb_typ,urban typology,no unit,
5322,PL8,Wshodni,2011,typ,metabolic typology,no unit,MXG
5323,PL8,Wshodni,2011,urb_typ,urban typology,no unit,
5324,PL8,Wshodni,2012,typ,metabolic typology,no unit,MXG
5325,PL8,Wshodni,2012,urb_typ,urban typology,no unit,
5326,PL8,Wshodni,2013,typ,metabolic typology,no unit,MXG
5327,PL8,Wshodni,2013,urb_typ,urban typology,no unit,
5328,PL8,Wshodni,2014,typ,metabolic typology,no unit,MXG
5329,PL8,Wshodni,2014,urb_typ,urban typology,no unit,
5330,PL8,Wshodni,2015,typ,metabolic typology,no unit,MXG
5331,PL8,Wshodni,2015,urb_typ,urban typology,no unit,
5332,PL8,Wshodni,2016,typ,metabolic typology,no unit,MXG
5333,PL8,Wshodni,2016,urb_typ,urban typology,no unit,
5334,PL8,Wshodni,2017,typ,metabolic typology,no unit,MXG
5335,PL8,Wshodni,2017,urb_typ,urban typology,no unit,
5336,PL8,Wshodni,2018,typ,metabolic typology,no unit,MXG
5337,PL8,Wshodni,2018,urb_typ,urban typology,no unit,
5338,PL8,Wshodni,2019,typ,metabolic typology,no unit,MXG
5339,PL8,Wshodni,2019,urb_typ,urban typology,no unit,
5340,PL9,Wojewodztwo Mazowieckie,1990,typ,metabolic typology,no unit,MXG
5341,PL9,Wojewodztwo Mazowieckie,1990,urb_typ,urban typology,no unit,
5342,PL9,Wojewodztwo Mazowieckie,1991,typ,metabolic typology,no unit,MXG
5343,PL9,Wojewodztwo Mazowieckie,1991,urb_typ,urban typology,no unit,
5344,PL9,Wojewodztwo Mazowieckie,1992,typ,metabolic typology,no unit,MXG
5345,PL9,Wojewodztwo Mazowieckie,1992,urb_typ,urban typology,no unit,
5346,PL9,Wojewodztwo Mazowieckie,1993,typ,metabolic typology,no unit,MXG
5347,PL9,Wojewodztwo Mazowieckie,1993,urb_typ,urban typology,no unit,
5348,PL9,Wojewodztwo Mazowieckie,1994,typ,metabolic typology,no unit,MXG
5349,PL9,Wojewodztwo Mazowieckie,1994,urb_typ,urban typology,no unit,
5350,PL9,Wojewodztwo Mazowieckie,1995,typ,metabolic typology,no unit,MXG
5351,PL9,Wojewodztwo Mazowieckie,1995,urb_typ,urban typology,no unit,
5352,PL9,Wojewodztwo Mazowieckie,1996,typ,metabolic typology,no unit,MXG
5353,PL9,Wojewodztwo Mazowieckie,1996,urb_typ,urban typology,no unit,
5354,PL9,Wojewodztwo Mazowieckie,1997,typ,metabolic typology,no unit,MXG
5355,PL9,Wojewodztwo Mazowieckie,1997,urb_typ,urban typology,no unit,
5356,PL9,Wojewodztwo Mazowieckie,1998,typ,metabolic typology,no unit,MXG
5357,PL9,Wojewodztwo Mazowieckie,1998,urb_typ,urban typology,no unit,
5358,PL9,Wojewodztwo Mazowieckie,1999,typ,metabolic typology,no unit,MXG
5359,PL9,Wojewodztwo Mazowieckie,1999,urb_typ,urban typology,no unit,
5360,PL9,Wojewodztwo Mazowieckie,2000,typ,metabolic typology,no unit,MXG
5361,PL9,Wojewodztwo Mazowieckie,2000,urb_typ,urban typology,no unit,
5362,PL9,Wojewodztwo Mazowieckie,2001,typ,metabolic typology,no unit,DSG
5363,PL9,Wojewodztwo Mazowieckie,2001,urb_typ,urban typology,no unit,
5364,PL9,Wojewodztwo Mazowieckie,2002,typ,metabolic typology,no unit,DSG
5365,PL9,Wojewodztwo Mazowieckie,2002,urb_typ,urban typology,no unit,
5366,PL9,Wojewodztwo Mazowieckie,2003,typ,metabolic typology,no unit,DSG
5367,PL9,Wojewodztwo Mazowieckie,2003,urb_typ,urban typology,no unit,
5368,PL9,Wojewodztwo Mazowieckie,2004,typ,metabolic typology,no unit,DSG
5369,PL9,Wojewodztwo Mazowieckie,2004,urb_typ,urban typology,no unit,
5370,PL9,Wojewodztwo Mazowieckie,2005,typ,metabolic typology,no unit,DSG
5371,PL9,Wojewodztwo Mazowieckie,2005,urb_typ,urban typology,no unit,
5372,PL9,Wojewodztwo Mazowieckie,2006,typ,metabolic typology,no unit,DSG
5373,PL9,Wojewodztwo Mazowieckie,2006,urb_typ,urban typology,no unit,
5374,PL9,Wojewodztwo Mazowieckie,2007,typ,metabolic typology,no unit,DSG
5375,PL9,Wojewodztwo Mazowieckie,2007,urb_typ,urban typology,no unit,
5376,PL9,Wojewodztwo Mazowieckie,2008,typ,metabolic typology,no unit,DSG
5377,PL9,Wojewodztwo Mazowieckie,2008,urb_typ,urban typology,no unit,
5378,PL9,Wojewodztwo Mazowieckie,2009,typ,metabolic typology,no unit,DSG
5379,PL9,Wojewodztwo Mazowieckie,2009,urb_typ,urban typology,no unit,
5380,PL9,Wojewodztwo Mazowieckie,2010,typ,metabolic typology,no unit,DSG
5381,PL9,Wojewodztwo Mazowieckie,2010,urb_typ,urban typology,no unit,
5382,PL9,Wojewodztwo Mazowieckie,2011,typ,metabolic typology,no unit,DSG
5383,PL9,Wojewodztwo Mazowieckie,2011,urb_typ,urban typology,no unit,
5384,PL9,Wojewodztwo Mazowieckie,2012,typ,metabolic typology,no unit,DSG
5385,PL9,Wojewodztwo Mazowieckie,2012,urb_typ,urban typology,no unit,
5386,PL9,Wojewodztwo Mazowieckie,2013,typ,metabolic typology,no unit,DSG
5387,PL9,Wojewodztwo Mazowieckie,2013,urb_typ,urban typology,no unit,
5388,PL9,Wojewodztwo Mazowieckie,2014,typ,metabolic typology,no unit,DSG
5389,PL9,Wojewodztwo Mazowieckie,2014,urb_typ,urban typology,no unit,
5390,PL9,Wojewodztwo Mazowieckie,2015,typ,metabolic typology,no unit,DSG
5391,PL9,Wojewodztwo Mazowieckie,2015,urb_typ,urban typology,no unit,
5392,PL9,Wojewodztwo Mazowieckie,2016,typ,metabolic typology,no unit,DSG
5393,PL9,Wojewodztwo Mazowieckie,2016,urb_typ,urban typology,no unit,
5394,PL9,Wojewodztwo Mazowieckie,2017,typ,metabolic typology,no unit,DSG
5395,PL9,Wojewodztwo Mazowieckie,2017,urb_typ,urban typology,no unit,
5396,PL9,Wojewodztwo Mazowieckie,2018,typ,metabolic typology,no unit,DSG
5397,PL9,Wojewodztwo Mazowieckie,2018,urb_typ,urban typology,no unit,
5398,PL9,Wojewodztwo Mazowieckie,2019,typ,metabolic typology,no unit,DSG
5399,PL9,Wojewodztwo Mazowieckie,2019,urb_typ,urban typology,no unit,
5400,PT11,Norte Portugal,1990,typ,metabolic typology,no unit,DSG
5401,PT11,Norte Portugal,1990,urb_typ,urban typology,no unit,
5402,PT11,Norte Portugal,1991,typ,metabolic typology,no unit,DSG
5403,PT11,Norte Portugal,1991,urb_typ,urban typology,no unit,
5404,PT11,Norte Portugal,1992,typ,metabolic typology,no unit,DSG
5405,PT11,Norte Portugal,1992,urb_typ,urban typology,no unit,
5406,PT11,Norte Portugal,1993,typ,metabolic typology,no unit,DSG
5407,PT11,Norte Portugal,1993,urb_typ,urban typology,no unit,
5408,PT11,Norte Portugal,1994,typ,metabolic typology,no unit,DSG
5409,PT11,Norte Portugal,1994,urb_typ,urban typology,no unit,
5410,PT11,Norte Portugal,1995,typ,metabolic typology,no unit,DSG
5411,PT11,Norte Portugal,1995,urb_typ,urban typology,no unit,
5412,PT11,Norte Portugal,1996,typ,metabolic typology,no unit,DSG
5413,PT11,Norte Portugal,1996,urb_typ,urban typology,no unit,
5414,PT11,Norte Portugal,1997,typ,metabolic typology,no unit,DSG
5415,PT11,Norte Portugal,1997,urb_typ,urban typology,no unit,
5416,PT11,Norte Portugal,1998,typ,metabolic typology,no unit,DSG
5417,PT11,Norte Portugal,1998,urb_typ,urban typology,no unit,
5418,PT11,Norte Portugal,1999,typ,metabolic typology,no unit,DSG
5419,PT11,Norte Portugal,1999,urb_typ,urban typology,no unit,
5420,PT11,Norte Portugal,2000,typ,metabolic typology,no unit,DSG
5421,PT11,Norte Portugal,2000,urb_typ,urban typology,no unit,
5422,PT11,Norte Portugal,2001,typ,metabolic typology,no unit,DSG
5423,PT11,Norte Portugal,2001,urb_typ,urban typology,no unit,
5424,PT11,Norte Portugal,2002,typ,metabolic typology,no unit,DSG
5425,PT11,Norte Portugal,2002,urb_typ,urban typology,no unit,
5426,PT11,Norte Portugal,2003,typ,metabolic typology,no unit,DSG
5427,PT11,Norte Portugal,2003,urb_typ,urban typology,no unit,
5428,PT11,Norte Portugal,2004,typ,metabolic typology,no unit,DSG
5429,PT11,Norte Portugal,2004,urb_typ,urban typology,no unit,
5430,PT11,Norte Portugal,2005,typ,metabolic typology,no unit,DSG
5431,PT11,Norte Portugal,2005,urb_typ,urban typology,no unit,
5432,PT11,Norte Portugal,2006,typ,metabolic typology,no unit,DSG
5433,PT11,Norte Portugal,2006,urb_typ,urban typology,no unit,
5434,PT11,Norte Portugal,2007,typ,metabolic typology,no unit,DSG
5435,PT11,Norte Portugal,2007,urb_typ,urban typology,no unit,
5436,PT11,Norte Portugal,2008,typ,metabolic typology,no unit,DSG
5437,PT11,Norte Portugal,2008,urb_typ,urban typology,no unit,
5438,PT11,Norte Portugal,2009,typ,metabolic typology,no unit,DSG
5439,PT11,Norte Portugal,2009,urb_typ,urban typology,no unit,
5440,PT11,Norte Portugal,2010,typ,metabolic typology,no unit,DSG
5441,PT11,Norte Portugal,2010,urb_typ,urban typology,no unit,
5442,PT11,Norte Portugal,2011,typ,metabolic typology,no unit,DSG
5443,PT11,Norte Portugal,2011,urb_typ,urban typology,no unit,
5444,PT11,Norte Portugal,2012,typ,metabolic typology,no unit,DSG
5445,PT11,Norte Portugal,2012,urb_typ,urban typology,no unit,
5446,PT11,Norte Portugal,2013,typ,metabolic typology,no unit,MXG
5447,PT11,Norte Portugal,2013,urb_typ,urban typology,no unit,
5448,PT11,Norte Portugal,2014,typ,metabolic typology,no unit,DSG
5449,PT11,Norte Portugal,2014,urb_typ,urban typology,no unit,
5450,PT11,Norte Portugal,2015,typ,metabolic typology,no unit,DSG
5451,PT11,Norte Portugal,2015,urb_typ,urban typology,no unit,
5452,PT11,Norte Portugal,2016,typ,metabolic typology,no unit,MXG
5453,PT11,Norte Portugal,2016,urb_typ,urban typology,no unit,
5454,PT11,Norte Portugal,2017,typ,metabolic typology,no unit,MXG
5455,PT11,Norte Portugal,2017,urb_typ,urban typology,no unit,
5456,PT11,Norte Portugal,2018,typ,metabolic typology,no unit,MXG
5457,PT11,Norte Portugal,2018,urb_typ,urban typology,no unit,
5458,PT11,Norte Portugal,2019,typ,metabolic typology,no unit,MXG
5459,PT11,Norte Portugal,2019,urb_typ,urban typology,no unit,
5460,PT15,Algarve,1990,typ,metabolic typology,no unit,DSG
5461,PT15,Algarve,1990,urb_typ,urban typology,no unit,URB
5462,PT15,Algarve,1991,typ,metabolic typology,no unit,DSG
5463,PT15,Algarve,1991,urb_typ,urban typology,no unit,URB
5464,PT15,Algarve,1992,typ,metabolic typology,no unit,DSG
5465,PT15,Algarve,1992,urb_typ,urban typology,no unit,URB
5466,PT15,Algarve,1993,typ,metabolic typology,no unit,DSG
5467,PT15,Algarve,1993,urb_typ,urban typology,no unit,URB
5468,PT15,Algarve,1994,typ,metabolic typology,no unit,DSG
5469,PT15,Algarve,1994,urb_typ,urban typology,no unit,URB
5470,PT15,Algarve,1995,typ,metabolic typology,no unit,DSG
5471,PT15,Algarve,1995,urb_typ,urban typology,no unit,URB
5472,PT15,Algarve,1996,typ,metabolic typology,no unit,DSG
5473,PT15,Algarve,1996,urb_typ,urban typology,no unit,URB
5474,PT15,Algarve,1997,typ,metabolic typology,no unit,DSG
5475,PT15,Algarve,1997,urb_typ,urban typology,no unit,URB
5476,PT15,Algarve,1998,typ,metabolic typology,no unit,DSG
5477,PT15,Algarve,1998,urb_typ,urban typology,no unit,URB
5478,PT15,Algarve,1999,typ,metabolic typology,no unit,DSG
5479,PT15,Algarve,1999,urb_typ,urban typology,no unit,URB
5480,PT15,Algarve,2000,typ,metabolic typology,no unit,DSG
5481,PT15,Algarve,2000,urb_typ,urban typology,no unit,URB
5482,PT15,Algarve,2001,typ,metabolic typology,no unit,DSG
5483,PT15,Algarve,2001,urb_typ,urban typology,no unit,URB
5484,PT15,Algarve,2002,typ,metabolic typology,no unit,DSG
5485,PT15,Algarve,2002,urb_typ,urban typology,no unit,URB
5486,PT15,Algarve,2003,typ,metabolic typology,no unit,DSG
5487,PT15,Algarve,2003,urb_typ,urban typology,no unit,URB
5488,PT15,Algarve,2004,typ,metabolic typology,no unit,DSG
5489,PT15,Algarve,2004,urb_typ,urban typology,no unit,URB
5490,PT15,Algarve,2005,typ,metabolic typology,no unit,DSG
5491,PT15,Algarve,2005,urb_typ,urban typology,no unit,URB
5492,PT15,Algarve,2006,typ,metabolic typology,no unit,DSG
5493,PT15,Algarve,2006,urb_typ,urban typology,no unit,URB
5494,PT15,Algarve,2007,typ,metabolic typology,no unit,DSG
5495,PT15,Algarve,2007,urb_typ,urban typology,no unit,URB
5496,PT15,Algarve,2008,typ,metabolic typology,no unit,DSG
5497,PT15,Algarve,2008,urb_typ,urban typology,no unit,URB
5498,PT15,Algarve,2009,typ,metabolic typology,no unit,DSG
5499,PT15,Algarve,2009,urb_typ,urban typology,no unit,URB
5500,PT15,Algarve,2010,typ,metabolic typology,no unit,DSG
5501,PT15,Algarve,2010,urb_typ,urban typology,no unit,URB
5502,PT15,Algarve,2011,typ,metabolic typology,no unit,DSG
5503,PT15,Algarve,2011,urb_typ,urban typology,no unit,URB
5504,PT15,Algarve,2012,typ,metabolic typology,no unit,DSG
5505,PT15,Algarve,2012,urb_typ,urban typology,no unit,URB
5506,PT15,Algarve,2013,typ,metabolic typology,no unit,DSG
5507,PT15,Algarve,2013,urb_typ,urban typology,no unit,URB
5508,PT15,Algarve,2014,typ,metabolic typology,no unit,DSG
5509,PT15,Algarve,2014,urb_typ,urban typology,no unit,URB
5510,PT15,Algarve,2015,typ,metabolic typology,no unit,DSG
5511,PT15,Algarve,2015,urb_typ,urban typology,no unit,URB
5512,PT15,Algarve,2016,typ,metabolic typology,no unit,DSG
5513,PT15,Algarve,2016,urb_typ,urban typology,no unit,URB
5514,PT15,Algarve,2017,typ,metabolic typology,no unit,DSG
5515,PT15,Algarve,2017,urb_typ,urban typology,no unit,URB
5516,PT15,Algarve,2018,typ,metabolic typology,no unit,DSG
5517,PT15,Algarve,2018,urb_typ,urban typology,no unit,URB
5518,PT15,Algarve,2019,typ,metabolic typology,no unit,DSG
5519,PT15,Algarve,2019,urb_typ,urban typology,no unit,URB
5520,PT16,Centro Portugal,1990,typ,metabolic typology,no unit,DSG
5521,PT16,Centro Portugal,1990,urb_typ,urban typology,no unit,
5522,PT16,Centro Portugal,1991,typ,metabolic typology,no unit,DSG
5523,PT16,Centro Portugal,1991,urb_typ,urban typology,no unit,
5524,PT16,Centro Portugal,1992,typ,metabolic typology,no unit,DSG
5525,PT16,Centro Portugal,1992,urb_typ,urban typology,no unit,
5526,PT16,Centro Portugal,1993,typ,metabolic typology,no unit,DSG
5527,PT16,Centro Portugal,1993,urb_typ,urban typology,no unit,
5528,PT16,Centro Portugal,1994,typ,metabolic typology,no unit,DSG
5529,PT16,Centro Portugal,1994,urb_typ,urban typology,no unit,
5530,PT16,Centro Portugal,1995,typ,metabolic typology,no unit,DSG
5531,PT16,Centro Portugal,1995,urb_typ,urban typology,no unit,
5532,PT16,Centro Portugal,1996,typ,metabolic typology,no unit,DSG
5533,PT16,Centro Portugal,1996,urb_typ,urban typology,no unit,
5534,PT16,Centro Portugal,1997,typ,metabolic typology,no unit,DSG
5535,PT16,Centro Portugal,1997,urb_typ,urban typology,no unit,
5536,PT16,Centro Portugal,1998,typ,metabolic typology,no unit,DSG
5537,PT16,Centro Portugal,1998,urb_typ,urban typology,no unit,
5538,PT16,Centro Portugal,1999,typ,metabolic typology,no unit,DSG
5539,PT16,Centro Portugal,1999,urb_typ,urban typology,no unit,
5540,PT16,Centro Portugal,2000,typ,metabolic typology,no unit,DSG
5541,PT16,Centro Portugal,2000,urb_typ,urban typology,no unit,
5542,PT16,Centro Portugal,2001,typ,metabolic typology,no unit,DSG
5543,PT16,Centro Portugal,2001,urb_typ,urban typology,no unit,
5544,PT16,Centro Portugal,2002,typ,metabolic typology,no unit,DSG
5545,PT16,Centro Portugal,2002,urb_typ,urban typology,no unit,
5546,PT16,Centro Portugal,2003,typ,metabolic typology,no unit,DSG
5547,PT16,Centro Portugal,2003,urb_typ,urban typology,no unit,
5548,PT16,Centro Portugal,2004,typ,metabolic typology,no unit,DSG
5549,PT16,Centro Portugal,2004,urb_typ,urban typology,no unit,
5550,PT16,Centro Portugal,2005,typ,metabolic typology,no unit,DSG
5551,PT16,Centro Portugal,2005,urb_typ,urban typology,no unit,
5552,PT16,Centro Portugal,2006,typ,metabolic typology,no unit,DSG
5553,PT16,Centro Portugal,2006,urb_typ,urban typology,no unit,
5554,PT16,Centro Portugal,2007,typ,metabolic typology,no unit,DSG
5555,PT16,Centro Portugal,2007,urb_typ,urban typology,no unit,
5556,PT16,Centro Portugal,2008,typ,metabolic typology,no unit,DSG
5557,PT16,Centro Portugal,2008,urb_typ,urban typology,no unit,
5558,PT16,Centro Portugal,2009,typ,metabolic typology,no unit,DSG
5559,PT16,Centro Portugal,2009,urb_typ,urban typology,no unit,
5560,PT16,Centro Portugal,2010,typ,metabolic typology,no unit,DSG
5561,PT16,Centro Portugal,2010,urb_typ,urban typology,no unit,
5562,PT16,Centro Portugal,2011,typ,metabolic typology,no unit,DSG
5563,PT16,Centro Portugal,2011,urb_typ,urban typology,no unit,
5564,PT16,Centro Portugal,2012,typ,metabolic typology,no unit,DSG
5565,PT16,Centro Portugal,2012,urb_typ,urban typology,no unit,
5566,PT16,Centro Portugal,2013,typ,metabolic typology,no unit,DSG
5567,PT16,Centro Portugal,2013,urb_typ,urban typology,no unit,
5568,PT16,Centro Portugal,2014,typ,metabolic typology,no unit,DSG
5569,PT16,Centro Portugal,2014,urb_typ,urban typology,no unit,
5570,PT16,Centro Portugal,2015,typ,metabolic typology,no unit,DSG
5571,PT16,Centro Portugal,2015,urb_typ,urban typology,no unit,
5572,PT16,Centro Portugal,2016,typ,metabolic typology,no unit,DSG
5573,PT16,Centro Portugal,2016,urb_typ,urban typology,no unit,
5574,PT16,Centro Portugal,2017,typ,metabolic typology,no unit,DSG
5575,PT16,Centro Portugal,2017,urb_typ,urban typology,no unit,
5576,PT16,Centro Portugal,2018,typ,metabolic typology,no unit,DSG
5577,PT16,Centro Portugal,2018,urb_typ,urban typology,no unit,
5578,PT16,Centro Portugal,2019,typ,metabolic typology,no unit,DSG
5579,PT16,Centro Portugal,2019,urb_typ,urban typology,no unit,
5580,PT17,AM Lisboa,1990,typ,metabolic typology,no unit,DSG
5581,PT17,AM Lisboa,1990,urb_typ,urban typology,no unit,URB
5582,PT17,AM Lisboa,1991,typ,metabolic typology,no unit,DSG
5583,PT17,AM Lisboa,1991,urb_typ,urban typology,no unit,URB
5584,PT17,AM Lisboa,1992,typ,metabolic typology,no unit,DSG
5585,PT17,AM Lisboa,1992,urb_typ,urban typology,no unit,URB
5586,PT17,AM Lisboa,1993,typ,metabolic typology,no unit,DSG
5587,PT17,AM Lisboa,1993,urb_typ,urban typology,no unit,URB
5588,PT17,AM Lisboa,1994,typ,metabolic typology,no unit,DSG
5589,PT17,AM Lisboa,1994,urb_typ,urban typology,no unit,URB
5590,PT17,AM Lisboa,1995,typ,metabolic typology,no unit,DSG
5591,PT17,AM Lisboa,1995,urb_typ,urban typology,no unit,URB
5592,PT17,AM Lisboa,1996,typ,metabolic typology,no unit,DSG
5593,PT17,AM Lisboa,1996,urb_typ,urban typology,no unit,URB
5594,PT17,AM Lisboa,1997,typ,metabolic typology,no unit,DSG
5595,PT17,AM Lisboa,1997,urb_typ,urban typology,no unit,URB
5596,PT17,AM Lisboa,1998,typ,metabolic typology,no unit,DSG
5597,PT17,AM Lisboa,1998,urb_typ,urban typology,no unit,URB
5598,PT17,AM Lisboa,1999,typ,metabolic typology,no unit,DSG
5599,PT17,AM Lisboa,1999,urb_typ,urban typology,no unit,URB
5600,PT17,AM Lisboa,2000,typ,metabolic typology,no unit,DSG
5601,PT17,AM Lisboa,2000,urb_typ,urban typology,no unit,URB
5602,PT17,AM Lisboa,2001,typ,metabolic typology,no unit,DSG
5603,PT17,AM Lisboa,2001,urb_typ,urban typology,no unit,URB
5604,PT17,AM Lisboa,2002,typ,metabolic typology,no unit,DSG
5605,PT17,AM Lisboa,2002,urb_typ,urban typology,no unit,URB
5606,PT17,AM Lisboa,2003,typ,metabolic typology,no unit,DSG
5607,PT17,AM Lisboa,2003,urb_typ,urban typology,no unit,URB
5608,PT17,AM Lisboa,2004,typ,metabolic typology,no unit,DSG
5609,PT17,AM Lisboa,2004,urb_typ,urban typology,no unit,URB
5610,PT17,AM Lisboa,2005,typ,metabolic typology,no unit,DSG
5611,PT17,AM Lisboa,2005,urb_typ,urban typology,no unit,URB
5612,PT17,AM Lisboa,2006,typ,metabolic typology,no unit,DSG
5613,PT17,AM Lisboa,2006,urb_typ,urban typology,no unit,URB
5614,PT17,AM Lisboa,2007,typ,metabolic typology,no unit,DSG
5615,PT17,AM Lisboa,2007,urb_typ,urban typology,no unit,URB
5616,PT17,AM Lisboa,2008,typ,metabolic typology,no unit,DSG
5617,PT17,AM Lisboa,2008,urb_typ,urban typology,no unit,URB
5618,PT17,AM Lisboa,2009,typ,metabolic typology,no unit,DSG
5619,PT17,AM Lisboa,2009,urb_typ,urban typology,no unit,URB
5620,PT17,AM Lisboa,2010,typ,metabolic typology,no unit,DSG
5621,PT17,AM Lisboa,2010,urb_typ,urban typology,no unit,URB
5622,PT17,AM Lisboa,2011,typ,metabolic typology,no unit,DSG
5623,PT17,AM Lisboa,2011,urb_typ,urban typology,no unit,URB
5624,PT17,AM Lisboa,2012,typ,metabolic typology,no unit,DSG
5625,PT17,AM Lisboa,2012,urb_typ,urban typology,no unit,URB
5626,PT17,AM Lisboa,2013,typ,metabolic typology,no unit,DSG
5627,PT17,AM Lisboa,2013,urb_typ,urban typology,no unit,URB
5628,PT17,AM Lisboa,2014,typ,metabolic typology,no unit,DSG
5629,PT17,AM Lisboa,2014,urb_typ,urban typology,no unit,URB
5630,PT17,AM Lisboa,2015,typ,metabolic typology,no unit,DSG
5631,PT17,AM Lisboa,2015,urb_typ,urban typology,no unit,URB
5632,PT17,AM Lisboa,2016,typ,metabolic typology,no unit,LVK
5633,PT17,AM Lisboa,2016,urb_typ,urban typology,no unit,URB
5634,PT17,AM Lisboa,2017,typ,metabolic typology,no unit,LVK
5635,PT17,AM Lisboa,2017,urb_typ,urban typology,no unit,URB
5636,PT17,AM Lisboa,2018,typ,metabolic typology,no unit,LVK
5637,PT17,AM Lisboa,2018,urb_typ,urban typology,no unit,URB
5638,PT17,AM Lisboa,2019,typ,metabolic typology,no unit,LVK
5639,PT17,AM Lisboa,2019,urb_typ,urban typology,no unit,URB
5640,PT18,Alentejo,1990,typ,metabolic typology,no unit,DSG
5641,PT18,Alentejo,1990,urb_typ,urban typology,no unit,
5642,PT18,Alentejo,1991,typ,metabolic typology,no unit,DSG
5643,PT18,Alentejo,1991,urb_typ,urban typology,no unit,
5644,PT18,Alentejo,1992,typ,metabolic typology,no unit,DSG
5645,PT18,Alentejo,1992,urb_typ,urban typology,no unit,
5646,PT18,Alentejo,1993,typ,metabolic typology,no unit,DSG
5647,PT18,Alentejo,1993,urb_typ,urban typology,no unit,
5648,PT18,Alentejo,1994,typ,metabolic typology,no unit,DSG
5649,PT18,Alentejo,1994,urb_typ,urban typology,no unit,
5650,PT18,Alentejo,1995,typ,metabolic typology,no unit,DSG
5651,PT18,Alentejo,1995,urb_typ,urban typology,no unit,
5652,PT18,Alentejo,1996,typ,metabolic typology,no unit,DSG
5653,PT18,Alentejo,1996,urb_typ,urban typology,no unit,
5654,PT18,Alentejo,1997,typ,metabolic typology,no unit,DSG
5655,PT18,Alentejo,1997,urb_typ,urban typology,no unit,
5656,PT18,Alentejo,1998,typ,metabolic typology,no unit,DSG
5657,PT18,Alentejo,1998,urb_typ,urban typology,no unit,
5658,PT18,Alentejo,1999,typ,metabolic typology,no unit,DSG
5659,PT18,Alentejo,1999,urb_typ,urban typology,no unit,
5660,PT18,Alentejo,2000,typ,metabolic typology,no unit,DSG
5661,PT18,Alentejo,2000,urb_typ,urban typology,no unit,
5662,PT18,Alentejo,2001,typ,metabolic typology,no unit,DSG
5663,PT18,Alentejo,2001,urb_typ,urban typology,no unit,
5664,PT18,Alentejo,2002,typ,metabolic typology,no unit,DSG
5665,PT18,Alentejo,2002,urb_typ,urban typology,no unit,
5666,PT18,Alentejo,2003,typ,metabolic typology,no unit,DSG
5667,PT18,Alentejo,2003,urb_typ,urban typology,no unit,
5668,PT18,Alentejo,2004,typ,metabolic typology,no unit,DSG
5669,PT18,Alentejo,2004,urb_typ,urban typology,no unit,
5670,PT18,Alentejo,2005,typ,metabolic typology,no unit,DSG
5671,PT18,Alentejo,2005,urb_typ,urban typology,no unit,
5672,PT18,Alentejo,2006,typ,metabolic typology,no unit,DSG
5673,PT18,Alentejo,2006,urb_typ,urban typology,no unit,
5674,PT18,Alentejo,2007,typ,metabolic typology,no unit,DSG
5675,PT18,Alentejo,2007,urb_typ,urban typology,no unit,
5676,PT18,Alentejo,2008,typ,metabolic typology,no unit,DSG
5677,PT18,Alentejo,2008,urb_typ,urban typology,no unit,
5678,PT18,Alentejo,2009,typ,metabolic typology,no unit,DSG
5679,PT18,Alentejo,2009,urb_typ,urban typology,no unit,
5680,PT18,Alentejo,2010,typ,metabolic typology,no unit,DSG
5681,PT18,Alentejo,2010,urb_typ,urban typology,no unit,
5682,PT18,Alentejo,2011,typ,metabolic typology,no unit,DSG
5683,PT18,Alentejo,2011,urb_typ,urban typology,no unit,
5684,PT18,Alentejo,2012,typ,metabolic typology,no unit,DSG
5685,PT18,Alentejo,2012,urb_typ,urban typology,no unit,
5686,PT18,Alentejo,2013,typ,metabolic typology,no unit,DSG
5687,PT18,Alentejo,2013,urb_typ,urban typology,no unit,
5688,PT18,Alentejo,2014,typ,metabolic typology,no unit,DSG
5689,PT18,Alentejo,2014,urb_typ,urban typology,no unit,
5690,PT18,Alentejo,2015,typ,metabolic typology,no unit,DSG
5691,PT18,Alentejo,2015,urb_typ,urban typology,no unit,
5692,PT18,Alentejo,2016,typ,metabolic typology,no unit,DSG
5693,PT18,Alentejo,2016,urb_typ,urban typology,no unit,
5694,PT18,Alentejo,2017,typ,metabolic typology,no unit,DSG
5695,PT18,Alentejo,2017,urb_typ,urban typology,no unit,
5696,PT18,Alentejo,2018,typ,metabolic typology,no unit,DSG
5697,PT18,Alentejo,2018,urb_typ,urban typology,no unit,
5698,PT18,Alentejo,2019,typ,metabolic typology,no unit,DSG
5699,PT18,Alentejo,2019,urb_typ,urban typology,no unit,
5700,RO11,Nord-Vest Romania,1990,typ,metabolic typology,no unit,MXG
5701,RO11,Nord-Vest Romania,1990,urb_typ,urban typology,no unit,
5702,RO11,Nord-Vest Romania,1991,typ,metabolic typology,no unit,MXG
5703,RO11,Nord-Vest Romania,1991,urb_typ,urban typology,no unit,
5704,RO11,Nord-Vest Romania,1992,typ,metabolic typology,no unit,MXG
5705,RO11,Nord-Vest Romania,1992,urb_typ,urban typology,no unit,
5706,RO11,Nord-Vest Romania,1993,typ,metabolic typology,no unit,MXG
5707,RO11,Nord-Vest Romania,1993,urb_typ,urban typology,no unit,
5708,RO11,Nord-Vest Romania,1994,typ,metabolic typology,no unit,MXG
5709,RO11,Nord-Vest Romania,1994,urb_typ,urban typology,no unit,
5710,RO11,Nord-Vest Romania,1995,typ,metabolic typology,no unit,MXG
5711,RO11,Nord-Vest Romania,1995,urb_typ,urban typology,no unit,
5712,RO11,Nord-Vest Romania,1996,typ,metabolic typology,no unit,MXG
5713,RO11,Nord-Vest Romania,1996,urb_typ,urban typology,no unit,
5714,RO11,Nord-Vest Romania,1997,typ,metabolic typology,no unit,MXG
5715,RO11,Nord-Vest Romania,1997,urb_typ,urban typology,no unit,
5716,RO11,Nord-Vest Romania,1998,typ,metabolic typology,no unit,MXG
5717,RO11,Nord-Vest Romania,1998,urb_typ,urban typology,no unit,
5718,RO11,Nord-Vest Romania,1999,typ,metabolic typology,no unit,MXG
5719,RO11,Nord-Vest Romania,1999,urb_typ,urban typology,no unit,
5720,RO11,Nord-Vest Romania,2000,typ,metabolic typology,no unit,MXG
5721,RO11,Nord-Vest Romania,2000,urb_typ,urban typology,no unit,
5722,RO11,Nord-Vest Romania,2001,typ,metabolic typology,no unit,MXG
5723,RO11,Nord-Vest Romania,2001,urb_typ,urban typology,no unit,
5724,RO11,Nord-Vest Romania,2002,typ,metabolic typology,no unit,MXG
5725,RO11,Nord-Vest Romania,2002,urb_typ,urban typology,no unit,
5726,RO11,Nord-Vest Romania,2003,typ,metabolic typology,no unit,MXG
5727,RO11,Nord-Vest Romania,2003,urb_typ,urban typology,no unit,
5728,RO11,Nord-Vest Romania,2004,typ,metabolic typology,no unit,MXG
5729,RO11,Nord-Vest Romania,2004,urb_typ,urban typology,no unit,
5730,RO11,Nord-Vest Romania,2005,typ,metabolic typology,no unit,MXG
5731,RO11,Nord-Vest Romania,2005,urb_typ,urban typology,no unit,
5732,RO11,Nord-Vest Romania,2006,typ,metabolic typology,no unit,MXG
5733,RO11,Nord-Vest Romania,2006,urb_typ,urban typology,no unit,
5734,RO11,Nord-Vest Romania,2007,typ,metabolic typology,no unit,MXG
5735,RO11,Nord-Vest Romania,2007,urb_typ,urban typology,no unit,
5736,RO11,Nord-Vest Romania,2008,typ,metabolic typology,no unit,MXG
5737,RO11,Nord-Vest Romania,2008,urb_typ,urban typology,no unit,
5738,RO11,Nord-Vest Romania,2009,typ,metabolic typology,no unit,MXG
5739,RO11,Nord-Vest Romania,2009,urb_typ,urban typology,no unit,
5740,RO11,Nord-Vest Romania,2010,typ,metabolic typology,no unit,MXG
5741,RO11,Nord-Vest Romania,2010,urb_typ,urban typology,no unit,
5742,RO11,Nord-Vest Romania,2011,typ,metabolic typology,no unit,MXG
5743,RO11,Nord-Vest Romania,2011,urb_typ,urban typology,no unit,
5744,RO11,Nord-Vest Romania,2012,typ,metabolic typology,no unit,MXG
5745,RO11,Nord-Vest Romania,2012,urb_typ,urban typology,no unit,
5746,RO11,Nord-Vest Romania,2013,typ,metabolic typology,no unit,MXG
5747,RO11,Nord-Vest Romania,2013,urb_typ,urban typology,no unit,
5748,RO11,Nord-Vest Romania,2014,typ,metabolic typology,no unit,MXG
5749,RO11,Nord-Vest Romania,2014,urb_typ,urban typology,no unit,
5750,RO11,Nord-Vest Romania,2015,typ,metabolic typology,no unit,MXG
5751,RO11,Nord-Vest Romania,2015,urb_typ,urban typology,no unit,
5752,RO11,Nord-Vest Romania,2016,typ,metabolic typology,no unit,MXG
5753,RO11,Nord-Vest Romania,2016,urb_typ,urban typology,no unit,
5754,RO11,Nord-Vest Romania,2017,typ,metabolic typology,no unit,MXG
5755,RO11,Nord-Vest Romania,2017,urb_typ,urban typology,no unit,
5756,RO11,Nord-Vest Romania,2018,typ,metabolic typology,no unit,MXG
5757,RO11,Nord-Vest Romania,2018,urb_typ,urban typology,no unit,
5758,RO11,Nord-Vest Romania,2019,typ,metabolic typology,no unit,MXG
5759,RO11,Nord-Vest Romania,2019,urb_typ,urban typology,no unit,
5760,RO12,Centru Romania,1990,typ,metabolic typology,no unit,MXG
5761,RO12,Centru Romania,1990,urb_typ,urban typology,no unit,
5762,RO12,Centru Romania,1991,typ,metabolic typology,no unit,MXG
5763,RO12,Centru Romania,1991,urb_typ,urban typology,no unit,
5764,RO12,Centru Romania,1992,typ,metabolic typology,no unit,MXG
5765,RO12,Centru Romania,1992,urb_typ,urban typology,no unit,
5766,RO12,Centru Romania,1993,typ,metabolic typology,no unit,MXG
5767,RO12,Centru Romania,1993,urb_typ,urban typology,no unit,
5768,RO12,Centru Romania,1994,typ,metabolic typology,no unit,MXG
5769,RO12,Centru Romania,1994,urb_typ,urban typology,no unit,
5770,RO12,Centru Romania,1995,typ,metabolic typology,no unit,MXG
5771,RO12,Centru Romania,1995,urb_typ,urban typology,no unit,
5772,RO12,Centru Romania,1996,typ,metabolic typology,no unit,MXG
5773,RO12,Centru Romania,1996,urb_typ,urban typology,no unit,
5774,RO12,Centru Romania,1997,typ,metabolic typology,no unit,MXG
5775,RO12,Centru Romania,1997,urb_typ,urban typology,no unit,
5776,RO12,Centru Romania,1998,typ,metabolic typology,no unit,MXG
5777,RO12,Centru Romania,1998,urb_typ,urban typology,no unit,
5778,RO12,Centru Romania,1999,typ,metabolic typology,no unit,MXG
5779,RO12,Centru Romania,1999,urb_typ,urban typology,no unit,
5780,RO12,Centru Romania,2000,typ,metabolic typology,no unit,MXG
5781,RO12,Centru Romania,2000,urb_typ,urban typology,no unit,
5782,RO12,Centru Romania,2001,typ,metabolic typology,no unit,MXG
5783,RO12,Centru Romania,2001,urb_typ,urban typology,no unit,
5784,RO12,Centru Romania,2002,typ,metabolic typology,no unit,MXG
5785,RO12,Centru Romania,2002,urb_typ,urban typology,no unit,
5786,RO12,Centru Romania,2003,typ,metabolic typology,no unit,MXG
5787,RO12,Centru Romania,2003,urb_typ,urban typology,no unit,
5788,RO12,Centru Romania,2004,typ,metabolic typology,no unit,MXG
5789,RO12,Centru Romania,2004,urb_typ,urban typology,no unit,
5790,RO12,Centru Romania,2005,typ,metabolic typology,no unit,MXG
5791,RO12,Centru Romania,2005,urb_typ,urban typology,no unit,
5792,RO12,Centru Romania,2006,typ,metabolic typology,no unit,MXG
5793,RO12,Centru Romania,2006,urb_typ,urban typology,no unit,
5794,RO12,Centru Romania,2007,typ,metabolic typology,no unit,MXG
5795,RO12,Centru Romania,2007,urb_typ,urban typology,no unit,
5796,RO12,Centru Romania,2008,typ,metabolic typology,no unit,MXG
5797,RO12,Centru Romania,2008,urb_typ,urban typology,no unit,
5798,RO12,Centru Romania,2009,typ,metabolic typology,no unit,MXG
5799,RO12,Centru Romania,2009,urb_typ,urban typology,no unit,
5800,RO12,Centru Romania,2010,typ,metabolic typology,no unit,MXG
5801,RO12,Centru Romania,2010,urb_typ,urban typology,no unit,
5802,RO12,Centru Romania,2011,typ,metabolic typology,no unit,MXG
5803,RO12,Centru Romania,2011,urb_typ,urban typology,no unit,
5804,RO12,Centru Romania,2012,typ,metabolic typology,no unit,MXG
5805,RO12,Centru Romania,2012,urb_typ,urban typology,no unit,
5806,RO12,Centru Romania,2013,typ,metabolic typology,no unit,MXG
5807,RO12,Centru Romania,2013,urb_typ,urban typology,no unit,
5808,RO12,Centru Romania,2014,typ,metabolic typology,no unit,MXG
5809,RO12,Centru Romania,2014,urb_typ,urban typology,no unit,
5810,RO12,Centru Romania,2015,typ,metabolic typology,no unit,MXG
5811,RO12,Centru Romania,2015,urb_typ,urban typology,no unit,
5812,RO12,Centru Romania,2016,typ,metabolic typology,no unit,MXG
5813,RO12,Centru Romania,2016,urb_typ,urban typology,no unit,
5814,RO12,Centru Romania,2017,typ,metabolic typology,no unit,MXG
5815,RO12,Centru Romania,2017,urb_typ,urban typology,no unit,
5816,RO12,Centru Romania,2018,typ,metabolic typology,no unit,MXG
5817,RO12,Centru Romania,2018,urb_typ,urban typology,no unit,
5818,RO12,Centru Romania,2019,typ,metabolic typology,no unit,MXG
5819,RO12,Centru Romania,2019,urb_typ,urban typology,no unit,
5820,RO21,Nord-Est Romania,1990,typ,metabolic typology,no unit,MXG
5821,RO21,Nord-Est Romania,1990,urb_typ,urban typology,no unit,
5822,RO21,Nord-Est Romania,1991,typ,metabolic typology,no unit,MXG
5823,RO21,Nord-Est Romania,1991,urb_typ,urban typology,no unit,
5824,RO21,Nord-Est Romania,1992,typ,metabolic typology,no unit,MXG
5825,RO21,Nord-Est Romania,1992,urb_typ,urban typology,no unit,
5826,RO21,Nord-Est Romania,1993,typ,metabolic typology,no unit,MXG
5827,RO21,Nord-Est Romania,1993,urb_typ,urban typology,no unit,
5828,RO21,Nord-Est Romania,1994,typ,metabolic typology,no unit,MXG
5829,RO21,Nord-Est Romania,1994,urb_typ,urban typology,no unit,
5830,RO21,Nord-Est Romania,1995,typ,metabolic typology,no unit,MXG
5831,RO21,Nord-Est Romania,1995,urb_typ,urban typology,no unit,
5832,RO21,Nord-Est Romania,1996,typ,metabolic typology,no unit,MXG
5833,RO21,Nord-Est Romania,1996,urb_typ,urban typology,no unit,
5834,RO21,Nord-Est Romania,1997,typ,metabolic typology,no unit,MXG
5835,RO21,Nord-Est Romania,1997,urb_typ,urban typology,no unit,
5836,RO21,Nord-Est Romania,1998,typ,metabolic typology,no unit,MXG
5837,RO21,Nord-Est Romania,1998,urb_typ,urban typology,no unit,
5838,RO21,Nord-Est Romania,1999,typ,metabolic typology,no unit,MXG
5839,RO21,Nord-Est Romania,1999,urb_typ,urban typology,no unit,
5840,RO21,Nord-Est Romania,2000,typ,metabolic typology,no unit,MXG
5841,RO21,Nord-Est Romania,2000,urb_typ,urban typology,no unit,
5842,RO21,Nord-Est Romania,2001,typ,metabolic typology,no unit,MXG
5843,RO21,Nord-Est Romania,2001,urb_typ,urban typology,no unit,
5844,RO21,Nord-Est Romania,2002,typ,metabolic typology,no unit,MXG
5845,RO21,Nord-Est Romania,2002,urb_typ,urban typology,no unit,
5846,RO21,Nord-Est Romania,2003,typ,metabolic typology,no unit,MXG
5847,RO21,Nord-Est Romania,2003,urb_typ,urban typology,no unit,
5848,RO21,Nord-Est Romania,2004,typ,metabolic typology,no unit,MXG
5849,RO21,Nord-Est Romania,2004,urb_typ,urban typology,no unit,
5850,RO21,Nord-Est Romania,2005,typ,metabolic typology,no unit,MXG
5851,RO21,Nord-Est Romania,2005,urb_typ,urban typology,no unit,
5852,RO21,Nord-Est Romania,2006,typ,metabolic typology,no unit,MXG
5853,RO21,Nord-Est Romania,2006,urb_typ,urban typology,no unit,
5854,RO21,Nord-Est Romania,2007,typ,metabolic typology,no unit,MXG
5855,RO21,Nord-Est Romania,2007,urb_typ,urban typology,no unit,
5856,RO21,Nord-Est Romania,2008,typ,metabolic typology,no unit,MXG
5857,RO21,Nord-Est Romania,2008,urb_typ,urban typology,no unit,
5858,RO21,Nord-Est Romania,2009,typ,metabolic typology,no unit,MXG
5859,RO21,Nord-Est Romania,2009,urb_typ,urban typology,no unit,
5860,RO21,Nord-Est Romania,2010,typ,metabolic typology,no unit,MXG
5861,RO21,Nord-Est Romania,2010,urb_typ,urban typology,no unit,
5862,RO21,Nord-Est Romania,2011,typ,metabolic typology,no unit,MXG
5863,RO21,Nord-Est Romania,2011,urb_typ,urban typology,no unit,
5864,RO21,Nord-Est Romania,2012,typ,metabolic typology,no unit,MXG
5865,RO21,Nord-Est Romania,2012,urb_typ,urban typology,no unit,
5866,RO21,Nord-Est Romania,2013,typ,metabolic typology,no unit,MXG
5867,RO21,Nord-Est Romania,2013,urb_typ,urban typology,no unit,
5868,RO21,Nord-Est Romania,2014,typ,metabolic typology,no unit,MXG
5869,RO21,Nord-Est Romania,2014,urb_typ,urban typology,no unit,
5870,RO21,Nord-Est Romania,2015,typ,metabolic typology,no unit,MXG
5871,RO21,Nord-Est Romania,2015,urb_typ,urban typology,no unit,
5872,RO21,Nord-Est Romania,2016,typ,metabolic typology,no unit,MXG
5873,RO21,Nord-Est Romania,2016,urb_typ,urban typology,no unit,
5874,RO21,Nord-Est Romania,2017,typ,metabolic typology,no unit,MXG
5875,RO21,Nord-Est Romania,2017,urb_typ,urban typology,no unit,
5876,RO21,Nord-Est Romania,2018,typ,metabolic typology,no unit,MXG
5877,RO21,Nord-Est Romania,2018,urb_typ,urban typology,no unit,
5878,RO21,Nord-Est Romania,2019,typ,metabolic typology,no unit,MXG
5879,RO21,Nord-Est Romania,2019,urb_typ,urban typology,no unit,
5880,RO22,Sud-Est Romania,1990,typ,metabolic typology,no unit,DSG
5881,RO22,Sud-Est Romania,1990,urb_typ,urban typology,no unit,
5882,RO22,Sud-Est Romania,1991,typ,metabolic typology,no unit,DSG
5883,RO22,Sud-Est Romania,1991,urb_typ,urban typology,no unit,
5884,RO22,Sud-Est Romania,1992,typ,metabolic typology,no unit,DSG
5885,RO22,Sud-Est Romania,1992,urb_typ,urban typology,no unit,
5886,RO22,Sud-Est Romania,1993,typ,metabolic typology,no unit,DSG
5887,RO22,Sud-Est Romania,1993,urb_typ,urban typology,no unit,
5888,RO22,Sud-Est Romania,1994,typ,metabolic typology,no unit,DSG
5889,RO22,Sud-Est Romania,1994,urb_typ,urban typology,no unit,
5890,RO22,Sud-Est Romania,1995,typ,metabolic typology,no unit,DSG
5891,RO22,Sud-Est Romania,1995,urb_typ,urban typology,no unit,
5892,RO22,Sud-Est Romania,1996,typ,metabolic typology,no unit,DSG
5893,RO22,Sud-Est Romania,1996,urb_typ,urban typology,no unit,
5894,RO22,Sud-Est Romania,1997,typ,metabolic typology,no unit,SCS
5895,RO22,Sud-Est Romania,1997,urb_typ,urban typology,no unit,
5896,RO22,Sud-Est Romania,1998,typ,metabolic typology,no unit,DSG
5897,RO22,Sud-Est Romania,1998,urb_typ,urban typology,no unit,
5898,RO22,Sud-Est Romania,1999,typ,metabolic typology,no unit,SCS
5899,RO22,Sud-Est Romania,1999,urb_typ,urban typology,no unit,
5900,RO22,Sud-Est Romania,2000,typ,metabolic typology,no unit,DSG
5901,RO22,Sud-Est Romania,2000,urb_typ,urban typology,no unit,
5902,RO22,Sud-Est Romania,2001,typ,metabolic typology,no unit,DSG
5903,RO22,Sud-Est Romania,2001,urb_typ,urban typology,no unit,
5904,RO22,Sud-Est Romania,2002,typ,metabolic typology,no unit,DSG
5905,RO22,Sud-Est Romania,2002,urb_typ,urban typology,no unit,
5906,RO22,Sud-Est Romania,2003,typ,metabolic typology,no unit,DSG
5907,RO22,Sud-Est Romania,2003,urb_typ,urban typology,no unit,
5908,RO22,Sud-Est Romania,2004,typ,metabolic typology,no unit,SCS
5909,RO22,Sud-Est Romania,2004,urb_typ,urban typology,no unit,
5910,RO22,Sud-Est Romania,2005,typ,metabolic typology,no unit,DSG
5911,RO22,Sud-Est Romania,2005,urb_typ,urban typology,no unit,
5912,RO22,Sud-Est Romania,2006,typ,metabolic typology,no unit,DSG
5913,RO22,Sud-Est Romania,2006,urb_typ,urban typology,no unit,
5914,RO22,Sud-Est Romania,2007,typ,metabolic typology,no unit,DSG
5915,RO22,Sud-Est Romania,2007,urb_typ,urban typology,no unit,
5916,RO22,Sud-Est Romania,2008,typ,metabolic typology,no unit,DSG
5917,RO22,Sud-Est Romania,2008,urb_typ,urban typology,no unit,
5918,RO22,Sud-Est Romania,2009,typ,metabolic typology,no unit,DSG
5919,RO22,Sud-Est Romania,2009,urb_typ,urban typology,no unit,
5920,RO22,Sud-Est Romania,2010,typ,metabolic typology,no unit,SCS
5921,RO22,Sud-Est Romania,2010,urb_typ,urban typology,no unit,
5922,RO22,Sud-Est Romania,2011,typ,metabolic typology,no unit,SCS
5923,RO22,Sud-Est Romania,2011,urb_typ,urban typology,no unit,
5924,RO22,Sud-Est Romania,2012,typ,metabolic typology,no unit,DSG
5925,RO22,Sud-Est Romania,2012,urb_typ,urban typology,no unit,
5926,RO22,Sud-Est Romania,2013,typ,metabolic typology,no unit,SCS
5927,RO22,Sud-Est Romania,2013,urb_typ,urban typology,no unit,
5928,RO22,Sud-Est Romania,2014,typ,metabolic typology,no unit,SCS
5929,RO22,Sud-Est Romania,2014,urb_typ,urban typology,no unit,
5930,RO22,Sud-Est Romania,2015,typ,metabolic typology,no unit,SCS
5931,RO22,Sud-Est Romania,2015,urb_typ,urban typology,no unit,
5932,RO22,Sud-Est Romania,2016,typ,metabolic typology,no unit,SCS
5933,RO22,Sud-Est Romania,2016,urb_typ,urban typology,no unit,
5934,RO22,Sud-Est Romania,2017,typ,metabolic typology,no unit,SCS
5935,RO22,Sud-Est Romania,2017,urb_typ,urban typology,no unit,
5936,RO22,Sud-Est Romania,2018,typ,metabolic typology,no unit,SCS
5937,RO22,Sud-Est Romania,2018,urb_typ,urban typology,no unit,
5938,RO22,Sud-Est Romania,2019,typ,metabolic typology,no unit,SCS
5939,RO22,Sud-Est Romania,2019,urb_typ,urban typology,no unit,
5940,RO31,Sud - Muntenia Romania,1990,typ,metabolic typology,no unit,DSG
5941,RO31,Sud - Muntenia Romania,1990,urb_typ,urban typology,no unit,
5942,RO31,Sud - Muntenia Romania,1991,typ,metabolic typology,no unit,DSG
5943,RO31,Sud - Muntenia Romania,1991,urb_typ,urban typology,no unit,
5944,RO31,Sud - Muntenia Romania,1992,typ,metabolic typology,no unit,DSG
5945,RO31,Sud - Muntenia Romania,1992,urb_typ,urban typology,no unit,
5946,RO31,Sud - Muntenia Romania,1993,typ,metabolic typology,no unit,DSG
5947,RO31,Sud - Muntenia Romania,1993,urb_typ,urban typology,no unit,
5948,RO31,Sud - Muntenia Romania,1994,typ,metabolic typology,no unit,DSG
5949,RO31,Sud - Muntenia Romania,1994,urb_typ,urban typology,no unit,
5950,RO31,Sud - Muntenia Romania,1995,typ,metabolic typology,no unit,DSG
5951,RO31,Sud - Muntenia Romania,1995,urb_typ,urban typology,no unit,
5952,RO31,Sud - Muntenia Romania,1996,typ,metabolic typology,no unit,DSG
5953,RO31,Sud - Muntenia Romania,1996,urb_typ,urban typology,no unit,
5954,RO31,Sud - Muntenia Romania,1997,typ,metabolic typology,no unit,DSG
5955,RO31,Sud - Muntenia Romania,1997,urb_typ,urban typology,no unit,
5956,RO31,Sud - Muntenia Romania,1998,typ,metabolic typology,no unit,DSG
5957,RO31,Sud - Muntenia Romania,1998,urb_typ,urban typology,no unit,
5958,RO31,Sud - Muntenia Romania,1999,typ,metabolic typology,no unit,DSG
5959,RO31,Sud - Muntenia Romania,1999,urb_typ,urban typology,no unit,
5960,RO31,Sud - Muntenia Romania,2000,typ,metabolic typology,no unit,DSG
5961,RO31,Sud - Muntenia Romania,2000,urb_typ,urban typology,no unit,
5962,RO31,Sud - Muntenia Romania,2001,typ,metabolic typology,no unit,DSG
5963,RO31,Sud - Muntenia Romania,2001,urb_typ,urban typology,no unit,
5964,RO31,Sud - Muntenia Romania,2002,typ,metabolic typology,no unit,DSG
5965,RO31,Sud - Muntenia Romania,2002,urb_typ,urban typology,no unit,
5966,RO31,Sud - Muntenia Romania,2003,typ,metabolic typology,no unit,DSG
5967,RO31,Sud - Muntenia Romania,2003,urb_typ,urban typology,no unit,
5968,RO31,Sud - Muntenia Romania,2004,typ,metabolic typology,no unit,SCS
5969,RO31,Sud - Muntenia Romania,2004,urb_typ,urban typology,no unit,
5970,RO31,Sud - Muntenia Romania,2005,typ,metabolic typology,no unit,DSG
5971,RO31,Sud - Muntenia Romania,2005,urb_typ,urban typology,no unit,
5972,RO31,Sud - Muntenia Romania,2006,typ,metabolic typology,no unit,DSG
5973,RO31,Sud - Muntenia Romania,2006,urb_typ,urban typology,no unit,
5974,RO31,Sud - Muntenia Romania,2007,typ,metabolic typology,no unit,DSG
5975,RO31,Sud - Muntenia Romania,2007,urb_typ,urban typology,no unit,
5976,RO31,Sud - Muntenia Romania,2008,typ,metabolic typology,no unit,DSG
5977,RO31,Sud - Muntenia Romania,2008,urb_typ,urban typology,no unit,
5978,RO31,Sud - Muntenia Romania,2009,typ,metabolic typology,no unit,DSG
5979,RO31,Sud - Muntenia Romania,2009,urb_typ,urban typology,no unit,
5980,RO31,Sud - Muntenia Romania,2010,typ,metabolic typology,no unit,SCS
5981,RO31,Sud - Muntenia Romania,2010,urb_typ,urban typology,no unit,
5982,RO31,Sud - Muntenia Romania,2011,typ,metabolic typology,no unit,SCS
5983,RO31,Sud - Muntenia Romania,2011,urb_typ,urban typology,no unit,
5984,RO31,Sud - Muntenia Romania,2012,typ,metabolic typology,no unit,DSG
5985,RO31,Sud - Muntenia Romania,2012,urb_typ,urban typology,no unit,
5986,RO31,Sud - Muntenia Romania,2013,typ,metabolic typology,no unit,SCS
5987,RO31,Sud - Muntenia Romania,2013,urb_typ,urban typology,no unit,
5988,RO31,Sud - Muntenia Romania,2014,typ,metabolic typology,no unit,SCS
5989,RO31,Sud - Muntenia Romania,2014,urb_typ,urban typology,no unit,
5990,RO31,Sud - Muntenia Romania,2015,typ,metabolic typology,no unit,SCS
5991,RO31,Sud - Muntenia Romania,2015,urb_typ,urban typology,no unit,
5992,RO31,Sud - Muntenia Romania,2016,typ,metabolic typology,no unit,SCS
5993,RO31,Sud - Muntenia Romania,2016,urb_typ,urban typology,no unit,
5994,RO31,Sud - Muntenia Romania,2017,typ,metabolic typology,no unit,SCS
5995,RO31,Sud - Muntenia Romania,2017,urb_typ,urban typology,no unit,
5996,RO31,Sud - Muntenia Romania,2018,typ,metabolic typology,no unit,SCS
5997,RO31,Sud - Muntenia Romania,2018,urb_typ,urban typology,no unit,
5998,RO31,Sud - Muntenia Romania,2019,typ,metabolic typology,no unit,SCS
5999,RO31,Sud - Muntenia Romania,2019,urb_typ,urban typology,no unit,
6000,RO32,Bucureşti - Ilfov,1990,typ,metabolic typology,no unit,DSG
6001,RO32,Bucureşti - Ilfov,1990,urb_typ,urban typology,no unit,URB
6002,RO32,Bucureşti - Ilfov,1991,typ,metabolic typology,no unit,MXF
6003,RO32,Bucureşti - Ilfov,1991,urb_typ,urban typology,no unit,URB
6004,RO32,Bucureşti - Ilfov,1992,typ,metabolic typology,no unit,DSG
6005,RO32,Bucureşti - Ilfov,1992,urb_typ,urban typology,no unit,URB
6006,RO32,Bucureşti - Ilfov,1993,typ,metabolic typology,no unit,DSG
6007,RO32,Bucureşti - Ilfov,1993,urb_typ,urban typology,no unit,URB
6008,RO32,Bucureşti - Ilfov,1994,typ,metabolic typology,no unit,MXF
6009,RO32,Bucureşti - Ilfov,1994,urb_typ,urban typology,no unit,URB
6010,RO32,Bucureşti - Ilfov,1995,typ,metabolic typology,no unit,DSG
6011,RO32,Bucureşti - Ilfov,1995,urb_typ,urban typology,no unit,URB
6012,RO32,Bucureşti - Ilfov,1996,typ,metabolic typology,no unit,MXF
6013,RO32,Bucureşti - Ilfov,1996,urb_typ,urban typology,no unit,URB
6014,RO32,Bucureşti - Ilfov,1997,typ,metabolic typology,no unit,MXF
6015,RO32,Bucureşti - Ilfov,1997,urb_typ,urban typology,no unit,URB
6016,RO32,Bucureşti - Ilfov,1998,typ,metabolic typology,no unit,MXF
6017,RO32,Bucureşti - Ilfov,1998,urb_typ,urban typology,no unit,URB
6018,RO32,Bucureşti - Ilfov,1999,typ,metabolic typology,no unit,DSG
6019,RO32,Bucureşti - Ilfov,1999,urb_typ,urban typology,no unit,URB
6020,RO32,Bucureşti - Ilfov,2000,typ,metabolic typology,no unit,MXF
6021,RO32,Bucureşti - Ilfov,2000,urb_typ,urban typology,no unit,URB
6022,RO32,Bucureşti - Ilfov,2001,typ,metabolic typology,no unit,DSG
6023,RO32,Bucureşti - Ilfov,2001,urb_typ,urban typology,no unit,URB
6024,RO32,Bucureşti - Ilfov,2002,typ,metabolic typology,no unit,DSG
6025,RO32,Bucureşti - Ilfov,2002,urb_typ,urban typology,no unit,URB
6026,RO32,Bucureşti - Ilfov,2003,typ,metabolic typology,no unit,MXF
6027,RO32,Bucureşti - Ilfov,2003,urb_typ,urban typology,no unit,URB
6028,RO32,Bucureşti - Ilfov,2004,typ,metabolic typology,no unit,DSG
6029,RO32,Bucureşti - Ilfov,2004,urb_typ,urban typology,no unit,URB
6030,RO32,Bucureşti - Ilfov,2005,typ,metabolic typology,no unit,DSG
6031,RO32,Bucureşti - Ilfov,2005,urb_typ,urban typology,no unit,URB
6032,RO32,Bucureşti - Ilfov,2006,typ,metabolic typology,no unit,DSG
6033,RO32,Bucureşti - Ilfov,2006,urb_typ,urban typology,no unit,URB
6034,RO32,Bucureşti - Ilfov,2007,typ,metabolic typology,no unit,DSG
6035,RO32,Bucureşti - Ilfov,2007,urb_typ,urban typology,no unit,URB
6036,RO32,Bucureşti - Ilfov,2008,typ,metabolic typology,no unit,DSG
6037,RO32,Bucureşti - Ilfov,2008,urb_typ,urban typology,no unit,URB
6038,RO32,Bucureşti - Ilfov,2009,typ,metabolic typology,no unit,DSG
6039,RO32,Bucureşti - Ilfov,2009,urb_typ,urban typology,no unit,URB
6040,RO32,Bucureşti - Ilfov,2010,typ,metabolic typology,no unit,DSG
6041,RO32,Bucureşti - Ilfov,2010,urb_typ,urban typology,no unit,URB
6042,RO32,Bucureşti - Ilfov,2011,typ,metabolic typology,no unit,DSG
6043,RO32,Bucureşti - Ilfov,2011,urb_typ,urban typology,no unit,URB
6044,RO32,Bucureşti - Ilfov,2012,typ,metabolic typology,no unit,MXF
6045,RO32,Bucureşti - Ilfov,2012,urb_typ,urban typology,no unit,URB
6046,RO32,Bucureşti - Ilfov,2013,typ,metabolic typology,no unit,SCS
6047,RO32,Bucureşti - Ilfov,2013,urb_typ,urban typology,no unit,URB
6048,RO32,Bucureşti - Ilfov,2014,typ,metabolic typology,no unit,SCS
6049,RO32,Bucureşti - Ilfov,2014,urb_typ,urban typology,no unit,URB
6050,RO32,Bucureşti - Ilfov,2015,typ,metabolic typology,no unit,SCS
6051,RO32,Bucureşti - Ilfov,2015,urb_typ,urban typology,no unit,URB
6052,RO32,Bucureşti - Ilfov,2016,typ,metabolic typology,no unit,SCS
6053,RO32,Bucureşti - Ilfov,2016,urb_typ,urban typology,no unit,URB
6054,RO32,Bucureşti - Ilfov,2017,typ,metabolic typology,no unit,SCS
6055,RO32,Bucureşti - Ilfov,2017,urb_typ,urban typology,no unit,URB
6056,RO32,Bucureşti - Ilfov,2018,typ,metabolic typology,no unit,SCS
6057,RO32,Bucureşti - Ilfov,2018,urb_typ,urban typology,no unit,URB
6058,RO32,Bucureşti - Ilfov,2019,typ,metabolic typology,no unit,SCS
6059,RO32,Bucureşti - Ilfov,2019,urb_typ,urban typology,no unit,URB
6060,RO41,Sud-Vest Oltenia,1990,typ,metabolic typology,no unit,DSG
6061,RO41,Sud-Vest Oltenia,1990,urb_typ,urban typology,no unit,
6062,RO41,Sud-Vest Oltenia,1991,typ,metabolic typology,no unit,DSG
6063,RO41,Sud-Vest Oltenia,1991,urb_typ,urban typology,no unit,
6064,RO41,Sud-Vest Oltenia,1992,typ,metabolic typology,no unit,DSG
6065,RO41,Sud-Vest Oltenia,1992,urb_typ,urban typology,no unit,
6066,RO41,Sud-Vest Oltenia,1993,typ,metabolic typology,no unit,DSG
6067,RO41,Sud-Vest Oltenia,1993,urb_typ,urban typology,no unit,
6068,RO41,Sud-Vest Oltenia,1994,typ,metabolic typology,no unit,DSG
6069,RO41,Sud-Vest Oltenia,1994,urb_typ,urban typology,no unit,
6070,RO41,Sud-Vest Oltenia,1995,typ,metabolic typology,no unit,DSG
6071,RO41,Sud-Vest Oltenia,1995,urb_typ,urban typology,no unit,
6072,RO41,Sud-Vest Oltenia,1996,typ,metabolic typology,no unit,DSG
6073,RO41,Sud-Vest Oltenia,1996,urb_typ,urban typology,no unit,
6074,RO41,Sud-Vest Oltenia,1997,typ,metabolic typology,no unit,DSG
6075,RO41,Sud-Vest Oltenia,1997,urb_typ,urban typology,no unit,
6076,RO41,Sud-Vest Oltenia,1998,typ,metabolic typology,no unit,DSG
6077,RO41,Sud-Vest Oltenia,1998,urb_typ,urban typology,no unit,
6078,RO41,Sud-Vest Oltenia,1999,typ,metabolic typology,no unit,DSG
6079,RO41,Sud-Vest Oltenia,1999,urb_typ,urban typology,no unit,
6080,RO41,Sud-Vest Oltenia,2000,typ,metabolic typology,no unit,DSG
6081,RO41,Sud-Vest Oltenia,2000,urb_typ,urban typology,no unit,
6082,RO41,Sud-Vest Oltenia,2001,typ,metabolic typology,no unit,DSG
6083,RO41,Sud-Vest Oltenia,2001,urb_typ,urban typology,no unit,
6084,RO41,Sud-Vest Oltenia,2002,typ,metabolic typology,no unit,DSG
6085,RO41,Sud-Vest Oltenia,2002,urb_typ,urban typology,no unit,
6086,RO41,Sud-Vest Oltenia,2003,typ,metabolic typology,no unit,DSG
6087,RO41,Sud-Vest Oltenia,2003,urb_typ,urban typology,no unit,
6088,RO41,Sud-Vest Oltenia,2004,typ,metabolic typology,no unit,DSG
6089,RO41,Sud-Vest Oltenia,2004,urb_typ,urban typology,no unit,
6090,RO41,Sud-Vest Oltenia,2005,typ,metabolic typology,no unit,DSG
6091,RO41,Sud-Vest Oltenia,2005,urb_typ,urban typology,no unit,
6092,RO41,Sud-Vest Oltenia,2006,typ,metabolic typology,no unit,DSG
6093,RO41,Sud-Vest Oltenia,2006,urb_typ,urban typology,no unit,
6094,RO41,Sud-Vest Oltenia,2007,typ,metabolic typology,no unit,DSG
6095,RO41,Sud-Vest Oltenia,2007,urb_typ,urban typology,no unit,
6096,RO41,Sud-Vest Oltenia,2008,typ,metabolic typology,no unit,DSG
6097,RO41,Sud-Vest Oltenia,2008,urb_typ,urban typology,no unit,
6098,RO41,Sud-Vest Oltenia,2009,typ,metabolic typology,no unit,DSG
6099,RO41,Sud-Vest Oltenia,2009,urb_typ,urban typology,no unit,
6100,RO41,Sud-Vest Oltenia,2010,typ,metabolic typology,no unit,DSG
6101,RO41,Sud-Vest Oltenia,2010,urb_typ,urban typology,no unit,
6102,RO41,Sud-Vest Oltenia,2011,typ,metabolic typology,no unit,DSG
6103,RO41,Sud-Vest Oltenia,2011,urb_typ,urban typology,no unit,
6104,RO41,Sud-Vest Oltenia,2012,typ,metabolic typology,no unit,DSG
6105,RO41,Sud-Vest Oltenia,2012,urb_typ,urban typology,no unit,
6106,RO41,Sud-Vest Oltenia,2013,typ,metabolic typology,no unit,DSG
6107,RO41,Sud-Vest Oltenia,2013,urb_typ,urban typology,no unit,
6108,RO41,Sud-Vest Oltenia,2014,typ,metabolic typology,no unit,DSG
6109,RO41,Sud-Vest Oltenia,2014,urb_typ,urban typology,no unit,
6110,RO41,Sud-Vest Oltenia,2015,typ,metabolic typology,no unit,DSG
6111,RO41,Sud-Vest Oltenia,2015,urb_typ,urban typology,no unit,
6112,RO41,Sud-Vest Oltenia,2016,typ,metabolic typology,no unit,DSG
6113,RO41,Sud-Vest Oltenia,2016,urb_typ,urban typology,no unit,
6114,RO41,Sud-Vest Oltenia,2017,typ,metabolic typology,no unit,SCS
6115,RO41,Sud-Vest Oltenia,2017,urb_typ,urban typology,no unit,
6116,RO41,Sud-Vest Oltenia,2018,typ,metabolic typology,no unit,SCS
6117,RO41,Sud-Vest Oltenia,2018,urb_typ,urban typology,no unit,
6118,RO41,Sud-Vest Oltenia,2019,typ,metabolic typology,no unit,SCS
6119,RO41,Sud-Vest Oltenia,2019,urb_typ,urban typology,no unit,
6120,RO42,Vest Romania,1990,typ,metabolic typology,no unit,MXG
6121,RO42,Vest Romania,1990,urb_typ,urban typology,no unit,
6122,RO42,Vest Romania,1991,typ,metabolic typology,no unit,MXG
6123,RO42,Vest Romania,1991,urb_typ,urban typology,no unit,
6124,RO42,Vest Romania,1992,typ,metabolic typology,no unit,MXG
6125,RO42,Vest Romania,1992,urb_typ,urban typology,no unit,
6126,RO42,Vest Romania,1993,typ,metabolic typology,no unit,MXG
6127,RO42,Vest Romania,1993,urb_typ,urban typology,no unit,
6128,RO42,Vest Romania,1994,typ,metabolic typology,no unit,MXG
6129,RO42,Vest Romania,1994,urb_typ,urban typology,no unit,
6130,RO42,Vest Romania,1995,typ,metabolic typology,no unit,MXG
6131,RO42,Vest Romania,1995,urb_typ,urban typology,no unit,
6132,RO42,Vest Romania,1996,typ,metabolic typology,no unit,MXG
6133,RO42,Vest Romania,1996,urb_typ,urban typology,no unit,
6134,RO42,Vest Romania,1997,typ,metabolic typology,no unit,MXG
6135,RO42,Vest Romania,1997,urb_typ,urban typology,no unit,
6136,RO42,Vest Romania,1998,typ,metabolic typology,no unit,MXG
6137,RO42,Vest Romania,1998,urb_typ,urban typology,no unit,
6138,RO42,Vest Romania,1999,typ,metabolic typology,no unit,MXG
6139,RO42,Vest Romania,1999,urb_typ,urban typology,no unit,
6140,RO42,Vest Romania,2000,typ,metabolic typology,no unit,MXG
6141,RO42,Vest Romania,2000,urb_typ,urban typology,no unit,
6142,RO42,Vest Romania,2001,typ,metabolic typology,no unit,MXG
6143,RO42,Vest Romania,2001,urb_typ,urban typology,no unit,
6144,RO42,Vest Romania,2002,typ,metabolic typology,no unit,MXG
6145,RO42,Vest Romania,2002,urb_typ,urban typology,no unit,
6146,RO42,Vest Romania,2003,typ,metabolic typology,no unit,MXG
6147,RO42,Vest Romania,2003,urb_typ,urban typology,no unit,
6148,RO42,Vest Romania,2004,typ,metabolic typology,no unit,MXG
6149,RO42,Vest Romania,2004,urb_typ,urban typology,no unit,
6150,RO42,Vest Romania,2005,typ,metabolic typology,no unit,MXG
6151,RO42,Vest Romania,2005,urb_typ,urban typology,no unit,
6152,RO42,Vest Romania,2006,typ,metabolic typology,no unit,MXG
6153,RO42,Vest Romania,2006,urb_typ,urban typology,no unit,
6154,RO42,Vest Romania,2007,typ,metabolic typology,no unit,MXG
6155,RO42,Vest Romania,2007,urb_typ,urban typology,no unit,
6156,RO42,Vest Romania,2008,typ,metabolic typology,no unit,MXG
6157,RO42,Vest Romania,2008,urb_typ,urban typology,no unit,
6158,RO42,Vest Romania,2009,typ,metabolic typology,no unit,MXG
6159,RO42,Vest Romania,2009,urb_typ,urban typology,no unit,
6160,RO42,Vest Romania,2010,typ,metabolic typology,no unit,MXG
6161,RO42,Vest Romania,2010,urb_typ,urban typology,no unit,
6162,RO42,Vest Romania,2011,typ,metabolic typology,no unit,MXG
6163,RO42,Vest Romania,2011,urb_typ,urban typology,no unit,
6164,RO42,Vest Romania,2012,typ,metabolic typology,no unit,MXG
6165,RO42,Vest Romania,2012,urb_typ,urban typology,no unit,
6166,RO42,Vest Romania,2013,typ,metabolic typology,no unit,MXG
6167,RO42,Vest Romania,2013,urb_typ,urban typology,no unit,
6168,RO42,Vest Romania,2014,typ,metabolic typology,no unit,MXG
6169,RO42,Vest Romania,2014,urb_typ,urban typology,no unit,
6170,RO42,Vest Romania,2015,typ,metabolic typology,no unit,MXG
6171,RO42,Vest Romania,2015,urb_typ,urban typology,no unit,
6172,RO42,Vest Romania,2016,typ,metabolic typology,no unit,MXG
6173,RO42,Vest Romania,2016,urb_typ,urban typology,no unit,
6174,RO42,Vest Romania,2017,typ,metabolic typology,no unit,SCS
6175,RO42,Vest Romania,2017,urb_typ,urban typology,no unit,
6176,RO42,Vest Romania,2018,typ,metabolic typology,no unit,SCS
6177,RO42,Vest Romania,2018,urb_typ,urban typology,no unit,
6178,RO42,Vest Romania,2019,typ,metabolic typology,no unit,SCS
6179,RO42,Vest Romania,2019,urb_typ,urban typology,no unit,
6180,RS,Serbia,1990,typ,metabolic typology,no unit,DSG
6181,RS,Serbia,1990,urb_typ,urban typology,no unit,
6182,RS,Serbia,1991,typ,metabolic typology,no unit,DSG
6183,RS,Serbia,1991,urb_typ,urban typology,no unit,
6184,RS,Serbia,1992,typ,metabolic typology,no unit,DSG
6185,RS,Serbia,1992,urb_typ,urban typology,no unit,
6186,RS,Serbia,1993,typ,metabolic typology,no unit,DSG
6187,RS,Serbia,1993,urb_typ,urban typology,no unit,
6188,RS,Serbia,1994,typ,metabolic typology,no unit,DSG
6189,RS,Serbia,1994,urb_typ,urban typology,no unit,
6190,RS,Serbia,1995,typ,metabolic typology,no unit,DSG
6191,RS,Serbia,1995,urb_typ,urban typology,no unit,
6192,RS,Serbia,1996,typ,metabolic typology,no unit,DSG
6193,RS,Serbia,1996,urb_typ,urban typology,no unit,
6194,RS,Serbia,1997,typ,metabolic typology,no unit,DSG
6195,RS,Serbia,1997,urb_typ,urban typology,no unit,
6196,RS,Serbia,1998,typ,metabolic typology,no unit,DSG
6197,RS,Serbia,1998,urb_typ,urban typology,no unit,
6198,RS,Serbia,1999,typ,metabolic typology,no unit,DSG
6199,RS,Serbia,1999,urb_typ,urban typology,no unit,
6200,RS,Serbia,2000,typ,metabolic typology,no unit,DSG
6201,RS,Serbia,2000,urb_typ,urban typology,no unit,
6202,RS,Serbia,2001,typ,metabolic typology,no unit,DSG
6203,RS,Serbia,2001,urb_typ,urban typology,no unit,
6204,RS,Serbia,2002,typ,metabolic typology,no unit,DSG
6205,RS,Serbia,2002,urb_typ,urban typology,no unit,
6206,RS,Serbia,2003,typ,metabolic typology,no unit,DSG
6207,RS,Serbia,2003,urb_typ,urban typology,no unit,
6208,RS,Serbia,2004,typ,metabolic typology,no unit,DSG
6209,RS,Serbia,2004,urb_typ,urban typology,no unit,
6210,RS,Serbia,2005,typ,metabolic typology,no unit,DSG
6211,RS,Serbia,2005,urb_typ,urban typology,no unit,
6212,RS,Serbia,2006,typ,metabolic typology,no unit,DSG
6213,RS,Serbia,2006,urb_typ,urban typology,no unit,
6214,RS,Serbia,2007,typ,metabolic typology,no unit,DSG
6215,RS,Serbia,2007,urb_typ,urban typology,no unit,
6216,RS,Serbia,2008,typ,metabolic typology,no unit,DSG
6217,RS,Serbia,2008,urb_typ,urban typology,no unit,
6218,RS,Serbia,2009,typ,metabolic typology,no unit,DSG
6219,RS,Serbia,2009,urb_typ,urban typology,no unit,
6220,RS,Serbia,2010,typ,metabolic typology,no unit,DSG
6221,RS,Serbia,2010,urb_typ,urban typology,no unit,
6222,RS,Serbia,2011,typ,metabolic typology,no unit,DSG
6223,RS,Serbia,2011,urb_typ,urban typology,no unit,
6224,RS,Serbia,2012,typ,metabolic typology,no unit,DSG
6225,RS,Serbia,2012,urb_typ,urban typology,no unit,
6226,RS,Serbia,2013,typ,metabolic typology,no unit,DSG
6227,RS,Serbia,2013,urb_typ,urban typology,no unit,
6228,RS,Serbia,2014,typ,metabolic typology,no unit,DSG
6229,RS,Serbia,2014,urb_typ,urban typology,no unit,
6230,RS,Serbia,2015,typ,metabolic typology,no unit,DSG
6231,RS,Serbia,2015,urb_typ,urban typology,no unit,
6232,RS,Serbia,2016,typ,metabolic typology,no unit,DSG
6233,RS,Serbia,2016,urb_typ,urban typology,no unit,
6234,RS,Serbia,2017,typ,metabolic typology,no unit,DSG
6235,RS,Serbia,2017,urb_typ,urban typology,no unit,
6236,RS,Serbia,2018,typ,metabolic typology,no unit,SCS
6237,RS,Serbia,2018,urb_typ,urban typology,no unit,
6238,RS,Serbia,2019,typ,metabolic typology,no unit,SCS
6239,RS,Serbia,2019,urb_typ,urban typology,no unit,
6240,SE1,Östra Sverige,1990,typ,metabolic typology,no unit,SCS
6241,SE1,Östra Sverige,1990,urb_typ,urban typology,no unit,
6242,SE1,Östra Sverige,1991,typ,metabolic typology,no unit,DSG
6243,SE1,Östra Sverige,1991,urb_typ,urban typology,no unit,
6244,SE1,Östra Sverige,1992,typ,metabolic typology,no unit,DSG
6245,SE1,Östra Sverige,1992,urb_typ,urban typology,no unit,
6246,SE1,Östra Sverige,1993,typ,metabolic typology,no unit,SCS
6247,SE1,Östra Sverige,1993,urb_typ,urban typology,no unit,
6248,SE1,Östra Sverige,1994,typ,metabolic typology,no unit,DSG
6249,SE1,Östra Sverige,1994,urb_typ,urban typology,no unit,
6250,SE1,Östra Sverige,1995,typ,metabolic typology,no unit,DSG
6251,SE1,Östra Sverige,1995,urb_typ,urban typology,no unit,
6252,SE1,Östra Sverige,1996,typ,metabolic typology,no unit,SCS
6253,SE1,Östra Sverige,1996,urb_typ,urban typology,no unit,
6254,SE1,Östra Sverige,1997,typ,metabolic typology,no unit,SCS
6255,SE1,Östra Sverige,1997,urb_typ,urban typology,no unit,
6256,SE1,Östra Sverige,1998,typ,metabolic typology,no unit,DSG
6257,SE1,Östra Sverige,1998,urb_typ,urban typology,no unit,
6258,SE1,Östra Sverige,1999,typ,metabolic typology,no unit,DSG
6259,SE1,Östra Sverige,1999,urb_typ,urban typology,no unit,
6260,SE1,Östra Sverige,2000,typ,metabolic typology,no unit,DSG
6261,SE1,Östra Sverige,2000,urb_typ,urban typology,no unit,
6262,SE1,Östra Sverige,2001,typ,metabolic typology,no unit,DSG
6263,SE1,Östra Sverige,2001,urb_typ,urban typology,no unit,
6264,SE1,Östra Sverige,2002,typ,metabolic typology,no unit,DSG
6265,SE1,Östra Sverige,2002,urb_typ,urban typology,no unit,
6266,SE1,Östra Sverige,2003,typ,metabolic typology,no unit,DSG
6267,SE1,Östra Sverige,2003,urb_typ,urban typology,no unit,
6268,SE1,Östra Sverige,2004,typ,metabolic typology,no unit,DSG
6269,SE1,Östra Sverige,2004,urb_typ,urban typology,no unit,
6270,SE1,Östra Sverige,2005,typ,metabolic typology,no unit,DSG
6271,SE1,Östra Sverige,2005,urb_typ,urban typology,no unit,
6272,SE1,Östra Sverige,2006,typ,metabolic typology,no unit,DSG
6273,SE1,Östra Sverige,2006,urb_typ,urban typology,no unit,
6274,SE1,Östra Sverige,2007,typ,metabolic typology,no unit,DSG
6275,SE1,Östra Sverige,2007,urb_typ,urban typology,no unit,
6276,SE1,Östra Sverige,2008,typ,metabolic typology,no unit,SCS
6277,SE1,Östra Sverige,2008,urb_typ,urban typology,no unit,
6278,SE1,Östra Sverige,2009,typ,metabolic typology,no unit,SCS
6279,SE1,Östra Sverige,2009,urb_typ,urban typology,no unit,
6280,SE1,Östra Sverige,2010,typ,metabolic typology,no unit,DSG
6281,SE1,Östra Sverige,2010,urb_typ,urban typology,no unit,
6282,SE1,Östra Sverige,2011,typ,metabolic typology,no unit,DSG
6283,SE1,Östra Sverige,2011,urb_typ,urban typology,no unit,
6284,SE1,Östra Sverige,2012,typ,metabolic typology,no unit,SCS
6285,SE1,Östra Sverige,2012,urb_typ,urban typology,no unit,
6286,SE1,Östra Sverige,2013,typ,metabolic typology,no unit,SCS
6287,SE1,Östra Sverige,2013,urb_typ,urban typology,no unit,
6288,SE1,Östra Sverige,2014,typ,metabolic typology,no unit,SCS
6289,SE1,Östra Sverige,2014,urb_typ,urban typology,no unit,
6290,SE1,Östra Sverige,2015,typ,metabolic typology,no unit,SCS
6291,SE1,Östra Sverige,2015,urb_typ,urban typology,no unit,
6292,SE1,Östra Sverige,2016,typ,metabolic typology,no unit,SCS
6293,SE1,Östra Sverige,2016,urb_typ,urban typology,no unit,
6294,SE1,Östra Sverige,2017,typ,metabolic typology,no unit,SCS
6295,SE1,Östra Sverige,2017,urb_typ,urban typology,no unit,
6296,SE1,Östra Sverige,2018,typ,metabolic typology,no unit,DSG
6297,SE1,Östra Sverige,2018,urb_typ,urban typology,no unit,
6298,SE1,Östra Sverige,2019,typ,metabolic typology,no unit,SCS
6299,SE1,Östra Sverige,2019,urb_typ,urban typology,no unit,
6300,SE2,Södra Sverige,1990,typ,metabolic typology,no unit,DSG
6301,SE2,Södra Sverige,1990,urb_typ,urban typology,no unit,
6302,SE2,Södra Sverige,1991,typ,metabolic typology,no unit,DSG
6303,SE2,Södra Sverige,1991,urb_typ,urban typology,no unit,
6304,SE2,Södra Sverige,1992,typ,metabolic typology,no unit,DSG
6305,SE2,Södra Sverige,1992,urb_typ,urban typology,no unit,
6306,SE2,Södra Sverige,1993,typ,metabolic typology,no unit,DSG
6307,SE2,Södra Sverige,1993,urb_typ,urban typology,no unit,
6308,SE2,Södra Sverige,1994,typ,metabolic typology,no unit,DSG
6309,SE2,Södra Sverige,1994,urb_typ,urban typology,no unit,
6310,SE2,Södra Sverige,1995,typ,metabolic typology,no unit,DSG
6311,SE2,Södra Sverige,1995,urb_typ,urban typology,no unit,
6312,SE2,Södra Sverige,1996,typ,metabolic typology,no unit,DSG
6313,SE2,Södra Sverige,1996,urb_typ,urban typology,no unit,
6314,SE2,Södra Sverige,1997,typ,metabolic typology,no unit,DSG
6315,SE2,Södra Sverige,1997,urb_typ,urban typology,no unit,
6316,SE2,Södra Sverige,1998,typ,metabolic typology,no unit,DSG
6317,SE2,Södra Sverige,1998,urb_typ,urban typology,no unit,
6318,SE2,Södra Sverige,1999,typ,metabolic typology,no unit,DSG
6319,SE2,Södra Sverige,1999,urb_typ,urban typology,no unit,
6320,SE2,Södra Sverige,2000,typ,metabolic typology,no unit,DSG
6321,SE2,Södra Sverige,2000,urb_typ,urban typology,no unit,
6322,SE2,Södra Sverige,2001,typ,metabolic typology,no unit,DSG
6323,SE2,Södra Sverige,2001,urb_typ,urban typology,no unit,
6324,SE2,Södra Sverige,2002,typ,metabolic typology,no unit,DSG
6325,SE2,Södra Sverige,2002,urb_typ,urban typology,no unit,
6326,SE2,Södra Sverige,2003,typ,metabolic typology,no unit,DSG
6327,SE2,Södra Sverige,2003,urb_typ,urban typology,no unit,
6328,SE2,Södra Sverige,2004,typ,metabolic typology,no unit,DSG
6329,SE2,Södra Sverige,2004,urb_typ,urban typology,no unit,
6330,SE2,Södra Sverige,2005,typ,metabolic typology,no unit,DSG
6331,SE2,Södra Sverige,2005,urb_typ,urban typology,no unit,
6332,SE2,Södra Sverige,2006,typ,metabolic typology,no unit,DSG
6333,SE2,Södra Sverige,2006,urb_typ,urban typology,no unit,
6334,SE2,Södra Sverige,2007,typ,metabolic typology,no unit,DSG
6335,SE2,Södra Sverige,2007,urb_typ,urban typology,no unit,
6336,SE2,Södra Sverige,2008,typ,metabolic typology,no unit,DSG
6337,SE2,Södra Sverige,2008,urb_typ,urban typology,no unit,
6338,SE2,Södra Sverige,2009,typ,metabolic typology,no unit,DSG
6339,SE2,Södra Sverige,2009,urb_typ,urban typology,no unit,
6340,SE2,Södra Sverige,2010,typ,metabolic typology,no unit,DSG
6341,SE2,Södra Sverige,2010,urb_typ,urban typology,no unit,
6342,SE2,Södra Sverige,2011,typ,metabolic typology,no unit,DSG
6343,SE2,Södra Sverige,2011,urb_typ,urban typology,no unit,
6344,SE2,Södra Sverige,2012,typ,metabolic typology,no unit,DSG
6345,SE2,Södra Sverige,2012,urb_typ,urban typology,no unit,
6346,SE2,Södra Sverige,2013,typ,metabolic typology,no unit,DSG
6347,SE2,Södra Sverige,2013,urb_typ,urban typology,no unit,
6348,SE2,Södra Sverige,2014,typ,metabolic typology,no unit,DSG
6349,SE2,Södra Sverige,2014,urb_typ,urban typology,no unit,
6350,SE2,Södra Sverige,2015,typ,metabolic typology,no unit,DSG
6351,SE2,Södra Sverige,2015,urb_typ,urban typology,no unit,
6352,SE2,Södra Sverige,2016,typ,metabolic typology,no unit,DSG
6353,SE2,Södra Sverige,2016,urb_typ,urban typology,no unit,
6354,SE2,Södra Sverige,2017,typ,metabolic typology,no unit,DSG
6355,SE2,Södra Sverige,2017,urb_typ,urban typology,no unit,
6356,SE2,Södra Sverige,2018,typ,metabolic typology,no unit,DSG
6357,SE2,Södra Sverige,2018,urb_typ,urban typology,no unit,
6358,SE2,Södra Sverige,2019,typ,metabolic typology,no unit,DSG
6359,SE2,Södra Sverige,2019,urb_typ,urban typology,no unit,
6360,SE3,Norra Sverige,1990,typ,metabolic typology,no unit,MXF
6361,SE3,Norra Sverige,1990,urb_typ,urban typology,no unit,
6362,SE3,Norra Sverige,1991,typ,metabolic typology,no unit,MXF
6363,SE3,Norra Sverige,1991,urb_typ,urban typology,no unit,
6364,SE3,Norra Sverige,1992,typ,metabolic typology,no unit,MXF
6365,SE3,Norra Sverige,1992,urb_typ,urban typology,no unit,
6366,SE3,Norra Sverige,1993,typ,metabolic typology,no unit,MXF
6367,SE3,Norra Sverige,1993,urb_typ,urban typology,no unit,
6368,SE3,Norra Sverige,1994,typ,metabolic typology,no unit,MXF
6369,SE3,Norra Sverige,1994,urb_typ,urban typology,no unit,
6370,SE3,Norra Sverige,1995,typ,metabolic typology,no unit,MXF
6371,SE3,Norra Sverige,1995,urb_typ,urban typology,no unit,
6372,SE3,Norra Sverige,1996,typ,metabolic typology,no unit,MXF
6373,SE3,Norra Sverige,1996,urb_typ,urban typology,no unit,
6374,SE3,Norra Sverige,1997,typ,metabolic typology,no unit,MXF
6375,SE3,Norra Sverige,1997,urb_typ,urban typology,no unit,
6376,SE3,Norra Sverige,1998,typ,metabolic typology,no unit,MXF
6377,SE3,Norra Sverige,1998,urb_typ,urban typology,no unit,
6378,SE3,Norra Sverige,1999,typ,metabolic typology,no unit,MXF
6379,SE3,Norra Sverige,1999,urb_typ,urban typology,no unit,
6380,SE3,Norra Sverige,2000,typ,metabolic typology,no unit,MXF
6381,SE3,Norra Sverige,2000,urb_typ,urban typology,no unit,
6382,SE3,Norra Sverige,2001,typ,metabolic typology,no unit,MXF
6383,SE3,Norra Sverige,2001,urb_typ,urban typology,no unit,
6384,SE3,Norra Sverige,2002,typ,metabolic typology,no unit,MXF
6385,SE3,Norra Sverige,2002,urb_typ,urban typology,no unit,
6386,SE3,Norra Sverige,2003,typ,metabolic typology,no unit,MXF
6387,SE3,Norra Sverige,2003,urb_typ,urban typology,no unit,
6388,SE3,Norra Sverige,2004,typ,metabolic typology,no unit,MXF
6389,SE3,Norra Sverige,2004,urb_typ,urban typology,no unit,
6390,SE3,Norra Sverige,2005,typ,metabolic typology,no unit,MXF
6391,SE3,Norra Sverige,2005,urb_typ,urban typology,no unit,
6392,SE3,Norra Sverige,2006,typ,metabolic typology,no unit,MXF
6393,SE3,Norra Sverige,2006,urb_typ,urban typology,no unit,
6394,SE3,Norra Sverige,2007,typ,metabolic typology,no unit,MXF
6395,SE3,Norra Sverige,2007,urb_typ,urban typology,no unit,
6396,SE3,Norra Sverige,2008,typ,metabolic typology,no unit,MXF
6397,SE3,Norra Sverige,2008,urb_typ,urban typology,no unit,
6398,SE3,Norra Sverige,2009,typ,metabolic typology,no unit,MXF
6399,SE3,Norra Sverige,2009,urb_typ,urban typology,no unit,
6400,SE3,Norra Sverige,2010,typ,metabolic typology,no unit,MXF
6401,SE3,Norra Sverige,2010,urb_typ,urban typology,no unit,
6402,SE3,Norra Sverige,2011,typ,metabolic typology,no unit,MXF
6403,SE3,Norra Sverige,2011,urb_typ,urban typology,no unit,
6404,SE3,Norra Sverige,2012,typ,metabolic typology,no unit,MXF
6405,SE3,Norra Sverige,2012,urb_typ,urban typology,no unit,
6406,SE3,Norra Sverige,2013,typ,metabolic typology,no unit,DSG
6407,SE3,Norra Sverige,2013,urb_typ,urban typology,no unit,
6408,SE3,Norra Sverige,2014,typ,metabolic typology,no unit,MXF
6409,SE3,Norra Sverige,2014,urb_typ,urban typology,no unit,
6410,SE3,Norra Sverige,2015,typ,metabolic typology,no unit,MXF
6411,SE3,Norra Sverige,2015,urb_typ,urban typology,no unit,
6412,SE3,Norra Sverige,2016,typ,metabolic typology,no unit,DSG
6413,SE3,Norra Sverige,2016,urb_typ,urban typology,no unit,
6414,SE3,Norra Sverige,2017,typ,metabolic typology,no unit,DSG
6415,SE3,Norra Sverige,2017,urb_typ,urban typology,no unit,
6416,SE3,Norra Sverige,2018,typ,metabolic typology,no unit,MXF
6417,SE3,Norra Sverige,2018,urb_typ,urban typology,no unit,
6418,SE3,Norra Sverige,2019,typ,metabolic typology,no unit,DSG
6419,SE3,Norra Sverige,2019,urb_typ,urban typology,no unit,
6420,SI,Slovenia,1990,typ,metabolic typology,no unit,LVK
6421,SI,Slovenia,1990,urb_typ,urban typology,no unit,
6422,SI,Slovenia,1991,typ,metabolic typology,no unit,MXG
6423,SI,Slovenia,1991,urb_typ,urban typology,no unit,
6424,SI,Slovenia,1992,typ,metabolic typology,no unit,MXG
6425,SI,Slovenia,1992,urb_typ,urban typology,no unit,
6426,SI,Slovenia,1993,typ,metabolic typology,no unit,MXG
6427,SI,Slovenia,1993,urb_typ,urban typology,no unit,
6428,SI,Slovenia,1994,typ,metabolic typology,no unit,MXG
6429,SI,Slovenia,1994,urb_typ,urban typology,no unit,
6430,SI,Slovenia,1995,typ,metabolic typology,no unit,DSG
6431,SI,Slovenia,1995,urb_typ,urban typology,no unit,
6432,SI,Slovenia,1996,typ,metabolic typology,no unit,DSG
6433,SI,Slovenia,1996,urb_typ,urban typology,no unit,
6434,SI,Slovenia,1997,typ,metabolic typology,no unit,DSG
6435,SI,Slovenia,1997,urb_typ,urban typology,no unit,
6436,SI,Slovenia,1998,typ,metabolic typology,no unit,DSG
6437,SI,Slovenia,1998,urb_typ,urban typology,no unit,
6438,SI,Slovenia,1999,typ,metabolic typology,no unit,DSG
6439,SI,Slovenia,1999,urb_typ,urban typology,no unit,
6440,SI,Slovenia,2000,typ,metabolic typology,no unit,DSG
6441,SI,Slovenia,2000,urb_typ,urban typology,no unit,
6442,SI,Slovenia,2001,typ,metabolic typology,no unit,DSG
6443,SI,Slovenia,2001,urb_typ,urban typology,no unit,
6444,SI,Slovenia,2002,typ,metabolic typology,no unit,DSG
6445,SI,Slovenia,2002,urb_typ,urban typology,no unit,
6446,SI,Slovenia,2003,typ,metabolic typology,no unit,DSG
6447,SI,Slovenia,2003,urb_typ,urban typology,no unit,
6448,SI,Slovenia,2004,typ,metabolic typology,no unit,DSG
6449,SI,Slovenia,2004,urb_typ,urban typology,no unit,
6450,SI,Slovenia,2005,typ,metabolic typology,no unit,MXF
6451,SI,Slovenia,2005,urb_typ,urban typology,no unit,
6452,SI,Slovenia,2006,typ,metabolic typology,no unit,DSG
6453,SI,Slovenia,2006,urb_typ,urban typology,no unit,
6454,SI,Slovenia,2007,typ,metabolic typology,no unit,DSG
6455,SI,Slovenia,2007,urb_typ,urban typology,no unit,
6456,SI,Slovenia,2008,typ,metabolic typology,no unit,MXG
6457,SI,Slovenia,2008,urb_typ,urban typology,no unit,
6458,SI,Slovenia,2009,typ,metabolic typology,no unit,MXG
6459,SI,Slovenia,2009,urb_typ,urban typology,no unit,
6460,SI,Slovenia,2010,typ,metabolic typology,no unit,MXG
6461,SI,Slovenia,2010,urb_typ,urban typology,no unit,
6462,SI,Slovenia,2011,typ,metabolic typology,no unit,MXG
6463,SI,Slovenia,2011,urb_typ,urban typology,no unit,
6464,SI,Slovenia,2012,typ,metabolic typology,no unit,MXG
6465,SI,Slovenia,2012,urb_typ,urban typology,no unit,
6466,SI,Slovenia,2013,typ,metabolic typology,no unit,MXG
6467,SI,Slovenia,2013,urb_typ,urban typology,no unit,
6468,SI,Slovenia,2014,typ,metabolic typology,no unit,MXG
6469,SI,Slovenia,2014,urb_typ,urban typology,no unit,
6470,SI,Slovenia,2015,typ,metabolic typology,no unit,MXG
6471,SI,Slovenia,2015,urb_typ,urban typology,no unit,
6472,SI,Slovenia,2016,typ,metabolic typology,no unit,MXG
6473,SI,Slovenia,2016,urb_typ,urban typology,no unit,
6474,SI,Slovenia,2017,typ,metabolic typology,no unit,MXG
6475,SI,Slovenia,2017,urb_typ,urban typology,no unit,
6476,SI,Slovenia,2018,typ,metabolic typology,no unit,MXG
6477,SI,Slovenia,2018,urb_typ,urban typology,no unit,
6478,SI,Slovenia,2019,typ,metabolic typology,no unit,MXG
6479,SI,Slovenia,2019,urb_typ,urban typology,no unit,
6480,SK,Slovakia,1990,typ,metabolic typology,no unit,MXF
6481,SK,Slovakia,1990,urb_typ,urban typology,no unit,
6482,SK,Slovakia,1991,typ,metabolic typology,no unit,MXF
6483,SK,Slovakia,1991,urb_typ,urban typology,no unit,
6484,SK,Slovakia,1992,typ,metabolic typology,no unit,MXF
6485,SK,Slovakia,1992,urb_typ,urban typology,no unit,
6486,SK,Slovakia,1993,typ,metabolic typology,no unit,MXF
6487,SK,Slovakia,1993,urb_typ,urban typology,no unit,
6488,SK,Slovakia,1994,typ,metabolic typology,no unit,DSG
6489,SK,Slovakia,1994,urb_typ,urban typology,no unit,
6490,SK,Slovakia,1995,typ,metabolic typology,no unit,MXG
6491,SK,Slovakia,1995,urb_typ,urban typology,no unit,
6492,SK,Slovakia,1996,typ,metabolic typology,no unit,DSG
6493,SK,Slovakia,1996,urb_typ,urban typology,no unit,
6494,SK,Slovakia,1997,typ,metabolic typology,no unit,MXF
6495,SK,Slovakia,1997,urb_typ,urban typology,no unit,
6496,SK,Slovakia,1998,typ,metabolic typology,no unit,MXG
6497,SK,Slovakia,1998,urb_typ,urban typology,no unit,
6498,SK,Slovakia,1999,typ,metabolic typology,no unit,MXG
6499,SK,Slovakia,1999,urb_typ,urban typology,no unit,
6500,SK,Slovakia,2000,typ,metabolic typology,no unit,MXG
6501,SK,Slovakia,2000,urb_typ,urban typology,no unit,
6502,SK,Slovakia,2001,typ,metabolic typology,no unit,MXG
6503,SK,Slovakia,2001,urb_typ,urban typology,no unit,
6504,SK,Slovakia,2002,typ,metabolic typology,no unit,MXG
6505,SK,Slovakia,2002,urb_typ,urban typology,no unit,
6506,SK,Slovakia,2003,typ,metabolic typology,no unit,MXG
6507,SK,Slovakia,2003,urb_typ,urban typology,no unit,
6508,SK,Slovakia,2004,typ,metabolic typology,no unit,DSG
6509,SK,Slovakia,2004,urb_typ,urban typology,no unit,
6510,SK,Slovakia,2005,typ,metabolic typology,no unit,DSG
6511,SK,Slovakia,2005,urb_typ,urban typology,no unit,
6512,SK,Slovakia,2006,typ,metabolic typology,no unit,DSG
6513,SK,Slovakia,2006,urb_typ,urban typology,no unit,
6514,SK,Slovakia,2007,typ,metabolic typology,no unit,DSG
6515,SK,Slovakia,2007,urb_typ,urban typology,no unit,
6516,SK,Slovakia,2008,typ,metabolic typology,no unit,SCS
6517,SK,Slovakia,2008,urb_typ,urban typology,no unit,
6518,SK,Slovakia,2009,typ,metabolic typology,no unit,SCS
6519,SK,Slovakia,2009,urb_typ,urban typology,no unit,
6520,SK,Slovakia,2010,typ,metabolic typology,no unit,MXG
6521,SK,Slovakia,2010,urb_typ,urban typology,no unit,
6522,SK,Slovakia,2011,typ,metabolic typology,no unit,SCS
6523,SK,Slovakia,2011,urb_typ,urban typology,no unit,
6524,SK,Slovakia,2012,typ,metabolic typology,no unit,MXG
6525,SK,Slovakia,2012,urb_typ,urban typology,no unit,
6526,SK,Slovakia,2013,typ,metabolic typology,no unit,SCS
6527,SK,Slovakia,2013,urb_typ,urban typology,no unit,
6528,SK,Slovakia,2014,typ,metabolic typology,no unit,SCS
6529,SK,Slovakia,2014,urb_typ,urban typology,no unit,
6530,SK,Slovakia,2015,typ,metabolic typology,no unit,SCS
6531,SK,Slovakia,2015,urb_typ,urban typology,no unit,
6532,SK,Slovakia,2016,typ,metabolic typology,no unit,SCS
6533,SK,Slovakia,2016,urb_typ,urban typology,no unit,
6534,SK,Slovakia,2017,typ,metabolic typology,no unit,SCS
6535,SK,Slovakia,2017,urb_typ,urban typology,no unit,
6536,SK,Slovakia,2018,typ,metabolic typology,no unit,SCS
6537,SK,Slovakia,2018,urb_typ,urban typology,no unit,
6538,SK,Slovakia,2019,typ,metabolic typology,no unit,SCS
6539,SK,Slovakia,2019,urb_typ,urban typology,no unit,
6540,UKC,NE England,1990,typ,metabolic typology,no unit,LVK
6541,UKC,NE England,1990,urb_typ,urban typology,no unit,
6542,UKC,NE England,1991,typ,metabolic typology,no unit,LVK
6543,UKC,NE England,1991,urb_typ,urban typology,no unit,
6544,UKC,NE England,1992,typ,metabolic typology,no unit,LVK
6545,UKC,NE England,1992,urb_typ,urban typology,no unit,
6546,UKC,NE England,1993,typ,metabolic typology,no unit,LVK
6547,UKC,NE England,1993,urb_typ,urban typology,no unit,
6548,UKC,NE England,1994,typ,metabolic typology,no unit,LVK
6549,UKC,NE England,1994,urb_typ,urban typology,no unit,
6550,UKC,NE England,1995,typ,metabolic typology,no unit,LVK
6551,UKC,NE England,1995,urb_typ,urban typology,no unit,
6552,UKC,NE England,1996,typ,metabolic typology,no unit,LVK
6553,UKC,NE England,1996,urb_typ,urban typology,no unit,
6554,UKC,NE England,1997,typ,metabolic typology,no unit,LVK
6555,UKC,NE England,1997,urb_typ,urban typology,no unit,
6556,UKC,NE England,1998,typ,metabolic typology,no unit,MXG
6557,UKC,NE England,1998,urb_typ,urban typology,no unit,
6558,UKC,NE England,1999,typ,metabolic typology,no unit,MXG
6559,UKC,NE England,1999,urb_typ,urban typology,no unit,
6560,UKC,NE England,2000,typ,metabolic typology,no unit,MXG
6561,UKC,NE England,2000,urb_typ,urban typology,no unit,
6562,UKC,NE England,2001,typ,metabolic typology,no unit,MXG
6563,UKC,NE England,2001,urb_typ,urban typology,no unit,
6564,UKC,NE England,2002,typ,metabolic typology,no unit,MXG
6565,UKC,NE England,2002,urb_typ,urban typology,no unit,
6566,UKC,NE England,2003,typ,metabolic typology,no unit,MXG
6567,UKC,NE England,2003,urb_typ,urban typology,no unit,
6568,UKC,NE England,2004,typ,metabolic typology,no unit,MXG
6569,UKC,NE England,2004,urb_typ,urban typology,no unit,
6570,UKC,NE England,2005,typ,metabolic typology,no unit,MXG
6571,UKC,NE England,2005,urb_typ,urban typology,no unit,
6572,UKC,NE England,2006,typ,metabolic typology,no unit,MXG
6573,UKC,NE England,2006,urb_typ,urban typology,no unit,
6574,UKC,NE England,2007,typ,metabolic typology,no unit,MXG
6575,UKC,NE England,2007,urb_typ,urban typology,no unit,
6576,UKC,NE England,2008,typ,metabolic typology,no unit,MXG
6577,UKC,NE England,2008,urb_typ,urban typology,no unit,
6578,UKC,NE England,2009,typ,metabolic typology,no unit,MXG
6579,UKC,NE England,2009,urb_typ,urban typology,no unit,
6580,UKC,NE England,2010,typ,metabolic typology,no unit,MXG
6581,UKC,NE England,2010,urb_typ,urban typology,no unit,
6582,UKC,NE England,2011,typ,metabolic typology,no unit,MXG
6583,UKC,NE England,2011,urb_typ,urban typology,no unit,
6584,UKC,NE England,2012,typ,metabolic typology,no unit,MXG
6585,UKC,NE England,2012,urb_typ,urban typology,no unit,
6586,UKC,NE England,2013,typ,metabolic typology,no unit,MXG
6587,UKC,NE England,2013,urb_typ,urban typology,no unit,
6588,UKC,NE England,2014,typ,metabolic typology,no unit,MXG
6589,UKC,NE England,2014,urb_typ,urban typology,no unit,
6590,UKC,NE England,2015,typ,metabolic typology,no unit,MXG
6591,UKC,NE England,2015,urb_typ,urban typology,no unit,
6592,UKC,NE England,2016,typ,metabolic typology,no unit,MXG
6593,UKC,NE England,2016,urb_typ,urban typology,no unit,
6594,UKC,NE England,2017,typ,metabolic typology,no unit,MXG
6595,UKC,NE England,2017,urb_typ,urban typology,no unit,
6596,UKC,NE England,2018,typ,metabolic typology,no unit,MXG
6597,UKC,NE England,2018,urb_typ,urban typology,no unit,
6598,UKC,NE England,2019,typ,metabolic typology,no unit,MXG
6599,UKC,NE England,2019,urb_typ,urban typology,no unit,
6600,UKD,NW England,1990,typ,metabolic typology,no unit,MXG
6601,UKD,NW England,1990,urb_typ,urban typology,no unit,
6602,UKD,NW England,1991,typ,metabolic typology,no unit,MXG
6603,UKD,NW England,1991,urb_typ,urban typology,no unit,
6604,UKD,NW England,1992,typ,metabolic typology,no unit,MXG
6605,UKD,NW England,1992,urb_typ,urban typology,no unit,
6606,UKD,NW England,1993,typ,metabolic typology,no unit,MXG
6607,UKD,NW England,1993,urb_typ,urban typology,no unit,
6608,UKD,NW England,1994,typ,metabolic typology,no unit,MXG
6609,UKD,NW England,1994,urb_typ,urban typology,no unit,
6610,UKD,NW England,1995,typ,metabolic typology,no unit,MXG
6611,UKD,NW England,1995,urb_typ,urban typology,no unit,
6612,UKD,NW England,1996,typ,metabolic typology,no unit,MXG
6613,UKD,NW England,1996,urb_typ,urban typology,no unit,
6614,UKD,NW England,1997,typ,metabolic typology,no unit,MXG
6615,UKD,NW England,1997,urb_typ,urban typology,no unit,
6616,UKD,NW England,1998,typ,metabolic typology,no unit,LVK
6617,UKD,NW England,1998,urb_typ,urban typology,no unit,
6618,UKD,NW England,1999,typ,metabolic typology,no unit,LVK
6619,UKD,NW England,1999,urb_typ,urban typology,no unit,
6620,UKD,NW England,2000,typ,metabolic typology,no unit,MXG
6621,UKD,NW England,2000,urb_typ,urban typology,no unit,
6622,UKD,NW England,2001,typ,metabolic typology,no unit,MXG
6623,UKD,NW England,2001,urb_typ,urban typology,no unit,URB
6624,UKD,NW England,2002,typ,metabolic typology,no unit,MXG
6625,UKD,NW England,2002,urb_typ,urban typology,no unit,
6626,UKD,NW England,2003,typ,metabolic typology,no unit,MXG
6627,UKD,NW England,2003,urb_typ,urban typology,no unit,
6628,UKD,NW England,2004,typ,metabolic typology,no unit,MXG
6629,UKD,NW England,2004,urb_typ,urban typology,no unit,
6630,UKD,NW England,2005,typ,metabolic typology,no unit,MXG
6631,UKD,NW England,2005,urb_typ,urban typology,no unit,
6632,UKD,NW England,2006,typ,metabolic typology,no unit,MXG
6633,UKD,NW England,2006,urb_typ,urban typology,no unit,URB
6634,UKD,NW England,2007,typ,metabolic typology,no unit,MXG
6635,UKD,NW England,2007,urb_typ,urban typology,no unit,URB
6636,UKD,NW England,2008,typ,metabolic typology,no unit,MXG
6637,UKD,NW England,2008,urb_typ,urban typology,no unit,
6638,UKD,NW England,2009,typ,metabolic typology,no unit,MXG
6639,UKD,NW England,2009,urb_typ,urban typology,no unit,
6640,UKD,NW England,2010,typ,metabolic typology,no unit,MXG
6641,UKD,NW England,2010,urb_typ,urban typology,no unit,
6642,UKD,NW England,2011,typ,metabolic typology,no unit,MXG
6643,UKD,NW England,2011,urb_typ,urban typology,no unit,
6644,UKD,NW England,2012,typ,metabolic typology,no unit,MXG
6645,UKD,NW England,2012,urb_typ,urban typology,no unit,
6646,UKD,NW England,2013,typ,metabolic typology,no unit,MXG
6647,UKD,NW England,2013,urb_typ,urban typology,no unit,
6648,UKD,NW England,2014,typ,metabolic typology,no unit,MXG
6649,UKD,NW England,2014,urb_typ,urban typology,no unit,
6650,UKD,NW England,2015,typ,metabolic typology,no unit,MXG
6651,UKD,NW England,2015,urb_typ,urban typology,no unit,
6652,UKD,NW England,2016,typ,metabolic typology,no unit,MXG
6653,UKD,NW England,2016,urb_typ,urban typology,no unit,
6654,UKD,NW England,2017,typ,metabolic typology,no unit,MXG
6655,UKD,NW England,2017,urb_typ,urban typology,no unit,
6656,UKD,NW England,2018,typ,metabolic typology,no unit,MXG
6657,UKD,NW England,2018,urb_typ,urban typology,no unit,
6658,UKD,NW England,2019,typ,metabolic typology,no unit,MXG
6659,UKD,NW England,2019,urb_typ,urban typology,no unit,
6660,UKE,Yorkshire and Humber,1990,typ,metabolic typology,no unit,DSG
6661,UKE,Yorkshire and Humber,1990,urb_typ,urban typology,no unit,
6662,UKE,Yorkshire and Humber,1991,typ,metabolic typology,no unit,DSG
6663,UKE,Yorkshire and Humber,1991,urb_typ,urban typology,no unit,
6664,UKE,Yorkshire and Humber,1992,typ,metabolic typology,no unit,DSG
6665,UKE,Yorkshire and Humber,1992,urb_typ,urban typology,no unit,
6666,UKE,Yorkshire and Humber,1993,typ,metabolic typology,no unit,DSG
6667,UKE,Yorkshire and Humber,1993,urb_typ,urban typology,no unit,
6668,UKE,Yorkshire and Humber,1994,typ,metabolic typology,no unit,DSG
6669,UKE,Yorkshire and Humber,1994,urb_typ,urban typology,no unit,
6670,UKE,Yorkshire and Humber,1995,typ,metabolic typology,no unit,DSG
6671,UKE,Yorkshire and Humber,1995,urb_typ,urban typology,no unit,
6672,UKE,Yorkshire and Humber,1996,typ,metabolic typology,no unit,DSG
6673,UKE,Yorkshire and Humber,1996,urb_typ,urban typology,no unit,
6674,UKE,Yorkshire and Humber,1997,typ,metabolic typology,no unit,DSG
6675,UKE,Yorkshire and Humber,1997,urb_typ,urban typology,no unit,
6676,UKE,Yorkshire and Humber,1998,typ,metabolic typology,no unit,DSG
6677,UKE,Yorkshire and Humber,1998,urb_typ,urban typology,no unit,
6678,UKE,Yorkshire and Humber,1999,typ,metabolic typology,no unit,DSG
6679,UKE,Yorkshire and Humber,1999,urb_typ,urban typology,no unit,
6680,UKE,Yorkshire and Humber,2000,typ,metabolic typology,no unit,DSG
6681,UKE,Yorkshire and Humber,2000,urb_typ,urban typology,no unit,
6682,UKE,Yorkshire and Humber,2001,typ,metabolic typology,no unit,DSG
6683,UKE,Yorkshire and Humber,2001,urb_typ,urban typology,no unit,
6684,UKE,Yorkshire and Humber,2002,typ,metabolic typology,no unit,DSG
6685,UKE,Yorkshire and Humber,2002,urb_typ,urban typology,no unit,
6686,UKE,Yorkshire and Humber,2003,typ,metabolic typology,no unit,MXG
6687,UKE,Yorkshire and Humber,2003,urb_typ,urban typology,no unit,
6688,UKE,Yorkshire and Humber,2004,typ,metabolic typology,no unit,MXG
6689,UKE,Yorkshire and Humber,2004,urb_typ,urban typology,no unit,
6690,UKE,Yorkshire and Humber,2005,typ,metabolic typology,no unit,MXG
6691,UKE,Yorkshire and Humber,2005,urb_typ,urban typology,no unit,
6692,UKE,Yorkshire and Humber,2006,typ,metabolic typology,no unit,MXG
6693,UKE,Yorkshire and Humber,2006,urb_typ,urban typology,no unit,
6694,UKE,Yorkshire and Humber,2007,typ,metabolic typology,no unit,MXG
6695,UKE,Yorkshire and Humber,2007,urb_typ,urban typology,no unit,
6696,UKE,Yorkshire and Humber,2008,typ,metabolic typology,no unit,MXG
6697,UKE,Yorkshire and Humber,2008,urb_typ,urban typology,no unit,
6698,UKE,Yorkshire and Humber,2009,typ,metabolic typology,no unit,MXG
6699,UKE,Yorkshire and Humber,2009,urb_typ,urban typology,no unit,
6700,UKE,Yorkshire and Humber,2010,typ,metabolic typology,no unit,MXG
6701,UKE,Yorkshire and Humber,2010,urb_typ,urban typology,no unit,
6702,UKE,Yorkshire and Humber,2011,typ,metabolic typology,no unit,MXG
6703,UKE,Yorkshire and Humber,2011,urb_typ,urban typology,no unit,
6704,UKE,Yorkshire and Humber,2012,typ,metabolic typology,no unit,MXG
6705,UKE,Yorkshire and Humber,2012,urb_typ,urban typology,no unit,
6706,UKE,Yorkshire and Humber,2013,typ,metabolic typology,no unit,MXG
6707,UKE,Yorkshire and Humber,2013,urb_typ,urban typology,no unit,
6708,UKE,Yorkshire and Humber,2014,typ,metabolic typology,no unit,MXG
6709,UKE,Yorkshire and Humber,2014,urb_typ,urban typology,no unit,
6710,UKE,Yorkshire and Humber,2015,typ,metabolic typology,no unit,MXG
6711,UKE,Yorkshire and Humber,2015,urb_typ,urban typology,no unit,
6712,UKE,Yorkshire and Humber,2016,typ,metabolic typology,no unit,MXG
6713,UKE,Yorkshire and Humber,2016,urb_typ,urban typology,no unit,
6714,UKE,Yorkshire and Humber,2017,typ,metabolic typology,no unit,MXG
6715,UKE,Yorkshire and Humber,2017,urb_typ,urban typology,no unit,
6716,UKE,Yorkshire and Humber,2018,typ,metabolic typology,no unit,DSG
6717,UKE,Yorkshire and Humber,2018,urb_typ,urban typology,no unit,
6718,UKE,Yorkshire and Humber,2019,typ,metabolic typology,no unit,MXG
6719,UKE,Yorkshire and Humber,2019,urb_typ,urban typology,no unit,
6720,UKF,East Midland England,1990,typ,metabolic typology,no unit,DSG
6721,UKF,East Midland England,1990,urb_typ,urban typology,no unit,
6722,UKF,East Midland England,1991,typ,metabolic typology,no unit,DSG
6723,UKF,East Midland England,1991,urb_typ,urban typology,no unit,
6724,UKF,East Midland England,1992,typ,metabolic typology,no unit,DSG
6725,UKF,East Midland England,1992,urb_typ,urban typology,no unit,
6726,UKF,East Midland England,1993,typ,metabolic typology,no unit,DSG
6727,UKF,East Midland England,1993,urb_typ,urban typology,no unit,
6728,UKF,East Midland England,1994,typ,metabolic typology,no unit,DSG
6729,UKF,East Midland England,1994,urb_typ,urban typology,no unit,
6730,UKF,East Midland England,1995,typ,metabolic typology,no unit,DSG
6731,UKF,East Midland England,1995,urb_typ,urban typology,no unit,
6732,UKF,East Midland England,1996,typ,metabolic typology,no unit,DSG
6733,UKF,East Midland England,1996,urb_typ,urban typology,no unit,
6734,UKF,East Midland England,1997,typ,metabolic typology,no unit,DSG
6735,UKF,East Midland England,1997,urb_typ,urban typology,no unit,
6736,UKF,East Midland England,1998,typ,metabolic typology,no unit,DSG
6737,UKF,East Midland England,1998,urb_typ,urban typology,no unit,
6738,UKF,East Midland England,1999,typ,metabolic typology,no unit,DSG
6739,UKF,East Midland England,1999,urb_typ,urban typology,no unit,
6740,UKF,East Midland England,2000,typ,metabolic typology,no unit,DSG
6741,UKF,East Midland England,2000,urb_typ,urban typology,no unit,
6742,UKF,East Midland England,2001,typ,metabolic typology,no unit,DSG
6743,UKF,East Midland England,2001,urb_typ,urban typology,no unit,
6744,UKF,East Midland England,2002,typ,metabolic typology,no unit,DSG
6745,UKF,East Midland England,2002,urb_typ,urban typology,no unit,
6746,UKF,East Midland England,2003,typ,metabolic typology,no unit,DSG
6747,UKF,East Midland England,2003,urb_typ,urban typology,no unit,
6748,UKF,East Midland England,2004,typ,metabolic typology,no unit,DSG
6749,UKF,East Midland England,2004,urb_typ,urban typology,no unit,
6750,UKF,East Midland England,2005,typ,metabolic typology,no unit,DSG
6751,UKF,East Midland England,2005,urb_typ,urban typology,no unit,
6752,UKF,East Midland England,2006,typ,metabolic typology,no unit,DSG
6753,UKF,East Midland England,2006,urb_typ,urban typology,no unit,
6754,UKF,East Midland England,2007,typ,metabolic typology,no unit,DSG
6755,UKF,East Midland England,2007,urb_typ,urban typology,no unit,
6756,UKF,East Midland England,2008,typ,metabolic typology,no unit,DSG
6757,UKF,East Midland England,2008,urb_typ,urban typology,no unit,
6758,UKF,East Midland England,2009,typ,metabolic typology,no unit,DSG
6759,UKF,East Midland England,2009,urb_typ,urban typology,no unit,
6760,UKF,East Midland England,2010,typ,metabolic typology,no unit,DSG
6761,UKF,East Midland England,2010,urb_typ,urban typology,no unit,
6762,UKF,East Midland England,2011,typ,metabolic typology,no unit,DSG
6763,UKF,East Midland England,2011,urb_typ,urban typology,no unit,
6764,UKF,East Midland England,2012,typ,metabolic typology,no unit,DSG
6765,UKF,East Midland England,2012,urb_typ,urban typology,no unit,
6766,UKF,East Midland England,2013,typ,metabolic typology,no unit,DSG
6767,UKF,East Midland England,2013,urb_typ,urban typology,no unit,
6768,UKF,East Midland England,2014,typ,metabolic typology,no unit,DSG
6769,UKF,East Midland England,2014,urb_typ,urban typology,no unit,
6770,UKF,East Midland England,2015,typ,metabolic typology,no unit,DSG
6771,UKF,East Midland England,2015,urb_typ,urban typology,no unit,
6772,UKF,East Midland England,2016,typ,metabolic typology,no unit,DSG
6773,UKF,East Midland England,2016,urb_typ,urban typology,no unit,
6774,UKF,East Midland England,2017,typ,metabolic typology,no unit,DSG
6775,UKF,East Midland England,2017,urb_typ,urban typology,no unit,
6776,UKF,East Midland England,2018,typ,metabolic typology,no unit,DSG
6777,UKF,East Midland England,2018,urb_typ,urban typology,no unit,
6778,UKF,East Midland England,2019,typ,metabolic typology,no unit,DSG
6779,UKF,East Midland England,2019,urb_typ,urban typology,no unit,
6780,UKG,West Midlands England,1990,typ,metabolic typology,no unit,DSG
6781,UKG,West Midlands England,1990,urb_typ,urban typology,no unit,
6782,UKG,West Midlands England,1991,typ,metabolic typology,no unit,DSG
6783,UKG,West Midlands England,1991,urb_typ,urban typology,no unit,
6784,UKG,West Midlands England,1992,typ,metabolic typology,no unit,DSG
6785,UKG,West Midlands England,1992,urb_typ,urban typology,no unit,
6786,UKG,West Midlands England,1993,typ,metabolic typology,no unit,DSG
6787,UKG,West Midlands England,1993,urb_typ,urban typology,no unit,
6788,UKG,West Midlands England,1994,typ,metabolic typology,no unit,DSG
6789,UKG,West Midlands England,1994,urb_typ,urban typology,no unit,
6790,UKG,West Midlands England,1995,typ,metabolic typology,no unit,DSG
6791,UKG,West Midlands England,1995,urb_typ,urban typology,no unit,
6792,UKG,West Midlands England,1996,typ,metabolic typology,no unit,DSG
6793,UKG,West Midlands England,1996,urb_typ,urban typology,no unit,
6794,UKG,West Midlands England,1997,typ,metabolic typology,no unit,DSG
6795,UKG,West Midlands England,1997,urb_typ,urban typology,no unit,
6796,UKG,West Midlands England,1998,typ,metabolic typology,no unit,DSG
6797,UKG,West Midlands England,1998,urb_typ,urban typology,no unit,
6798,UKG,West Midlands England,1999,typ,metabolic typology,no unit,DSG
6799,UKG,West Midlands England,1999,urb_typ,urban typology,no unit,
6800,UKG,West Midlands England,2000,typ,metabolic typology,no unit,DSG
6801,UKG,West Midlands England,2000,urb_typ,urban typology,no unit,
6802,UKG,West Midlands England,2001,typ,metabolic typology,no unit,DSG
6803,UKG,West Midlands England,2001,urb_typ,urban typology,no unit,
6804,UKG,West Midlands England,2002,typ,metabolic typology,no unit,DSG
6805,UKG,West Midlands England,2002,urb_typ,urban typology,no unit,
6806,UKG,West Midlands England,2003,typ,metabolic typology,no unit,DSG
6807,UKG,West Midlands England,2003,urb_typ,urban typology,no unit,
6808,UKG,West Midlands England,2004,typ,metabolic typology,no unit,DSG
6809,UKG,West Midlands England,2004,urb_typ,urban typology,no unit,
6810,UKG,West Midlands England,2005,typ,metabolic typology,no unit,DSG
6811,UKG,West Midlands England,2005,urb_typ,urban typology,no unit,
6812,UKG,West Midlands England,2006,typ,metabolic typology,no unit,DSG
6813,UKG,West Midlands England,2006,urb_typ,urban typology,no unit,
6814,UKG,West Midlands England,2007,typ,metabolic typology,no unit,MXF
6815,UKG,West Midlands England,2007,urb_typ,urban typology,no unit,
6816,UKG,West Midlands England,2008,typ,metabolic typology,no unit,DSG
6817,UKG,West Midlands England,2008,urb_typ,urban typology,no unit,
6818,UKG,West Midlands England,2009,typ,metabolic typology,no unit,MXF
6819,UKG,West Midlands England,2009,urb_typ,urban typology,no unit,
6820,UKG,West Midlands England,2010,typ,metabolic typology,no unit,DSG
6821,UKG,West Midlands England,2010,urb_typ,urban typology,no unit,
6822,UKG,West Midlands England,2011,typ,metabolic typology,no unit,DSG
6823,UKG,West Midlands England,2011,urb_typ,urban typology,no unit,
6824,UKG,West Midlands England,2012,typ,metabolic typology,no unit,DSG
6825,UKG,West Midlands England,2012,urb_typ,urban typology,no unit,
6826,UKG,West Midlands England,2013,typ,metabolic typology,no unit,DSG
6827,UKG,West Midlands England,2013,urb_typ,urban typology,no unit,
6828,UKG,West Midlands England,2014,typ,metabolic typology,no unit,DSG
6829,UKG,West Midlands England,2014,urb_typ,urban typology,no unit,
6830,UKG,West Midlands England,2015,typ,metabolic typology,no unit,DSG
6831,UKG,West Midlands England,2015,urb_typ,urban typology,no unit,
6832,UKG,West Midlands England,2016,typ,metabolic typology,no unit,DSG
6833,UKG,West Midlands England,2016,urb_typ,urban typology,no unit,
6834,UKG,West Midlands England,2017,typ,metabolic typology,no unit,DSG
6835,UKG,West Midlands England,2017,urb_typ,urban typology,no unit,
6836,UKG,West Midlands England,2018,typ,metabolic typology,no unit,MXF
6837,UKG,West Midlands England,2018,urb_typ,urban typology,no unit,
6838,UKG,West Midlands England,2019,typ,metabolic typology,no unit,DSG
6839,UKG,West Midlands England,2019,urb_typ,urban typology,no unit,
6840,UKH,East England,1990,typ,metabolic typology,no unit,SCS
6841,UKH,East England,1990,urb_typ,urban typology,no unit,
6842,UKH,East England,1991,typ,metabolic typology,no unit,SCS
6843,UKH,East England,1991,urb_typ,urban typology,no unit,
6844,UKH,East England,1992,typ,metabolic typology,no unit,SCS
6845,UKH,East England,1992,urb_typ,urban typology,no unit,
6846,UKH,East England,1993,typ,metabolic typology,no unit,SCS
6847,UKH,East England,1993,urb_typ,urban typology,no unit,
6848,UKH,East England,1994,typ,metabolic typology,no unit,SCS
6849,UKH,East England,1994,urb_typ,urban typology,no unit,
6850,UKH,East England,1995,typ,metabolic typology,no unit,SCS
6851,UKH,East England,1995,urb_typ,urban typology,no unit,
6852,UKH,East England,1996,typ,metabolic typology,no unit,SCS
6853,UKH,East England,1996,urb_typ,urban typology,no unit,
6854,UKH,East England,1997,typ,metabolic typology,no unit,SCS
6855,UKH,East England,1997,urb_typ,urban typology,no unit,
6856,UKH,East England,1998,typ,metabolic typology,no unit,SCS
6857,UKH,East England,1998,urb_typ,urban typology,no unit,
6858,UKH,East England,1999,typ,metabolic typology,no unit,SCS
6859,UKH,East England,1999,urb_typ,urban typology,no unit,
6860,UKH,East England,2000,typ,metabolic typology,no unit,SCS
6861,UKH,East England,2000,urb_typ,urban typology,no unit,
6862,UKH,East England,2001,typ,metabolic typology,no unit,SCS
6863,UKH,East England,2001,urb_typ,urban typology,no unit,
6864,UKH,East England,2002,typ,metabolic typology,no unit,SCS
6865,UKH,East England,2002,urb_typ,urban typology,no unit,
6866,UKH,East England,2003,typ,metabolic typology,no unit,SCS
6867,UKH,East England,2003,urb_typ,urban typology,no unit,
6868,UKH,East England,2004,typ,metabolic typology,no unit,SCS
6869,UKH,East England,2004,urb_typ,urban typology,no unit,
6870,UKH,East England,2005,typ,metabolic typology,no unit,SCS
6871,UKH,East England,2005,urb_typ,urban typology,no unit,
6872,UKH,East England,2006,typ,metabolic typology,no unit,SCS
6873,UKH,East England,2006,urb_typ,urban typology,no unit,
6874,UKH,East England,2007,typ,metabolic typology,no unit,SCS
6875,UKH,East England,2007,urb_typ,urban typology,no unit,
6876,UKH,East England,2008,typ,metabolic typology,no unit,SCS
6877,UKH,East England,2008,urb_typ,urban typology,no unit,
6878,UKH,East England,2009,typ,metabolic typology,no unit,SCS
6879,UKH,East England,2009,urb_typ,urban typology,no unit,
6880,UKH,East England,2010,typ,metabolic typology,no unit,SCS
6881,UKH,East England,2010,urb_typ,urban typology,no unit,
6882,UKH,East England,2011,typ,metabolic typology,no unit,SCS
6883,UKH,East England,2011,urb_typ,urban typology,no unit,
6884,UKH,East England,2012,typ,metabolic typology,no unit,SCS
6885,UKH,East England,2012,urb_typ,urban typology,no unit,
6886,UKH,East England,2013,typ,metabolic typology,no unit,SCS
6887,UKH,East England,2013,urb_typ,urban typology,no unit,
6888,UKH,East England,2014,typ,metabolic typology,no unit,SCS
6889,UKH,East England,2014,urb_typ,urban typology,no unit,
6890,UKH,East England,2015,typ,metabolic typology,no unit,SCS
6891,UKH,East England,2015,urb_typ,urban typology,no unit,
6892,UKH,East England,2016,typ,metabolic typology,no unit,SCS
6893,UKH,East England,2016,urb_typ,urban typology,no unit,
6894,UKH,East England,2017,typ,metabolic typology,no unit,SCS
6895,UKH,East England,2017,urb_typ,urban typology,no unit,
6896,UKH,East England,2018,typ,metabolic typology,no unit,SCS
6897,UKH,East England,2018,urb_typ,urban typology,no unit,
6898,UKH,East England,2019,typ,metabolic typology,no unit,SCS
6899,UKH,East England,2019,urb_typ,urban typology,no unit,
6900,UKJ,Saout East England,1990,typ,metabolic typology,no unit,MXG
6901,UKJ,Saout East England,1990,urb_typ,urban typology,no unit,
6902,UKJ,Saout East England,1991,typ,metabolic typology,no unit,MXG
6903,UKJ,Saout East England,1991,urb_typ,urban typology,no unit,
6904,UKJ,Saout East England,1992,typ,metabolic typology,no unit,MXG
6905,UKJ,Saout East England,1992,urb_typ,urban typology,no unit,
6906,UKJ,Saout East England,1993,typ,metabolic typology,no unit,MXG
6907,UKJ,Saout East England,1993,urb_typ,urban typology,no unit,
6908,UKJ,Saout East England,1994,typ,metabolic typology,no unit,MXG
6909,UKJ,Saout East England,1994,urb_typ,urban typology,no unit,
6910,UKJ,Saout East England,1995,typ,metabolic typology,no unit,MXG
6911,UKJ,Saout East England,1995,urb_typ,urban typology,no unit,
6912,UKJ,Saout East England,1996,typ,metabolic typology,no unit,MXG
6913,UKJ,Saout East England,1996,urb_typ,urban typology,no unit,
6914,UKJ,Saout East England,1997,typ,metabolic typology,no unit,MXG
6915,UKJ,Saout East England,1997,urb_typ,urban typology,no unit,
6916,UKJ,Saout East England,1998,typ,metabolic typology,no unit,MXG
6917,UKJ,Saout East England,1998,urb_typ,urban typology,no unit,
6918,UKJ,Saout East England,1999,typ,metabolic typology,no unit,MXG
6919,UKJ,Saout East England,1999,urb_typ,urban typology,no unit,
6920,UKJ,Saout East England,2000,typ,metabolic typology,no unit,MXG
6921,UKJ,Saout East England,2000,urb_typ,urban typology,no unit,
6922,UKJ,Saout East England,2001,typ,metabolic typology,no unit,MXG
6923,UKJ,Saout East England,2001,urb_typ,urban typology,no unit,
6924,UKJ,Saout East England,2002,typ,metabolic typology,no unit,MXG
6925,UKJ,Saout East England,2002,urb_typ,urban typology,no unit,
6926,UKJ,Saout East England,2003,typ,metabolic typology,no unit,MXG
6927,UKJ,Saout East England,2003,urb_typ,urban typology,no unit,
6928,UKJ,Saout East England,2004,typ,metabolic typology,no unit,MXG
6929,UKJ,Saout East England,2004,urb_typ,urban typology,no unit,
6930,UKJ,Saout East England,2005,typ,metabolic typology,no unit,MXG
6931,UKJ,Saout East England,2005,urb_typ,urban typology,no unit,
6932,UKJ,Saout East England,2006,typ,metabolic typology,no unit,MXG
6933,UKJ,Saout East England,2006,urb_typ,urban typology,no unit,
6934,UKJ,Saout East England,2007,typ,metabolic typology,no unit,MXG
6935,UKJ,Saout East England,2007,urb_typ,urban typology,no unit,
6936,UKJ,Saout East England,2008,typ,metabolic typology,no unit,MXG
6937,UKJ,Saout East England,2008,urb_typ,urban typology,no unit,
6938,UKJ,Saout East England,2009,typ,metabolic typology,no unit,MXG
6939,UKJ,Saout East England,2009,urb_typ,urban typology,no unit,
6940,UKJ,Saout East England,2010,typ,metabolic typology,no unit,MXG
6941,UKJ,Saout East England,2010,urb_typ,urban typology,no unit,
6942,UKJ,Saout East England,2011,typ,metabolic typology,no unit,MXG
6943,UKJ,Saout East England,2011,urb_typ,urban typology,no unit,
6944,UKJ,Saout East England,2012,typ,metabolic typology,no unit,MXG
6945,UKJ,Saout East England,2012,urb_typ,urban typology,no unit,
6946,UKJ,Saout East England,2013,typ,metabolic typology,no unit,MXG
6947,UKJ,Saout East England,2013,urb_typ,urban typology,no unit,
6948,UKJ,Saout East England,2014,typ,metabolic typology,no unit,SCS
6949,UKJ,Saout East England,2014,urb_typ,urban typology,no unit,
6950,UKJ,Saout East England,2015,typ,metabolic typology,no unit,SCS
6951,UKJ,Saout East England,2015,urb_typ,urban typology,no unit,
6952,UKJ,Saout East England,2016,typ,metabolic typology,no unit,MXG
6953,UKJ,Saout East England,2016,urb_typ,urban typology,no unit,
6954,UKJ,Saout East England,2017,typ,metabolic typology,no unit,SCS
6955,UKJ,Saout East England,2017,urb_typ,urban typology,no unit,
6956,UKJ,Saout East England,2018,typ,metabolic typology,no unit,MXG
6957,UKJ,Saout East England,2018,urb_typ,urban typology,no unit,
6958,UKJ,Saout East England,2019,typ,metabolic typology,no unit,SCS
6959,UKJ,Saout East England,2019,urb_typ,urban typology,no unit,
6960,UKK,South West England,1990,typ,metabolic typology,no unit,DSG
6961,UKK,South West England,1990,urb_typ,urban typology,no unit,
6962,UKK,South West England,1991,typ,metabolic typology,no unit,DSG
6963,UKK,South West England,1991,urb_typ,urban typology,no unit,
6964,UKK,South West England,1992,typ,metabolic typology,no unit,DSG
6965,UKK,South West England,1992,urb_typ,urban typology,no unit,
6966,UKK,South West England,1993,typ,metabolic typology,no unit,DSG
6967,UKK,South West England,1993,urb_typ,urban typology,no unit,
6968,UKK,South West England,1994,typ,metabolic typology,no unit,DSG
6969,UKK,South West England,1994,urb_typ,urban typology,no unit,
6970,UKK,South West England,1995,typ,metabolic typology,no unit,DSG
6971,UKK,South West England,1995,urb_typ,urban typology,no unit,
6972,UKK,South West England,1996,typ,metabolic typology,no unit,DSG
6973,UKK,South West England,1996,urb_typ,urban typology,no unit,
6974,UKK,South West England,1997,typ,metabolic typology,no unit,DSG
6975,UKK,South West England,1997,urb_typ,urban typology,no unit,
6976,UKK,South West England,1998,typ,metabolic typology,no unit,DSG
6977,UKK,South West England,1998,urb_typ,urban typology,no unit,
6978,UKK,South West England,1999,typ,metabolic typology,no unit,DSG
6979,UKK,South West England,1999,urb_typ,urban typology,no unit,
6980,UKK,South West England,2000,typ,metabolic typology,no unit,MXG
6981,UKK,South West England,2000,urb_typ,urban typology,no unit,
6982,UKK,South West England,2001,typ,metabolic typology,no unit,MXG
6983,UKK,South West England,2001,urb_typ,urban typology,no unit,
6984,UKK,South West England,2002,typ,metabolic typology,no unit,MXG
6985,UKK,South West England,2002,urb_typ,urban typology,no unit,
6986,UKK,South West England,2003,typ,metabolic typology,no unit,MXG
6987,UKK,South West England,2003,urb_typ,urban typology,no unit,
6988,UKK,South West England,2004,typ,metabolic typology,no unit,MXG
6989,UKK,South West England,2004,urb_typ,urban typology,no unit,
6990,UKK,South West England,2005,typ,metabolic typology,no unit,MXG
6991,UKK,South West England,2005,urb_typ,urban typology,no unit,
6992,UKK,South West England,2006,typ,metabolic typology,no unit,MXG
6993,UKK,South West England,2006,urb_typ,urban typology,no unit,
6994,UKK,South West England,2007,typ,metabolic typology,no unit,MXG
6995,UKK,South West England,2007,urb_typ,urban typology,no unit,
6996,UKK,South West England,2008,typ,metabolic typology,no unit,MXG
6997,UKK,South West England,2008,urb_typ,urban typology,no unit,
6998,UKK,South West England,2009,typ,metabolic typology,no unit,MXG
6999,UKK,South West England,2009,urb_typ,urban typology,no unit,
7000,UKK,South West England,2010,typ,metabolic typology,no unit,MXG
7001,UKK,South West England,2010,urb_typ,urban typology,no unit,
7002,UKK,South West England,2011,typ,metabolic typology,no unit,MXG
7003,UKK,South West England,2011,urb_typ,urban typology,no unit,
7004,UKK,South West England,2012,typ,metabolic typology,no unit,MXG
7005,UKK,South West England,2012,urb_typ,urban typology,no unit,
7006,UKK,South West England,2013,typ,metabolic typology,no unit,MXG
7007,UKK,South West England,2013,urb_typ,urban typology,no unit,
7008,UKK,South West England,2014,typ,metabolic typology,no unit,MXG
7009,UKK,South West England,2014,urb_typ,urban typology,no unit,
7010,UKK,South West England,2015,typ,metabolic typology,no unit,MXG
7011,UKK,South West England,2015,urb_typ,urban typology,no unit,
7012,UKK,South West England,2016,typ,metabolic typology,no unit,MXG
7013,UKK,South West England,2016,urb_typ,urban typology,no unit,
7014,UKK,South West England,2017,typ,metabolic typology,no unit,MXG
7015,UKK,South West England,2017,urb_typ,urban typology,no unit,
7016,UKK,South West England,2018,typ,metabolic typology,no unit,MXG
7017,UKK,South West England,2018,urb_typ,urban typology,no unit,
7018,UKK,South West England,2019,typ,metabolic typology,no unit,MXG
7019,UKK,South West England,2019,urb_typ,urban typology,no unit,
7020,UKL,Wales,1990,typ,metabolic typology,no unit,MXG
7021,UKL,Wales,1990,urb_typ,urban typology,no unit,
7022,UKL,Wales,1991,typ,metabolic typology,no unit,MXG
7023,UKL,Wales,1991,urb_typ,urban typology,no unit,
7024,UKL,Wales,1992,typ,metabolic typology,no unit,MXG
7025,UKL,Wales,1992,urb_typ,urban typology,no unit,
7026,UKL,Wales,1993,typ,metabolic typology,no unit,MXG
7027,UKL,Wales,1993,urb_typ,urban typology,no unit,
7028,UKL,Wales,1994,typ,metabolic typology,no unit,MXG
7029,UKL,Wales,1994,urb_typ,urban typology,no unit,
7030,UKL,Wales,1995,typ,metabolic typology,no unit,MXG
7031,UKL,Wales,1995,urb_typ,urban typology,no unit,
7032,UKL,Wales,1996,typ,metabolic typology,no unit,MXG
7033,UKL,Wales,1996,urb_typ,urban typology,no unit,
7034,UKL,Wales,1997,typ,metabolic typology,no unit,MXG
7035,UKL,Wales,1997,urb_typ,urban typology,no unit,
7036,UKL,Wales,1998,typ,metabolic typology,no unit,MXG
7037,UKL,Wales,1998,urb_typ,urban typology,no unit,
7038,UKL,Wales,1999,typ,metabolic typology,no unit,MXG
7039,UKL,Wales,1999,urb_typ,urban typology,no unit,
7040,UKL,Wales,2000,typ,metabolic typology,no unit,MXG
7041,UKL,Wales,2000,urb_typ,urban typology,no unit,
7042,UKL,Wales,2001,typ,metabolic typology,no unit,MXG
7043,UKL,Wales,2001,urb_typ,urban typology,no unit,
7044,UKL,Wales,2002,typ,metabolic typology,no unit,MXG
7045,UKL,Wales,2002,urb_typ,urban typology,no unit,
7046,UKL,Wales,2003,typ,metabolic typology,no unit,MXG
7047,UKL,Wales,2003,urb_typ,urban typology,no unit,
7048,UKL,Wales,2004,typ,metabolic typology,no unit,MXG
7049,UKL,Wales,2004,urb_typ,urban typology,no unit,
7050,UKL,Wales,2005,typ,metabolic typology,no unit,MXG
7051,UKL,Wales,2005,urb_typ,urban typology,no unit,
7052,UKL,Wales,2006,typ,metabolic typology,no unit,MXG
7053,UKL,Wales,2006,urb_typ,urban typology,no unit,
7054,UKL,Wales,2007,typ,metabolic typology,no unit,MXG
7055,UKL,Wales,2007,urb_typ,urban typology,no unit,
7056,UKL,Wales,2008,typ,metabolic typology,no unit,MXG
7057,UKL,Wales,2008,urb_typ,urban typology,no unit,
7058,UKL,Wales,2009,typ,metabolic typology,no unit,MXG
7059,UKL,Wales,2009,urb_typ,urban typology,no unit,
7060,UKL,Wales,2010,typ,metabolic typology,no unit,MXG
7061,UKL,Wales,2010,urb_typ,urban typology,no unit,
7062,UKL,Wales,2011,typ,metabolic typology,no unit,MXG
7063,UKL,Wales,2011,urb_typ,urban typology,no unit,
7064,UKL,Wales,2012,typ,metabolic typology,no unit,MXG
7065,UKL,Wales,2012,urb_typ,urban typology,no unit,
7066,UKL,Wales,2013,typ,metabolic typology,no unit,MXG
7067,UKL,Wales,2013,urb_typ,urban typology,no unit,
7068,UKL,Wales,2014,typ,metabolic typology,no unit,MXG
7069,UKL,Wales,2014,urb_typ,urban typology,no unit,
7070,UKL,Wales,2015,typ,metabolic typology,no unit,MXG
7071,UKL,Wales,2015,urb_typ,urban typology,no unit,
7072,UKL,Wales,2016,typ,metabolic typology,no unit,MXG
7073,UKL,Wales,2016,urb_typ,urban typology,no unit,
7074,UKL,Wales,2017,typ,metabolic typology,no unit,MXG
7075,UKL,Wales,2017,urb_typ,urban typology,no unit,
7076,UKL,Wales,2018,typ,metabolic typology,no unit,MXG
7077,UKL,Wales,2018,urb_typ,urban typology,no unit,
7078,UKL,Wales,2019,typ,metabolic typology,no unit,MXG
7079,UKL,Wales,2019,urb_typ,urban typology,no unit,
7080,UKM,Scotland,1990,typ,metabolic typology,no unit,MXG
7081,UKM,Scotland,1990,urb_typ,urban typology,no unit,
7082,UKM,Scotland,1991,typ,metabolic typology,no unit,MXG
7083,UKM,Scotland,1991,urb_typ,urban typology,no unit,
7084,UKM,Scotland,1992,typ,metabolic typology,no unit,MXG
7085,UKM,Scotland,1992,urb_typ,urban typology,no unit,
7086,UKM,Scotland,1993,typ,metabolic typology,no unit,MXG
7087,UKM,Scotland,1993,urb_typ,urban typology,no unit,
7088,UKM,Scotland,1994,typ,metabolic typology,no unit,MXG
7089,UKM,Scotland,1994,urb_typ,urban typology,no unit,
7090,UKM,Scotland,1995,typ,metabolic typology,no unit,MXG
7091,UKM,Scotland,1995,urb_typ,urban typology,no unit,
7092,UKM,Scotland,1996,typ,metabolic typology,no unit,MXG
7093,UKM,Scotland,1996,urb_typ,urban typology,no unit,
7094,UKM,Scotland,1997,typ,metabolic typology,no unit,MXG
7095,UKM,Scotland,1997,urb_typ,urban typology,no unit,
7096,UKM,Scotland,1998,typ,metabolic typology,no unit,MXG
7097,UKM,Scotland,1998,urb_typ,urban typology,no unit,
7098,UKM,Scotland,1999,typ,metabolic typology,no unit,MXG
7099,UKM,Scotland,1999,urb_typ,urban typology,no unit,
7100,UKM,Scotland,2000,typ,metabolic typology,no unit,MXG
7101,UKM,Scotland,2000,urb_typ,urban typology,no unit,
7102,UKM,Scotland,2001,typ,metabolic typology,no unit,MXG
7103,UKM,Scotland,2001,urb_typ,urban typology,no unit,
7104,UKM,Scotland,2002,typ,metabolic typology,no unit,MXG
7105,UKM,Scotland,2002,urb_typ,urban typology,no unit,
7106,UKM,Scotland,2003,typ,metabolic typology,no unit,MXG
7107,UKM,Scotland,2003,urb_typ,urban typology,no unit,
7108,UKM,Scotland,2004,typ,metabolic typology,no unit,MXG
7109,UKM,Scotland,2004,urb_typ,urban typology,no unit,
7110,UKM,Scotland,2005,typ,metabolic typology,no unit,MXG
7111,UKM,Scotland,2005,urb_typ,urban typology,no unit,
7112,UKM,Scotland,2006,typ,metabolic typology,no unit,MXG
7113,UKM,Scotland,2006,urb_typ,urban typology,no unit,
7114,UKM,Scotland,2007,typ,metabolic typology,no unit,MXG
7115,UKM,Scotland,2007,urb_typ,urban typology,no unit,
7116,UKM,Scotland,2008,typ,metabolic typology,no unit,MXG
7117,UKM,Scotland,2008,urb_typ,urban typology,no unit,
7118,UKM,Scotland,2009,typ,metabolic typology,no unit,MXG
7119,UKM,Scotland,2009,urb_typ,urban typology,no unit,
7120,UKM,Scotland,2010,typ,metabolic typology,no unit,MXG
7121,UKM,Scotland,2010,urb_typ,urban typology,no unit,
7122,UKM,Scotland,2011,typ,metabolic typology,no unit,MXG
7123,UKM,Scotland,2011,urb_typ,urban typology,no unit,
7124,UKM,Scotland,2012,typ,metabolic typology,no unit,MXG
7125,UKM,Scotland,2012,urb_typ,urban typology,no unit,
7126,UKM,Scotland,2013,typ,metabolic typology,no unit,MXG
7127,UKM,Scotland,2013,urb_typ,urban typology,no unit,
7128,UKM,Scotland,2014,typ,metabolic typology,no unit,MXG
7129,UKM,Scotland,2014,urb_typ,urban typology,no unit,
7130,UKM,Scotland,2015,typ,metabolic typology,no unit,MXG
7131,UKM,Scotland,2015,urb_typ,urban typology,no unit,
7132,UKM,Scotland,2016,typ,metabolic typology,no unit,MXG
7133,UKM,Scotland,2016,urb_typ,urban typology,no unit,
7134,UKM,Scotland,2017,typ,metabolic typology,no unit,MXG
7135,UKM,Scotland,2017,urb_typ,urban typology,no unit,
7136,UKM,Scotland,2018,typ,metabolic typology,no unit,MXG
7137,UKM,Scotland,2018,urb_typ,urban typology,no unit,
7138,UKM,Scotland,2019,typ,metabolic typology,no unit,MXG
7139,UKM,Scotland,2019,urb_typ,urban typology,no unit,
7140,UKN,Northern Ireland,1990,typ,metabolic typology,no unit,MXG
7141,UKN,Northern Ireland,1990,urb_typ,urban typology,no unit,
7142,UKN,Northern Ireland,1991,typ,metabolic typology,no unit,MXG
7143,UKN,Northern Ireland,1991,urb_typ,urban typology,no unit,
7144,UKN,Northern Ireland,1992,typ,metabolic typology,no unit,MXG
7145,UKN,Northern Ireland,1992,urb_typ,urban typology,no unit,
7146,UKN,Northern Ireland,1993,typ,metabolic typology,no unit,MXG
7147,UKN,Northern Ireland,1993,urb_typ,urban typology,no unit,
7148,UKN,Northern Ireland,1994,typ,metabolic typology,no unit,MXG
7149,UKN,Northern Ireland,1994,urb_typ,urban typology,no unit,
7150,UKN,Northern Ireland,1995,typ,metabolic typology,no unit,MXG
7151,UKN,Northern Ireland,1995,urb_typ,urban typology,no unit,
7152,UKN,Northern Ireland,1996,typ,metabolic typology,no unit,MXG
7153,UKN,Northern Ireland,1996,urb_typ,urban typology,no unit,
7154,UKN,Northern Ireland,1997,typ,metabolic typology,no unit,LVK
7155,UKN,Northern Ireland,1997,urb_typ,urban typology,no unit,
7156,UKN,Northern Ireland,1998,typ,metabolic typology,no unit,LVK
7157,UKN,Northern Ireland,1998,urb_typ,urban typology,no unit,
7158,UKN,Northern Ireland,1999,typ,metabolic typology,no unit,LVK
7159,UKN,Northern Ireland,1999,urb_typ,urban typology,no unit,
7160,UKN,Northern Ireland,2000,typ,metabolic typology,no unit,LVK
7161,UKN,Northern Ireland,2000,urb_typ,urban typology,no unit,
7162,UKN,Northern Ireland,2001,typ,metabolic typology,no unit,LVK
7163,UKN,Northern Ireland,2001,urb_typ,urban typology,no unit,
7164,UKN,Northern Ireland,2002,typ,metabolic typology,no unit,MXG
7165,UKN,Northern Ireland,2002,urb_typ,urban typology,no unit,
7166,UKN,Northern Ireland,2003,typ,metabolic typology,no unit,LVK
7167,UKN,Northern Ireland,2003,urb_typ,urban typology,no unit,
7168,UKN,Northern Ireland,2004,typ,metabolic typology,no unit,MXG
7169,UKN,Northern Ireland,2004,urb_typ,urban typology,no unit,
7170,UKN,Northern Ireland,2005,typ,metabolic typology,no unit,MXG
7171,UKN,Northern Ireland,2005,urb_typ,urban typology,no unit,
7172,UKN,Northern Ireland,2006,typ,metabolic typology,no unit,MXG
7173,UKN,Northern Ireland,2006,urb_typ,urban typology,no unit,
7174,UKN,Northern Ireland,2007,typ,metabolic typology,no unit,MXG
7175,UKN,Northern Ireland,2007,urb_typ,urban typology,no unit,
7176,UKN,Northern Ireland,2008,typ,metabolic typology,no unit,MXG
7177,UKN,Northern Ireland,2008,urb_typ,urban typology,no unit,
7178,UKN,Northern Ireland,2009,typ,metabolic typology,no unit,MXG
7179,UKN,Northern Ireland,2009,urb_typ,urban typology,no unit,
7180,UKN,Northern Ireland,2010,typ,metabolic typology,no unit,MXG
7181,UKN,Northern Ireland,2010,urb_typ,urban typology,no unit,
7182,UKN,Northern Ireland,2011,typ,metabolic typology,no unit,MXG
7183,UKN,Northern Ireland,2011,urb_typ,urban typology,no unit,
7184,UKN,Northern Ireland,2012,typ,metabolic typology,no unit,MXG
7185,UKN,Northern Ireland,2012,urb_typ,urban typology,no unit,
7186,UKN,Northern Ireland,2013,typ,metabolic typology,no unit,MXG
7187,UKN,Northern Ireland,2013,urb_typ,urban typology,no unit,
7188,UKN,Northern Ireland,2014,typ,metabolic typology,no unit,MXG
7189,UKN,Northern Ireland,2014,urb_typ,urban typology,no unit,
7190,UKN,Northern Ireland,2015,typ,metabolic typology,no unit,LVK
7191,UKN,Northern Ireland,2015,urb_typ,urban typology,no unit,
7192,UKN,Northern Ireland,2016,typ,metabolic typology,no unit,LVK
7193,UKN,Northern Ireland,2016,urb_typ,urban typology,no unit,
7194,UKN,Northern Ireland,2017,typ,metabolic typology,no unit,LVK
7195,UKN,Northern Ireland,2017,urb_typ,urban typology,no unit,
7196,UKN,Northern Ireland,2018,typ,metabolic typology,no unit,LVK
7197,UKN,Northern Ireland,2018,urb_typ,urban typology,no unit,
7198,UKN,Northern Ireland,2019,typ,metabolic typology,no unit,LVK
7199,UKN,Northern Ireland,2019,urb_typ,urban typology,no unit,
